/*--------------------------------*- C++ -*----------------------------------*  =========                 |
  \      /  F ield         | OpenFOAM: The Open Source CFD Toolbox
   \    /   O peration     | Website:  https://openfoam.org
    \  /    A nd           | Version:  12
     \/     M anipulation  |
\*---------------------------------------------------------------------------*/
FoamFile
{
    format      ascii;
    class       volVectorField;
    location    "1000";
    object      U;
}
// * * * * * * * * * * * * * * * * * * * * * * * * * * * * * * * * * * * * * //

dimensions      [0 1 -1 0 0 0 0];

internalField   nonuniform List<vector> 
8869
(
(1.0004463195800781 -0.0003908828366547823 0.0)
(0.9999369382858276 -0.0001147847215179354 0.0)
(0.9999376535415649 -1.3299693819135427e-05 0.0)
(1.0002882480621338 -0.0002179728908231482 0.0)
(0.9998468160629272 -0.00014474855561275035 0.0)
(1.0000349283218384 -0.0004961174563504755 0.0)
(0.9998654127120972 -0.000196422595763579 0.0)
(0.9999991059303284 -0.0007413175189867616 0.0)
(0.9999353289604187 -0.00033230174449272454 0.0)
(1.0001332759857178 -0.000857102160807699 0.0)
(0.9997531175613403 -0.0005758767365477979 0.0)
(1.0001038312911987 -0.0009599147597327828 0.0)
(0.9995607137680054 -0.000688630563672632 0.0)
(1.0001994371414185 -0.0008953517535701394 0.0)
(0.9997326731681824 -0.0007724618772044778 0.0)
(1.0002251863479614 -0.0009495120029896498 0.0)
(0.999410092830658 -0.0006982182967476547 0.0)
(1.0001909732818604 -0.0011316086165606976 0.0)
(0.9993569254875183 -0.0007492009899578989 0.0)
(1.0003039836883545 -0.001178931095637381 0.0)
(0.999697744846344 -0.0004966501728631556 0.0)
(1.0002344846725464 -0.0013827600050717592 0.0)
(0.9993500113487244 -0.0005836771451868117 0.0)
(1.000223994255066 -0.0014839868526905775 0.0)
(0.9991771578788757 -0.0005564016755670309 0.0)
(1.0000245571136475 -0.0013647603336721659 0.0)
(0.9999744892120361 -0.0003309112216811627 0.0)
(0.9998711943626404 -0.0012978718150407076 0.0)
(0.9996764063835144 -0.00043233498581685126 0.0)
(0.9998975396156311 -0.0012387323658913374 0.0)
(1.0000596046447754 -0.0005915828514844179 0.0)
(0.9998860955238342 -0.0009955486748367548 0.0)
(0.9998041391372681 -0.0005000972887501121 0.0)
(0.9996178150177002 -0.0007471215794794261 0.0)
(1.0001142024993896 -0.00031408798531629145 0.0)
(0.9996387362480164 -0.0007222939748317003 0.0)
(0.9998802542686462 -0.0002605188055895269 0.0)
(0.9997110962867737 -0.0004851252888329327 0.0)
(1.0001614093780518 -0.0002103883889503777 0.0)
(0.9997701048851013 -0.00015500656445510685 0.0)
(0.999797523021698 1.816096482798457e-05 0.0)
(0.9996286630630493 6.500125164166093e-05 0.0)
(1.0001310110092163 0.00031147425761446357 0.0)
(0.9997208118438721 0.00010029930854216218 0.0)
(1.0000145435333252 0.0002917500678449869 0.0)
(0.999678373336792 0.000415245711337775 0.0)
(1.0000139474868774 0.0002749107079580426 0.0)
(0.999678373336792 0.0007027244428172708 0.0)
(1.0000567436218262 0.00022204621927812696 0.0)
(0.9997826814651489 0.0007051524589769542 0.0)
(0.9998178482055664 0.00042231875704601407 0.0)
(0.9997780323028564 0.0008860312518663704 0.0)
(0.999870777130127 0.0005300651537254453 0.0)
(0.9998763799667358 0.0011068673338741064 0.0)
(0.999427855014801 0.0006292929756455123 0.0)
(0.9999051690101624 0.001158623257651925 0.0)
(0.9998487234115601 0.000507635239046067 0.0)
(0.9997769594192505 0.000978968571871519 0.0)
(0.9998663067817688 0.00046531803673133254 0.0)
(0.9997225403785706 0.0009598957258276641 0.0)
(0.9999266862869263 0.00041507231071591377 0.0)
(0.9997185468673706 0.0009465967887081206 0.0)
(1.000078797340393 0.0002680331817828119 0.0)
(0.9997767210006714 0.0011480939574539661 0.0)
(1.000290870666504 0.0001865311642177403 0.0)
(0.9999759793281555 0.0008760124328546226 0.0)
(1.0002628564834595 0.00016143065295182168 0.0)
(0.9998205900192261 0.0006852028891444206 0.0)
(1.0001550912857056 0.0001445289235562086 0.0)
(0.9997078776359558 0.0007089627324603498 0.0)
(0.9999980330467224 9.556184522807598e-05 0.0)
(0.999703586101532 0.000525629089679569 0.0)
(1.0000317096710205 7.946888217702508e-05 0.0)
(0.9996058344841003 0.00027355464408174157 0.0)
(0.999948263168335 6.557063898071647e-05 0.0)
(0.999693751335144 0.00018109648954123259 0.0)
(0.9999274015426636 0.00014140523853711784 0.0)
(1.0004634857177734 0.000111915054731071 0.0)
(0.9998932480812073 0.0001847910461947322 0.0)
(1.0002658367156982 -3.082178591284901e-05 0.0)
(1.0015709400177002 -0.00019009274546988308 0.0)
(1.0034595727920532 -0.0006220940267667174 0.0)
(1.0068036317825317 -0.00044574891217052937 0.0)
(1.0109233856201172 -0.0006005342584103346 0.0)
(1.016554832458496 -0.0006664936663582921 0.0)
(1.0217660665512085 -0.0007639781688340008 0.0)
(1.0305432081222534 -0.000927631335798651 0.0)
(1.037084698677063 -0.001047519501298666 0.0)
(1.0436835289001465 -0.0011055400827899575 0.0)
(1.0498744249343872 -0.000782121904194355 0.0)
(1.055587649345398 -0.0008576334803365171 0.0)
(1.058318018913269 -0.000495370477437973 0.0)
(1.0611523389816284 -0.00015409482875838876 0.0)
(1.0611344575881958 2.390824374742806e-05 0.0)
(1.0594905614852905 0.00034535746090114117 0.0)
(1.0557992458343506 0.0005836042109876871 0.0)
(1.0512933731079102 0.0006122866179794073 0.0)
(1.0484366416931152 0.0004991755704395473 0.0)
(1.043425440788269 0.00033386930590495467 0.0)
(1.0395586490631104 0.0005867687286809087 0.0)
(1.0360450744628906 0.000526673742569983 0.0)
(1.0309081077575684 0.000577532802708447 0.0)
(1.0265672206878662 0.0005104066804051399 0.0)
(1.0223596096038818 0.0007689189515076578 0.0)
(1.0009174346923828 0.00025119574274867773 0.0)
(0.9997780323028564 0.00020493887132033706 0.0)
(1.0013148784637451 0.00025411241222172976 0.0)
(1.0003581047058105 0.00028009945526719093 0.0)
(1.0018576383590698 0.00032398186158388853 0.0)
(1.001221776008606 0.0004348853835836053 0.0)
(1.0026891231536865 0.0005025390419177711 0.0)
(1.0020384788513184 0.00042706012027338147 0.0)
(1.0036165714263916 0.0005286503583192825 0.0)
(1.0030272006988525 0.0005288497195579112 0.0)
(1.005164384841919 0.0006541129550896585 0.0)
(1.0039305686950684 0.0006049289950169623 0.0)
(1.0064785480499268 0.0007585230632685125 0.0)
(1.0058341026306152 0.0007760105072520673 0.0)
(1.0080864429473877 0.0009474212420172989 0.0)
(1.0081830024719238 0.0009862864390015602 0.0)
(1.00980544090271 0.0008757934556342661 0.0)
(1.0101728439331055 0.0011083409190177917 0.0)
(1.0125972032546997 0.0008997164550237358 0.0)
(1.012416124343872 0.0010372668039053679 0.0)
(1.0155739784240723 0.0012554132845252752 0.0)
(1.0150651931762695 0.0012697442434728146 0.0)
(1.018967628479004 0.0013570089358836412 0.0)
(1.0177476406097412 0.0012616333551704884 0.0)
(1.0220292806625366 0.0013145976699888706 0.0)
(1.0205485820770264 0.0013789827935397625 0.0)
(1.0254138708114624 0.001478460617363453 0.0)
(1.0235801935195923 0.0013372458051890135 0.0)
(1.0294482707977295 0.001963525777682662 0.0)
(1.0266653299331665 0.001229219138622284 0.0)
(1.0333137512207031 0.001701966393738985 0.0)
(1.0310978889465332 0.001494180178269744 0.0)
(1.0368345975875854 0.001160177867859602 0.0)
(1.0347479581832886 0.0013446260709315538 0.0)
(1.0391696691513062 0.0011393313761800528 0.0)
(1.0382899045944214 0.001117429230362177 0.0)
(1.042996883392334 0.0013328429777175188 0.0)
(1.0413610935211182 0.001333044609054923 0.0)
(1.04604172706604 0.0014500303659588099 0.0)
(1.0445102453231812 0.001040747156366706 0.0)
(1.0490344762802124 0.0014081252738833427 0.0)
(1.0475692749023438 0.0010385338682681322 0.0)
(1.0515884160995483 0.0014794229064136744 0.0)
(1.0509517192840576 0.0005972840590402484 0.0)
(1.053504228591919 0.0009891616646200418 0.0)
(1.0535743236541748 0.0006211709114722908 0.0)
(1.0554640293121338 0.0007443439099006355 0.0)
(1.0554044246673584 0.0007754946709610522 0.0)
(1.0572959184646606 0.00041894445894286036 0.0)
(1.0576198101043701 0.0008127721375785768 0.0)
(1.0586315393447876 0.00037570938002318144 0.0)
(1.0587111711502075 0.0005630754167214036 0.0)
(1.0593146085739136 8.762790821492672e-05 0.0)
(1.059506893157959 0.0003097044536843896 0.0)
(1.0588629245758057 -0.00010683646542020142 0.0)
(1.0596404075622559 3.2579846447333694e-05 0.0)
(1.0574111938476562 -0.0002730073465500027 0.0)
(1.0590460300445557 -0.0002880124084185809 0.0)
(1.056548833847046 -0.0005512700299732387 0.0)
(1.0581609010696411 -0.0005219671293161809 0.0)
(1.0562732219696045 -0.0007497178157791495 0.0)
(1.0571389198303223 -0.0004651111376006156 0.0)
(1.055496335029602 -0.0007541495142504573 0.0)
(1.057129979133606 -0.0004762469616252929 0.0)
(1.0524282455444336 -0.0004565404378809035 0.0)
(1.055849552154541 -0.0008031086181290448 0.0)
(1.0506186485290527 -0.0009419838897883892 0.0)
(1.0538157224655151 -0.0006706849671900272 0.0)
(1.0499842166900635 -0.0008803653181530535 0.0)
(1.0519112348556519 -0.0005953998770564795 0.0)
(1.0482177734375 -0.000910653849132359 0.0)
(1.04888916015625 -0.0007263735169544816 0.0)
(1.046154499053955 -0.0007263585575856268 0.0)
(1.045546293258667 -0.0007793672848492861 0.0)
(1.0442677736282349 -0.0008765988750383258 0.0)
(1.0454986095428467 -0.0007516560726799071 0.0)
(1.0426325798034668 -0.0012548803351819515 0.0)
(1.0431218147277832 -0.0007347647333517671 0.0)
(1.0400710105895996 -0.0013831369578838348 0.0)
(1.0407776832580566 -0.0005902268458157778 0.0)
(1.0376781225204468 -0.0010336334817111492 0.0)
(1.0390619039535522 -0.00041835170122794807 0.0)
(1.0355982780456543 -0.0007065711542963982 0.0)
(1.0369553565979004 -0.0005983745795674622 0.0)
(1.0344727039337158 -0.0006519132293760777 0.0)
(1.035838007926941 -0.0009116567089222372 0.0)
(1.0335866212844849 -0.0007019182667136192 0.0)
(1.0343395471572876 -0.0008791970903985202 0.0)
(1.0314528942108154 -0.0006540279136970639 0.0)
(1.0328099727630615 -0.0010340935550630093 0.0)
(1.0284241437911987 -0.0006526223733089864 0.0)
(1.029610514640808 -0.000891450559720397 0.0)
(1.0261499881744385 -0.0004573179467115551 0.0)
(1.0283784866333008 -0.0007938879425637424 0.0)
(1.0249290466308594 -0.0008333310252055526 0.0)
(1.0260406732559204 -0.0008336678729392588 0.0)
(1.0236313343048096 -0.0014373825397342443 0.0)
(1.0232561826705933 0.0029146969318389893 0.0)
(1.024055004119873 0.004606103990226984 0.0)
(1.0255908966064453 0.008649026975035667 0.0)
(1.0279786586761475 0.011399412527680397 0.0)
(1.0325900316238403 0.013466767966747284 0.0)
(1.034949541091919 0.01561207789927721 0.0)
(1.0379575490951538 0.016058580949902534 0.0)
(1.0339090824127197 0.014463353902101517 0.0)
(0.8882856965065002 0.012172097340226173 0.0)
(0.7667883038520813 0.0014644304756075144 0.0)
(0.8375169038772583 -0.010138786397874355 0.0)
(1.0206304788589478 -0.016137678176164627 0.0)
(1.0409704446792603 -0.015897857025265694 0.0)
(1.0392348766326904 -0.015771789476275444 0.0)
(1.0353567600250244 -0.01465323381125927 0.0)
(1.0315738916397095 -0.013110513798892498 0.0)
(1.0277007818222046 -0.009426236152648926 0.0)
(1.0261600017547607 -0.006758642848581076 0.0)
(1.0247244834899902 -0.003925615921616554 0.0)
(0.035741567611694336 -0.0022686892189085484 0.0)
(0.049172282218933105 -0.004489296581596136 0.0)
(0.060852229595184326 -0.007980231195688248 0.0)
(0.07068806886672974 -0.012591788545250893 0.0)
(0.09573274850845337 -0.021047119051218033 0.0)
(0.10803759098052979 -0.031599920243024826 0.0)
(0.14159494638442993 -0.05344347655773163 0.0)
(0.16282397508621216 -0.07763215899467468 0.0)
(0.1816948652267456 -0.11289676278829575 0.0)
(0.19365447759628296 -0.15048925578594208 0.0)
(0.18584322929382324 -0.1883295476436615 0.0)
(0.16090774536132812 -0.22143982350826263 0.0)
(0.12875771522521973 -0.22891493141651154 0.0)
(0.08258861303329468 -0.2109098732471466 0.0)
(0.04485088586807251 -0.1672741174697876 0.0)
(0.02117753028869629 -0.12331386655569077 0.0)
(0.008784115314483643 -0.08618301898241043 0.0)
(0.0032714009284973145 -0.0527331717312336 0.0)
(0.0006049275398254395 -0.02355124242603779 0.0)
(0.0022611021995544434 0.0011618139687925577 0.0)
(0.004857778549194336 0.01864423230290413 0.0)
(0.008721351623535156 0.03929866477847099 0.0)
(0.012958347797393799 0.06362811475992203 0.0)
(0.019071877002716064 0.08674772828817368 0.0)
(0.02958965301513672 0.11987052857875824 0.0)
(0.04424947500228882 0.1424696445465088 0.0)
(0.0673898458480835 0.15357379615306854 0.0)
(0.10758692026138306 0.21288011968135834 0.0)
(0.14084887504577637 0.21090593934059143 0.0)
(0.16750866174697876 0.21026848256587982 0.0)
(0.18729418516159058 0.20366470515727997 0.0)
(0.19842511415481567 0.18669934570789337 0.0)
(0.20133256912231445 0.14508096873760223 0.0)
(0.194780170917511 0.12172585725784302 0.0)
(0.18379837274551392 0.10088812559843063 0.0)
(0.15576905012130737 0.0640188530087471 0.0)
(0.12065094709396362 0.036833565682172775 0.0)
(0.09292858839035034 0.020943086594343185 0.0)
(0.06907659769058228 0.011158539913594723 0.0)
(0.05403321981430054 0.006417926866561174 0.0)
(0.03759258985519409 0.0031719726976007223 0.0)
(0.02778160572052002 0.0012273069005459547 0.0)
(0.020361363887786865 0.0005415359628386796 0.0)
(0.01693958044052124 0.00014380822540260851 0.0)
(0.012546658515930176 -0.0007366318022832274 0.0)
(0.0046419501304626465 -0.00047018248005770147 0.0)
(-0.0007888674736022949 -6.237317575141788e-05 0.0)
(-0.004324734210968018 0.0014367252588272095 0.0)
(-0.0060127973556518555 0.0023292829282581806 0.0)
(-0.0074912309646606445 0.003684271825477481 0.0)
(-0.00748056173324585 0.005622961558401585 0.0)
(-0.006862640380859375 0.006538082379847765 0.0)
(-0.007690131664276123 0.007629774510860443 0.0)
(-0.004881143569946289 0.008458074182271957 0.0)
(-0.00511622428894043 0.008042564615607262 0.0)
(-0.0030063390731811523 0.007579224184155464 0.0)
(-0.0025445222854614258 0.006424410734325647 0.0)
(-0.0015175342559814453 0.005737856961786747 0.0)
(-0.002770662307739258 0.004855467937886715 0.0)
(-0.0021381378173828125 0.0032387617975473404 0.0)
(-0.0035320520401000977 0.0011606772895902395 0.0)
(-0.003414154052734375 0.0003764296416193247 0.0)
(-0.0015569329261779785 -0.0035904827527701855 0.0)
(-0.0023970603942871094 -0.004097011871635914 0.0)
(-0.0020751953125 -0.0056726024486124516 0.0)
(-0.0026172995567321777 -0.007865210995078087 0.0)
(-0.003610074520111084 -0.008504915051162243 0.0)
(-0.0037751197814941406 -0.00841338187456131 0.0)
(-0.005158364772796631 -0.008231060579419136 0.0)
(-0.007083475589752197 -0.007466861046850681 0.0)
(-0.007966101169586182 -0.006234222557395697 0.0)
(-0.0055027008056640625 -0.006174626760184765 0.0)
(-0.005905210971832275 -0.003760077292099595 0.0)
(-0.005870699882507324 -0.0027972168754786253 0.0)
(-0.0015944242477416992 -0.0014725725632160902 0.0)
(-0.0005657076835632324 -0.0009670799481682479 0.0)
(0.0003248453140258789 0.00042839563684538007 0.0)
(0.008151590824127197 0.0011720750480890274 0.0)
(0.01432657241821289 0.0010929233394563198 0.0)
(0.016228914260864258 0.0005313082947395742 0.0)
(0.024527370929718018 -0.0003943752381019294 0.0)
(0.030480623245239258 -0.000928258232306689 0.0)
(0.061804354190826416 -0.0016484118532389402 0.0)
(0.07340407371520996 -0.0037498874589800835 0.0)
(1.0227512121200562 0.001207859255373478 0.0)
(1.0010085105895996 4.018502659164369e-05 0.0)
(1.00229012966156 -0.0005558328703045845 0.0)
(1.0050275325775146 -0.0005634665139950812 0.0)
(1.0079100131988525 -0.00029827459366060793 0.0)
(1.0139933824539185 -0.0008266227087005973 0.0)
(1.0195822715759277 -0.0008130579371936619 0.0)
(1.0263195037841797 -0.0008656926220282912 0.0)
(1.0331785678863525 -0.0008836890337988734 0.0)
(1.0404654741287231 -0.0010833381675183773 0.0)
(1.0475823879241943 -0.0010293790837749839 0.0)
(1.0521743297576904 -0.0007850279798731208 0.0)
(1.057043433189392 -0.000716084148734808 0.0)
(1.0597809553146362 -0.00022912316489964724 0.0)
(1.061734676361084 -5.6193777709268034e-05 0.0)
(1.0603735446929932 0.0002141134173143655 0.0)
(1.0565341711044312 0.000103464670246467 0.0)
(1.0534008741378784 0.0006769205210730433 0.0)
(1.04987370967865 0.0004682898288592696 0.0)
(1.0470502376556396 0.0004817190347239375 0.0)
(1.041670322418213 0.00046850310172885656 0.0)
(1.037496566772461 0.0006464999751187861 0.0)
(1.0323855876922607 0.0005107294418849051 0.0)
(1.0292609930038452 0.0005819249781779945 0.0)
(1.0014197826385498 -0.0005226779030635953 0.0)
(1.0246134996414185 3.573085996322334e-05 0.0)
(1.0004079341888428 -0.00027537322603166103 0.0)
(1.0252964496612549 -0.0013562068343162537 0.0)
(1.023780345916748 0.0033280476927757263 0.0)
(1.024914026260376 0.006664880085736513 0.0)
(1.0265849828720093 0.010494612157344818 0.0)
(1.0301350355148315 0.012338494881987572 0.0)
(1.0335127115249634 0.014451639726758003 0.0)
(1.0367292165756226 0.01629244163632393 0.0)
(1.0390452146530151 0.016292449086904526 0.0)
(0.9836674332618713 0.015390590764582157 0.0)
(0.8091931939125061 0.008367946371436119 0.0)
(0.7767048478126526 -0.004477564711123705 0.0)
(0.9500054121017456 -0.013619677163660526 0.0)
(1.0381708145141602 -0.015456745401024818 0.0)
(1.0406535863876343 -0.015875007957220078 0.0)
(1.03719162940979 -0.015266736969351768 0.0)
(1.0335980653762817 -0.013989562168717384 0.0)
(1.0291634798049927 -0.01131371408700943 0.0)
(1.0267060995101929 -0.008306561969220638 0.0)
(1.0252430438995361 -0.005003388039767742 0.0)
(1.0235389471054077 -0.0027933726087212563 0.0)
(1.0247324705123901 -0.0020205772016197443 0.0)
(0.0395776629447937 -0.0030251825228333473 0.0)
(0.0602303147315979 -0.0065818303264677525 0.0)
(0.05853456258773804 -0.008737628348171711 0.0)
(0.08332324028015137 -0.015926819294691086 0.0)
(0.10518568754196167 -0.026912201195955276 0.0)
(0.12183469533920288 -0.039926979690790176 0.0)
(0.15586620569229126 -0.06460192799568176 0.0)
(0.17113572359085083 -0.09646768122911453 0.0)
(0.1849777102470398 -0.13048896193504333 0.0)
(0.18597817420959473 -0.16989587247371674 0.0)
(0.17342901229858398 -0.20588268339633942 0.0)
(0.14572715759277344 -0.22861696779727936 0.0)
(0.10581058263778687 -0.22375909984111786 0.0)
(0.06386160850524902 -0.19282743334770203 0.0)
(0.031170666217803955 -0.14638347923755646 0.0)
(0.012473344802856445 -0.10366488248109818 0.0)
(0.004609107971191406 -0.06783222407102585 0.0)
(0.0005133152008056641 -0.03738487884402275 0.0)
(0.0010099411010742188 -0.011197359301149845 0.0)
(0.00412827730178833 0.011160720139741898 0.0)
(0.006560802459716797 0.026985688135027885 0.0)
(0.011105656623840332 0.05150490254163742 0.0)
(0.014065861701965332 0.07491601258516312 0.0)
(0.02428048849105835 0.09932785481214523 0.0)
(0.036854684352874756 0.1322251409292221 0.0)
(0.052819132804870605 0.15271776914596558 0.0)
(0.09178018569946289 0.20888520777225494 0.0)
(0.12477803230285645 0.21718411147594452 0.0)
(0.2724161744117737 0.3702293336391449 0.0)
(0.3214714527130127 0.3670957386493683 0.0)
(0.3420560359954834 0.3427127003669739 0.0)
(0.2014925479888916 0.1673259288072586 0.0)
(0.35903200507164 0.23653022944927216 0.0)
(0.3488650918006897 0.2022702395915985 0.0)
(0.17594921588897705 0.08194641768932343 0.0)
(0.1365196704864502 0.047306593507528305 0.0)
(0.2496938705444336 0.08030027896165848 0.0)
(0.10544323921203613 0.02854767069220543 0.0)
(0.0810462236404419 0.01575617864727974 0.0)
(0.0628204345703125 0.008703168481588364 0.0)
(0.04319334030151367 0.004422301426529884 0.0)
(0.03295522928237915 0.0020544847939163446 0.0)
(0.025323569774627686 0.0009575393632985651 0.0)
(0.018200993537902832 0.0002838007058016956 0.0)
(0.015723824501037598 -0.0004958784556947649 0.0)
(0.009894609451293945 -0.000768935598898679 0.0)
(0.0014789700508117676 -0.00024688843404874206 0.0)
(-0.0018102526664733887 0.0007364710909314454 0.0)
(-0.006681978702545166 0.0036453299690037966 0.0)
(-0.0056618452072143555 0.0032115334179252386 0.0)
(-0.007823348045349121 0.004960913676768541 0.0)
(-0.008514225482940674 0.009494432248175144 0.0)
(-0.010332047939300537 0.01293950155377388 0.0)
(-0.0071637630462646484 0.006982735358178616 0.0)
(-0.005633175373077393 0.007649775594472885 0.0)
(-0.005060136318206787 0.008227651007473469 0.0)
(-0.003912210464477539 0.007915525697171688 0.0)
(-0.003155231475830078 0.007595906034111977 0.0)
(-0.0013113021850585938 0.00606476329267025 0.0)
(-0.001207113265991211 0.005331837106496096 0.0)
(-0.004051029682159424 0.003877736860886216 0.0)
(-0.0034332275390625 0.002177581889554858 0.0)
(-0.0019124150276184082 0.0006708833971060812 0.0)
(-0.0026835203170776367 -0.0007301368750631809 0.0)
(-0.0014174580574035645 -0.0024583442136645317 0.0)
(-0.0017368793487548828 -0.004133955575525761 0.0)
(-0.0029023289680480957 -0.004688795655965805 0.0)
(-0.002545297145843506 -0.006652729120105505 0.0)
(-0.0022956132888793945 -0.007575372699648142 0.0)
(-0.0027556419372558594 -0.009177220053970814 0.0)
(-0.005597531795501709 -0.008634679950773716 0.0)
(-0.008693993091583252 -0.014209916815161705 0.0)
(-0.010010480880737305 -0.011991169303655624 0.0)
(-0.01329880952835083 -0.009621636942029 0.0)
(-0.008867442607879639 -0.007297552190721035 0.0)
(-0.007084906101226807 -0.004562755580991507 0.0)
(-0.006000638008117676 -0.0032471322920173407 0.0)
(-0.0052681565284729 -0.0015363837592303753 0.0)
(-0.0023027658462524414 -0.0013512461446225643 0.0)
(2.2530555725097656e-05 -0.0005353277083486319 0.0)
(0.0031366944313049316 0.0007222628337331116 0.0)
(0.011019885540008545 0.0012233690358698368 0.0)
(0.014691948890686035 0.0008383110980503261 0.0)
(0.019427180290222168 5.008582957088947e-05 0.0)
(1.0060820579528809 -0.0009993936400860548 0.0)
(1.0003447532653809 3.0597293516620994e-05 0.0)
(1.0046969652175903 -0.0009119198657572269 0.0)
(1.0079913139343262 -0.001209554262459278 0.0)
(1.0129121541976929 -0.0018413686193525791 0.0)
(1.0185426473617554 -0.00186195969581604 0.0)
(1.0245227813720703 -0.0022911422420293093 0.0)
(1.0318481922149658 -0.0023624540772289038 0.0)
(1.0390191078186035 -0.0021279852371662855 0.0)
(1.0465612411499023 -0.0019068217370659113 0.0)
(1.0514553785324097 -0.0015125246718525887 0.0)
(1.056776523590088 -0.0010112047893926501 0.0)
(1.0589251518249512 -0.0006841953145340085 0.0)
(1.0614920854568481 1.2580538168549538e-05 0.0)
(1.0608270168304443 0.000706824182998389 0.0)
(1.0584443807601929 0.001056913286447525 0.0)
(1.0531893968582153 0.0010959210339933634 0.0)
(1.050148606300354 0.0009058329160325229 0.0)
(1.0473850965499878 0.0011290442198514938 0.0)
(1.0434752702713013 0.0012177571188658476 0.0)
(1.0391045808792114 0.001407024683430791 0.0)
(1.0338801145553589 0.0010776857379823923 0.0)
(1.0301077365875244 0.0010662758722901344 0.0)
(1.0263649225234985 0.0007511089206673205 0.0)
(1.0269893407821655 0.008862102404236794 0.0)
(1.0302363634109497 0.011609375476837158 0.0)
(1.032568097114563 0.013757850974798203 0.0)
(1.0356618165969849 0.015404178760945797 0.0)
(1.0388294458389282 0.01612951047718525 0.0)
(1.0219630002975464 0.014530155807733536 0.0)
(0.8420775532722473 0.011377640999853611 0.0)
(0.7552998661994934 -0.0007335481932386756 0.0)
(0.8850887417793274 -0.013304312713444233 0.0)
(1.0265979766845703 -0.015516368672251701 0.0)
(1.0408389568328857 -0.015537315979599953 0.0)
(1.038414478302002 -0.015461216680705547 0.0)
(1.0360336303710938 -0.014385972172021866 0.0)
(1.0317654609680176 -0.011833162046968937 0.0)
(1.0290554761886597 -0.008806283585727215 0.0)
(1.026410698890686 -0.005935199558734894 0.0)
(1.0248644351959229 -0.0031205147970467806 0.0)
(0.081260085105896 -0.004712795373052359 0.0)
(0.11841291189193726 -0.012539670802652836 0.0)
(0.12962186336517334 -0.018330808728933334 0.0)
(0.15482336282730103 -0.029197627678513527 0.0)
(0.2021847367286682 -0.04876815155148506 0.0)
(0.22708243131637573 -0.0713353082537651 0.0)
(0.285988450050354 -0.11127857118844986 0.0)
(0.3206533193588257 -0.16217420995235443 0.0)
(0.3432908058166504 -0.22447064518928528 0.0)
(0.3469140827655792 -0.2836785316467285 0.0)
(0.32798606157302856 -0.3473196029663086 0.0)
(0.2763756513595581 -0.39073970913887024 0.0)
(0.203652024269104 -0.38746699690818787 0.0)
(0.1316714882850647 -0.3477945029735565 0.0)
(0.07163161039352417 -0.27491891384124756 0.0)
(0.031438350677490234 -0.19726377725601196 0.0)
(0.014406859874725342 -0.1355966478586197 0.0)
(0.007968306541442871 -0.08073099702596664 0.0)
(0.006143927574157715 -0.029983125627040863 0.0)
(0.008260250091552734 0.011995314620435238 0.0)
(0.01190882921218872 0.04264330118894577 0.0)
(0.017740249633789062 0.07965032011270523 0.0)
(0.029304206371307373 0.12314990162849426 0.0)
(0.04317796230316162 0.16828423738479614 0.0)
(0.06287282705307007 0.22485332190990448 0.0)
(0.08714580535888672 0.2615269124507904 0.0)
(0.14334708452224731 0.3248695135116577 0.0)
(0.21574127674102783 0.37860843539237976 0.0)
(0.360260546207428 0.3118797242641449 0.0)
(0.33522310853004456 0.16657030582427979 0.0)
(0.2776029706001282 0.10332294553518295 0.0)
(0.22530168294906616 0.06424745172262192 0.0)
(0.17617768049240112 0.037125762552022934 0.0)
(0.13713061809539795 0.022640405222773552 0.0)
(0.10236269235610962 0.011516801081597805 0.0)
(0.0820387601852417 0.005227735731750727 0.0)
(0.058662354946136475 0.002045823261141777 0.0)
(0.04866218566894531 0.000762656272854656 0.0)
(0.039596498012542725 -7.374255801551044e-05 0.0)
(0.02588963508605957 -0.0017894695047289133 0.0)
(0.012669265270233154 -0.0005741582717746496 0.0)
(0.001326918601989746 0.0004532283637672663 0.0)
(-0.008111178874969482 0.0049490961246192455 0.0)
(-0.011927783489227295 0.007602769881486893 0.0)
(-0.009488046169281006 0.013786904513835907 0.0)
(-0.012044787406921387 0.010529015213251114 0.0)
(-0.008819162845611572 0.014827008359134197 0.0)
(-0.006847977638244629 0.015088214538991451 0.0)
(-0.006455659866333008 0.015162073075771332 0.0)
(-0.00537949800491333 0.013248187489807606 0.0)
(-0.004451930522918701 0.011066198348999023 0.0)
(-0.002840876579284668 0.009101735427975655 0.0)
(-0.002053558826446533 0.005491380114108324 0.0)
(-0.001971602439880371 0.002137268427759409 0.0)
(-0.0008513331413269043 -0.0001485127431806177 0.0)
(-0.00118255615234375 -0.005709977820515633 0.0)
(-0.0025243759155273438 -0.008733412250876427 0.0)
(-0.0035734176635742188 -0.01198145654052496 0.0)
(-0.0035941004753112793 -0.014410010538995266 0.0)
(-0.006292998790740967 -0.016769250854849815 0.0)
(-0.006707966327667236 -0.01712147518992424 0.0)
(-0.01251310110092163 -0.009193938225507736 0.0)
(-0.009634256362915039 -0.010330275632441044 0.0)
(-0.010539114475250244 -0.006008930504322052 0.0)
(-0.009774446487426758 -0.003894951194524765 0.0)
(-0.004629075527191162 -0.002277006860822439 0.0)
(0.0030698180198669434 -0.0002161266456823796 0.0)
(0.01225888729095459 0.0012657749466598034 0.0)
(0.02361541986465454 0.0020391575526446104 0.0)
(0.03705108165740967 0.0017527153249830008 0.0)
(0.045465171337127686 0.00016727630281820893 0.0)
(1.0033292770385742 -0.0008958347025327384 0.0)
(1.0099718570709229 -0.0015225615352392197 0.0)
(1.015261173248291 -0.0019693721551448107 0.0)
(1.0214564800262451 -0.0020330895204097033 0.0)
(1.0283242464065552 -0.002383965766057372 0.0)
(1.0352399349212646 -0.0022928714752197266 0.0)
(1.0424555540084839 -0.00202834396623075 0.0)
(1.049210786819458 -0.001537117175757885 0.0)
(1.0537879467010498 -0.0012894379906356335 0.0)
(1.0584555864334106 -0.0008291778503917158 0.0)
(1.0605731010437012 -0.0003545059007592499 0.0)
(1.062206506729126 0.0003510034875944257 0.0)
(1.0618468523025513 0.000737723137717694 0.0)
(1.0552942752838135 0.0013175350613892078 0.0)
(1.0524451732635498 0.0008718129829503596 0.0)
(1.049030065536499 0.0012710131704807281 0.0)
(1.045859694480896 0.0010621920228004456 0.0)
(1.0415871143341064 0.001426604576408863 0.0)
(1.0364491939544678 0.001166702015325427 0.0)
(1.032523512840271 0.001015606801956892 0.0)
(1.0282349586486816 0.0009965018834918737 0.0)
(1.0289844274520874 0.010562960989773273 0.0)
(1.0317736864089966 0.012858017347753048 0.0)
(1.0342016220092773 0.014646902680397034 0.0)
(1.0367279052734375 0.01566535234451294 0.0)
(1.0375546216964722 0.015937315300107002 0.0)
(0.9382404685020447 0.014168040826916695 0.0)
(0.7762834429740906 0.005768698174506426 0.0)
(0.7999523878097534 -0.007397482171654701 0.0)
(0.9946291446685791 -0.014887852594256401 0.0)
(1.0401837825775146 -0.015550477430224419 0.0)
(1.0393656492233276 -0.015376959927380085 0.0)
(1.0370508432388306 -0.015282533131539822 0.0)
(1.0342787504196167 -0.01320573315024376 0.0)
(1.0305216312408447 -0.010524924844503403 0.0)
(1.0273348093032837 -0.007193066645413637 0.0)
(1.0257759094238281 -0.004478576127439737 0.0)
(0.128404438495636 -0.015678690746426582 0.0)
(0.1324504017829895 -0.02296334132552147 0.0)
(0.18041789531707764 -0.03844205662608147 0.0)
(0.22271114587783813 -0.06084435060620308 0.0)
(0.25686216354370117 -0.0884641706943512 0.0)
(0.30753475427627563 -0.13561080396175385 0.0)
(0.33360594511032104 -0.18991981446743011 0.0)
(0.3445450961589813 -0.2533382475376129 0.0)
(0.33674919605255127 -0.31767091155052185 0.0)
(0.299949049949646 -0.3725495934486389 0.0)
(0.23880279064178467 -0.3924771547317505 0.0)
(0.16977578401565552 -0.37427419424057007 0.0)
(0.09893029928207397 -0.3111629784107208 0.0)
(0.049266815185546875 -0.2357475459575653 0.0)
(0.024365723133087158 -0.1669567972421646 0.0)
(0.010240316390991211 -0.10637558996677399 0.0)
(0.0057901740074157715 -0.05401521921157837 0.0)
(0.007201969623565674 -0.009232009761035442 0.0)
(0.009989261627197266 0.029899731278419495 0.0)
(0.014191031455993652 0.05843023210763931 0.0)
(0.024209022521972656 0.10059741139411926 0.0)
(0.034304797649383545 0.14490385353565216 0.0)
(0.05348038673400879 0.19700972735881805 0.0)
(0.07763999700546265 0.24693980813026428 0.0)
(0.10711288452148438 0.2814021408557892 0.0)
(0.18833798170089722 0.3684369623661041 0.0)
(0.24278664588928223 0.37178340554237366 0.0)
(0.09061086177825928 0.007867647334933281 0.0)
(0.07016497850418091 0.003037648741155863 0.0)
(0.05355358123779297 0.0012254940811544657 0.0)
(0.04635077714920044 0.00043535459553822875 0.0)
(0.03280043601989746 -0.0010383122134953737 0.0)
(0.020355224609375 -0.001373274251818657 0.0)
(0.006709098815917969 -2.046360168606043e-05 0.0)
(-0.0019677281379699707 0.0024420658592134714 0.0)
(-0.010704398155212402 0.008146853186190128 0.0)
(-0.006942331790924072 0.015159133821725845 0.0)
(-0.0058557987213134766 0.01460382342338562 0.0)
(-0.005623161792755127 0.014511287212371826 0.0)
(-0.004754245281219482 0.011794849298894405 0.0)
(-0.0048198699951171875 0.01056602131575346 0.0)
(-0.0023117661476135254 0.006632120814174414 0.0)
(-0.00157850980758667 0.0036486040335148573 0.0)
(-0.0019681453704833984 0.0002029295137617737 0.0)
(-0.0030431151390075684 -0.010851535946130753 0.0)
(-0.0037117600440979004 -0.013740809634327888 0.0)
(-0.004060089588165283 -0.015923986211419106 0.0)
(-0.007582485675811768 -0.017209382727742195 0.0)
(-0.007529854774475098 -0.015460535883903503 0.0)
(-0.005877017974853516 -0.0030451067723333836 0.0)
(-0.0006425976753234863 -0.001114890445023775 0.0)
(0.00620424747467041 0.0009457521955482662 0.0)
(0.018257975578308105 0.00171725545078516 0.0)
(0.03128206729888916 0.001788232009857893 0.0)
(0.04007047414779663 0.0007130519370548427 0.0)
(0.05211961269378662 -0.000778212386649102 0.0)
(1.0245290994644165 0.003130443627014756 0.0)
(1.0021435022354126 -0.0006342604756355286 0.0)
(1.0263575315475464 0.00738050090149045 0.0)
(1.024850845336914 0.004328248556703329 0.0)
(1.0258104801177979 0.005917654372751713 0.0)
(0.1014481782913208 -0.008158508688211441 0.0)
(0.12165677547454834 0.017096860334277153 0.0)
(0.15412253141403198 0.02805955521762371 0.0)
(0.36952656507492065 0.277332603931427 0.0)
(0.31517696380615234 0.13578660786151886 0.0)
(0.19912326335906982 0.05052056908607483 0.0)
(-0.010191261768341064 0.006727483123540878 0.0)
(-0.008661866188049316 0.014854080975055695 0.0)
(-0.002101421356201172 -0.006479341071099043 0.0)
(-0.011806666851043701 -0.005231230985373259 0.0)
(-0.010398566722869873 -0.00789912510663271 0.0)
(1.0006842613220215 0.00012097414582967758 0.0)
(1.0043598413467407 -0.001775289885699749 0.0)
(1.0002546310424805 -0.0008978068362921476 0.0)
(1.0002063512802124 -0.001109375967644155 0.0)
(1.0003345012664795 -0.0010953365126624703 0.0)
(1.000256896018982 -0.001453113043680787 0.0)
(1.0003960132598877 -0.0015087672509253025 0.0)
(1.0002939701080322 -0.0016271721106022596 0.0)
(1.0002886056900024 -0.0018064894247800112 0.0)
(1.0002546310424805 -0.0017896287608891726 0.0)
(1.000152349472046 -0.002107251202687621 0.0)
(1.000199556350708 -0.0019192518666386604 0.0)
(1.0003325939178467 -0.002449299907311797 0.0)
(1.000311017036438 -0.002079275669530034 0.0)
(1.0002614259719849 -0.0026615248061716557 0.0)
(0.9999995231628418 -0.002272585639730096 0.0)
(1.0001405477523804 -0.002828323282301426 0.0)
(1.000257968902588 -0.002555529121309519 0.0)
(1.0000972747802734 -0.0029555142391473055 0.0)
(0.9999906420707703 -0.002463702578097582 0.0)
(1.0001440048217773 -0.003065596567466855 0.0)
(0.999851644039154 -0.0022724615409970284 0.0)
(0.9998636841773987 -0.0028879318851977587 0.0)
(0.9999403953552246 -0.002031792188063264 0.0)
(0.9996339678764343 -0.002485906006768346 0.0)
(0.9999285936355591 -0.0018850667402148247 0.0)
(0.9994807243347168 -0.00233826762996614 0.0)
(0.9999890327453613 -0.0015156425070017576 0.0)
(0.9995348453521729 -0.002204880816861987 0.0)
(0.9996398091316223 -0.0011974202934652567 0.0)
(0.9995139241218567 -0.0016894519794732332 0.0)
(0.999481201171875 -0.0008987305336631835 0.0)
(0.999563455581665 -0.0010686974273994565 0.0)
(0.9993256330490112 -0.0005742369685322046 0.0)
(0.9995113015174866 -0.000693998415954411 0.0)
(0.9994157552719116 0.00011749312398023903 0.0)
(0.9990451335906982 -0.0003244968829676509 0.0)
(0.99971604347229 0.00021728180581703782 0.0)
(0.9993643760681152 0.00011798564810305834 0.0)
(0.9995618462562561 0.0005203016335144639 0.0)
(0.9997038245201111 0.0004453841829672456 0.0)
(0.9995850324630737 0.0009271380840800703 0.0)
(0.9995645880699158 0.0010219644755125046 0.0)
(0.999718427658081 0.0016451773699373007 0.0)
(0.9994787573814392 0.0014843186363577843 0.0)
(0.9997949600219727 0.0021285044495016336 0.0)
(0.9994629621505737 0.0018491491209715605 0.0)
(0.9997246265411377 0.002423779806122184 0.0)
(0.9995703101158142 0.002465900033712387 0.0)
(0.9998708963394165 0.0024768218863755465 0.0)
(0.999778151512146 0.0027029511984437704 0.0)
(0.9998027086257935 0.002304894383996725 0.0)
(0.9996978044509888 0.00272433552891016 0.0)
(0.9997277855873108 0.0018608493264764547 0.0)
(0.9997680187225342 0.0025404852349311113 0.0)
(0.9999561905860901 0.0017166659235954285 0.0)
(0.999981164932251 0.0026033807080239058 0.0)
(1.0000379085540771 0.001531063113361597 0.0)
(0.9999598264694214 0.002334146061912179 0.0)
(1.0001779794692993 0.0014765707310289145 0.0)
(1.000043511390686 0.002010432304814458 0.0)
(1.0003890991210938 0.0014659850858151913 0.0)
(1.0002011060714722 0.0017699471209198236 0.0)
(1.0003634691238403 0.0014669185038655996 0.0)
(1.0003435611724854 0.0017324420623481274 0.0)
(1.0001505613327026 0.001317174406722188 0.0)
(1.0001195669174194 0.0016601374372839928 0.0)
(1.0000889301300049 0.0010480813216418028 0.0)
(1.0000603199005127 0.0014374074526131153 0.0)
(1.0001260042190552 0.000846509647089988 0.0)
(1.000108242034912 0.0012568824458867311 0.0)
(1.000198483467102 0.0005459213862195611 0.0)
(1.0000759363174438 0.0007907274994067848 0.0)
(1.0000050067901611 0.00014875674969516695 0.0)
(1.0002387762069702 0.00025109434500336647 0.0)
(1.0001366138458252 0.0004897634498775005 0.0)
(1.0271295309066772 0.00750522967427969 0.0)
(1.0101332664489746 -0.0028462677728384733 0.0)
(1.0081202983856201 -0.0028742733411490917 0.0)
(1.008772850036621 -0.003215041244402528 0.0)
(1.0153015851974487 -0.0033956533297896385 0.0)
(1.0209441184997559 -0.003939842339605093 0.0)
(1.0277230739593506 -0.004297427833080292 0.0)
(1.034902811050415 -0.004413748160004616 0.0)
(1.0425963401794434 -0.004638677462935448 0.0)
(1.0494019985198975 -0.003659526351839304 0.0)
(1.0548323392868042 -0.0026149535551667213 0.0)
(1.0589408874511719 -0.0015840944834053516 0.0)
(1.060166597366333 -0.0007383411284536123 0.0)
(1.0618293285369873 0.0004938661004416645 0.0)
(1.059464931488037 0.0009182083304040134 0.0)
(1.0584142208099365 0.0018972482066601515 0.0)
(1.055071473121643 0.0020611293148249388 0.0)
(1.0510066747665405 0.002156209899112582 0.0)
(1.0446689128875732 0.0025397876743227243 0.0)
(1.040785312652588 0.0025870942045003176 0.0)
(1.036885380744934 0.0020485357381403446 0.0)
(1.0328879356384277 0.0020616112742573023 0.0)
(1.0284926891326904 0.0022111490834504366 0.0)
(1.029372215270996 0.010594061575829983 0.0)
(1.0010452270507812 -0.0010528243146836758 0.0)
(1.0246657133102417 0.001778213307261467 0.0)
(1.0008305311203003 -0.0004871324053965509 0.0)
(1.000693678855896 -0.0008297300082631409 0.0)
(1.0009342432022095 0.0003912995452992618 0.0)
(1.0005431175231934 0.00044205825543031096 0.0)
(1.0015496015548706 0.0005693411221727729 0.0)
(1.0013068914413452 0.0007674972875975072 0.0)
(1.0024031400680542 0.0008136419928632677 0.0)
(1.0020480155944824 0.0010497372131794691 0.0)
(1.0036479234695435 0.0011389302089810371 0.0)
(1.0030159950256348 0.0012181838974356651 0.0)
(1.0050784349441528 0.0013688472099602222 0.0)
(1.0039910078048706 0.0014781532809138298 0.0)
(1.006530523300171 0.0016555313486605883 0.0)
(1.00545334815979 0.0019747328478842974 0.0)
(1.0086767673492432 0.001960309688001871 0.0)
(1.0074142217636108 0.002309936098754406 0.0)
(1.010392665863037 0.002324802102521062 0.0)
(1.0091084241867065 0.0025758370757102966 0.0)
(1.0130462646484375 0.002822775160893798 0.0)
(1.0116662979125977 0.002851181896403432 0.0)
(1.0154471397399902 0.0028709187172353268 0.0)
(1.0143697261810303 0.003264370374381542 0.0)
(1.0181574821472168 0.002890054602175951 0.0)
(1.0170035362243652 0.003473341464996338 0.0)
(1.0212738513946533 0.003083087969571352 0.0)
(1.0198657512664795 0.0035013947635889053 0.0)
(1.0248186588287354 0.0030213037971407175 0.0)
(1.0231856107711792 0.003646827070042491 0.0)
(1.0289099216461182 0.003280390752479434 0.0)
(1.0268290042877197 0.0037897981237620115 0.0)
(1.0331716537475586 0.003320439485833049 0.0)
(1.031711459159851 0.004097261931747198 0.0)
(1.0366811752319336 0.0029013031162321568 0.0)
(1.0345358848571777 0.0038772800471633673 0.0)
(1.0402593612670898 0.0030507552437484264 0.0)
(1.0384798049926758 0.003712896490469575 0.0)
(1.0429232120513916 0.003046283032745123 0.0)
(1.0419464111328125 0.00363100110553205 0.0)
(1.046257495880127 0.0029845668468624353 0.0)
(1.0447229146957397 0.0034695619251579046 0.0)
(1.049084186553955 0.002637362340465188 0.0)
(1.047447681427002 0.0029948423616588116 0.0)
(1.0518059730529785 0.0019688629545271397 0.0)
(1.0504885911941528 0.0021833565551787615 0.0)
(1.0548863410949707 0.0015599296893924475 0.0)
(1.0533586740493774 0.002188710728660226 0.0)
(1.0569452047348022 0.0014784724917262793 0.0)
(1.0557003021240234 0.0021520662121474743 0.0)
(1.0586625337600708 0.0012815601658076048 0.0)
(1.0577346086502075 0.0015024107415229082 0.0)
(1.0598127841949463 0.0006584789953194559 0.0)
(1.0587104558944702 0.0007313051610253751 0.0)
(1.061051607131958 0.0001045413373503834 0.0)
(1.0594807863235474 0.00016034190775826573 0.0)
(1.061102271080017 -0.00033407658338546753 0.0)
(1.0604344606399536 -0.00028878048760816455 0.0)
(1.0604243278503418 -0.0005365326069295406 0.0)
(1.060807466506958 -0.0007293671369552612 0.0)
(1.0585335493087769 -0.000616819248534739 0.0)
(1.059660792350769 -0.0010486252140253782 0.0)
(1.0581958293914795 -0.0009557704324834049 0.0)
(1.0584625005722046 -0.001174361677840352 0.0)
(1.0575778484344482 -0.0015738860238343477 0.0)
(1.0576274394989014 -0.0016387556679546833 0.0)
(1.0555408000946045 -0.0014803549274802208 0.0)
(1.0549964904785156 -0.0016620687674731016 0.0)
(1.0542243719100952 -0.001853768015280366 0.0)
(1.0544383525848389 -0.00206613726913929 0.0)
(1.0511554479599 -0.0018983213230967522 0.0)
(1.0516830682754517 -0.0021710772998631 0.0)
(1.0487189292907715 -0.001775494311004877 0.0)
(1.048993706703186 -0.002227935241535306 0.0)
(1.0469721555709839 -0.0017840685322880745 0.0)
(1.0463793277740479 -0.0020954685751348734 0.0)
(1.0445854663848877 -0.0015816185623407364 0.0)
(1.0447992086410522 -0.00240501225925982 0.0)
(1.0418941974639893 -0.001430582720786333 0.0)
(1.0424269437789917 -0.0020321724005043507 0.0)
(1.0399010181427002 -0.001570418244227767 0.0)
(1.0409419536590576 -0.0018870995845645666 0.0)
(1.0382325649261475 -0.0017698355950415134 0.0)
(1.0389760732650757 -0.0018070137593895197 0.0)
(1.0367298126220703 -0.0016034343279898167 0.0)
(1.0374791622161865 -0.002107414649799466 0.0)
(1.0354564189910889 -0.0017553598154336214 0.0)
(1.0363072156906128 -0.0021261440124362707 0.0)
(1.0337544679641724 -0.0017324723303318024 0.0)
(1.035119652748108 -0.0018553866539150476 0.0)
(1.0311191082000732 -0.001880791736766696 0.0)
(1.0326460599899292 -0.0021632874850183725 0.0)
(1.0298718214035034 -0.0020088471937924623 0.0)
(1.0299363136291504 -0.0016479345504194498 0.0)
(1.0286831855773926 -0.002011353150010109 0.0)
(1.028403401374817 -0.0019055265001952648 0.0)
(1.0263866186141968 -0.0015855052042752504 0.0)
(1.0266590118408203 -0.002065956126898527 0.0)
(1.027802586555481 -0.0020428267307579517 0.0)
(0.23084789514541626 -0.024366019293665886 0.0)
(1.0270650386810303 0.006371166557073593 0.0)
(1.026679277420044 0.007037276867777109 0.0)
(1.0263842344284058 0.0047698915004730225 0.0)
(1.0265127420425415 0.005429546814411879 0.0)
(1.0317506790161133 0.01283438690006733 0.0)
(1.0346667766571045 0.015175127424299717 0.0)
(1.0375977754592896 0.01629864051938057 0.0)
(1.038440465927124 0.015027753077447414 0.0)
(0.9497790336608887 0.014835461042821407 0.0)
(0.7723973989486694 0.005492472089827061 0.0)
(0.7940690517425537 -0.007897122763097286 0.0)
(0.9925301671028137 -0.014881139621138573 0.0)
(1.0394021272659302 -0.015571474097669125 0.0)
(1.0390151739120483 -0.015464424155652523 0.0)
(1.036723017692566 -0.014890443533658981 0.0)
(1.0336509943008423 -0.012818892486393452 0.0)
(1.0314037799835205 -0.010764406993985176 0.0)
(1.0278780460357666 -0.0076456801034510136 0.0)
(1.0268396139144897 -0.00453096441924572 0.0)
(1.0265392065048218 -0.0032853709999471903 0.0)
(1.0273479223251343 -0.0041121370159089565 0.0)
(1.026715874671936 -0.0025338064879179 0.0)
(0.3041929006576538 -0.047575727105140686 0.0)
(0.18931841850280762 -0.014872862957417965 0.0)
(0.27183103561401367 0.04466952756047249 0.0)
(0.28446704149246216 -0.048921067267656326 0.0)
(0.39074456691741943 -0.09195975959300995 0.0)
(0.4296554923057556 -0.11491752415895462 0.0)
(0.44409218430519104 -0.14384236931800842 0.0)
(0.5188143253326416 -0.19335298240184784 0.0)
(0.5750545263290405 -0.2772844135761261 0.0)
(0.6005146503448486 -0.3584677278995514 0.0)
(0.610745370388031 -0.408293753862381 0.0)
(0.5890239477157593 -0.4982878565788269 0.0)
(0.5299196839332581 -0.5695302486419678 0.0)
(0.44424837827682495 -0.6168444156646729 0.0)
(0.32555943727493286 -0.5970245599746704 0.0)
(0.22038817405700684 -0.5263051390647888 0.0)
(0.12890571355819702 -0.4221722185611725 0.0)
(0.07330489158630371 -0.3144571781158447 0.0)
(0.04060184955596924 -0.2163771390914917 0.0)
(0.03043997287750244 -0.17137950658798218 0.0)
(0.022515535354614258 -0.09055570513010025 0.0)
(0.02194666862487793 -0.016229936853051186 0.0)
(0.026953041553497314 0.04601316899061203 0.0)
(0.035625159740448 0.09802401810884476 0.0)
(0.051599323749542236 0.16807176172733307 0.0)
(0.07175296545028687 0.2389151155948639 0.0)
(0.09876561164855957 0.31772613525390625 0.0)
(0.14404559135437012 0.3981325328350067 0.0)
(0.18852204084396362 0.444207102060318 0.0)
(0.2155168652534485 0.47496306896209717 0.0)
(0.30104053020477295 0.5735911130905151 0.0)
(0.34478914737701416 0.5848675966262817 0.0)
(0.5941722989082336 0.5306938886642456 0.0)
(0.21265405416488647 0.02582002803683281 0.0)
(0.44268885254859924 0.5840252041816711 0.0)
(0.5989382266998291 0.2794571816921234 0.0)
(0.6357929110527039 0.4378877282142639 0.0)
(0.5056260824203491 0.18153387308120728 0.0)
(0.4246528744697571 0.12079515308141708 0.0)
(0.46578365564346313 0.14741463959217072 0.0)
(0.601024866104126 0.20645929872989655 0.0)
(0.5532952547073364 0.17193596065044403 0.0)
(0.3787517547607422 0.09413209557533264 0.0)
(-0.009205937385559082 0.009334360249340534 0.0)
(0.3020175099372864 0.05638343468308449 0.0)
(0.36918628215789795 0.0666729137301445 0.0)
(0.6238930821418762 0.48766371607780457 0.0)
(0.7372904419898987 0.5390821695327759 0.0)
(0.2396392822265625 0.03318478912115097 0.0)
(0.2959538698196411 0.04034295678138733 0.0)
(0.3385440707206726 0.0717148557305336 0.0)
(0.45265504717826843 0.10784421116113663 0.0)
(0.40671828389167786 0.08466032147407532 0.0)
(0.16583263874053955 0.013511478900909424 0.0)
(0.12705481052398682 0.005244494881480932 0.0)
(0.10746479034423828 0.0022121472284197807 0.0)
(0.10074514150619507 0.0003041388699784875 0.0)
(0.07199472188949585 -0.000968966749496758 0.0)
(0.04044538736343384 -0.0020779466722160578 0.0)
(0.015229642391204834 0.00037785142194479704 0.0)
(-0.006901144981384277 0.005896111484616995 0.0)
(-0.015075147151947021 0.015695348381996155 0.0)
(-3.254413604736328e-05 0.00438259681686759 0.0)
(0.005176186561584473 0.006102909799665213 0.0)
(-0.012666463851928711 0.025283191353082657 0.0)
(-0.015334725379943848 0.02378605678677559 0.0)
(-0.01074373722076416 0.02728421427309513 0.0)
(-0.012697458267211914 0.016520312055945396 0.0)
(-0.014030635356903076 0.020741866901516914 0.0)
(-0.018566250801086426 0.026843952015042305 0.0)
(-0.012061595916748047 0.026254763826727867 0.0)
(-0.01562809944152832 0.03171057626605034 0.0)
(-0.0037099719047546387 -0.012601437978446484 0.0)
(-0.009576141834259033 0.026726391166448593 0.0)
(-0.008924245834350586 0.025073088705539703 0.0)
(-0.008194327354431152 0.021705439314246178 0.0)
(-0.005227625370025635 0.018107576295733452 0.0)
(-0.0042552947998046875 0.013027068227529526 0.0)
(-0.003640472888946533 0.006165324244648218 0.0)
(-0.0038501620292663574 0.0018312479369342327 0.0)
(-0.004944980144500732 -0.0001881734060589224 0.0)
(-0.0053487420082092285 -0.017097627744078636 0.0)
(-0.0037990808486938477 -0.007849358022212982 0.0)
(-0.004633009433746338 -0.01286773756146431 0.0)
(-0.0049245357513427734 -0.013402503915131092 0.0)
(-0.003968358039855957 -0.01557404175400734 0.0)
(-0.004895567893981934 -0.017808180302381516 0.0)
(-0.008628308773040771 -0.008057906292378902 0.0)
(-0.004872381687164307 -0.024768035858869553 0.0)
(-0.006242215633392334 -0.026988619938492775 0.0)
(-0.007369279861450195 -0.029737235978245735 0.0)
(-0.012258052825927734 -0.02901952713727951 0.0)
(-0.019984900951385498 -0.015461538918316364 0.0)
(-0.0025589466094970703 -0.003872203640639782 0.0)
(-0.01398235559463501 -0.024837085977196693 0.0)
(-0.01754075288772583 -0.01757572963833809 0.0)
(-0.012568235397338867 -0.009583302773535252 0.0)
(-0.009443461894989014 -0.010145759209990501 0.0)
(1.000619888305664 -0.0005035896901972592 0.0)
(-0.00821375846862793 -0.005739430896937847 0.0)
(-0.003576934337615967 -0.0062107727862894535 0.0)
(-0.02023416757583618 -0.012297982349991798 0.0)
(-0.020858347415924072 -0.01618814282119274 0.0)
(-0.016332268714904785 -0.012339663691818714 0.0)
(0.0025011301040649414 -0.0019476946908980608 0.0)
(0.01713883876800537 0.0005924490396864712 0.0)
(0.03820925951004028 0.002297630999237299 0.0)
(0.05085259675979614 0.0029423122759908438 0.0)
(0.08456772565841675 0.002526194090023637 0.0)
(0.10396718978881836 -0.0004723304882645607 0.0)
(0.11430156230926514 -0.001957993023097515 0.0)
(1.002874732017517 -0.0014527766034007072 0.0)
(1.0038013458251953 -0.002359457314014435 0.0)
(1.0247522592544556 0.003032820299267769 0.0)
(1.0270578861236572 0.003496710676699877 0.0)
(1.0058640241622925 -0.002155350986868143 0.0)
(1.0052244663238525 -0.002380447229370475 0.0)
(1.0070141553878784 -0.0026728808879852295 0.0)
(1.0004315376281738 -0.0005826486740261316 0.0)
(0.5586329102516174 0.5711594820022583 0.0)
(0.6760419011116028 0.6314704418182373 0.0)
(0.6244755387306213 0.3306959271430969 0.0)
(0.6385346055030823 0.3851006031036377 0.0)
(0.7512550354003906 0.481138676404953 0.0)
(0.7486023902893066 0.4252087473869324 0.0)
(0.5535545349121094 0.22920142114162445 0.0)
(0.7007412910461426 0.3131411373615265 0.0)
(0.6473331451416016 0.25477129220962524 0.0)
(-0.01617032289505005 0.01265963725745678 0.0)
(-0.014643430709838867 0.012649855576455593 0.0)
(-0.01721876859664917 0.01580074056982994 0.0)
(-0.016064345836639404 0.017281556501984596 0.0)
(-0.014836728572845459 0.01969820261001587 0.0)
(-0.021055877208709717 0.023039190098643303 0.0)
(-0.018116891384124756 -0.02173065021634102 0.0)
(-0.009032905101776123 -0.019647961482405663 0.0)
(-0.01774376630783081 -0.023867100477218628 0.0)
(-0.02213519811630249 -0.02095741219818592 0.0)
(0.2706684470176697 -0.0377487950026989 0.0)
(0.32705605030059814 -0.041074175387620926 0.0)
(0.37895938754081726 -0.05591263622045517 0.0)
(-0.0024009346961975098 -0.004427215550094843 0.0)
(-0.0028624534606933594 -0.004539682529866695 0.0)
(-0.004452347755432129 -0.007923713885247707 0.0)
(1.025291919708252 0.002057130914181471 0.0)
(0.275562584400177 -0.02882472425699234 0.0)
(1.02803373336792 0.009232641197741032 0.0)
(1.000343918800354 -0.0007984563708305359 0.0)
(1.012595295906067 -0.0031147883273661137 0.0)
(1.0182620286941528 -0.003711524186655879 0.0)
(1.023686170578003 -0.0038626084569841623 0.0)
(1.0313889980316162 -0.004400711972266436 0.0)
(1.038995623588562 -0.004510985221713781 0.0)
(1.0463892221450806 -0.004161026328802109 0.0)
(1.0527108907699585 -0.0032898744102567434 0.0)
(1.0567617416381836 -0.0019139808136969805 0.0)
(1.0595643520355225 -0.0011695194989442825 0.0)
(1.0609464645385742 -0.00031990601564757526 0.0)
(1.0604310035705566 0.000647354987449944 0.0)
(1.0590014457702637 0.00135367875918746 0.0)
(1.056486964225769 0.001977493753656745 0.0)
(1.0532490015029907 0.001861792290583253 0.0)
(1.0481984615325928 0.002330521587282419 0.0)
(1.0421473979949951 0.002670419169589877 0.0)
(1.0395898818969727 0.0023217436391860247 0.0)
(1.034709095954895 0.0022842958569526672 0.0)
(1.02998685836792 0.0019402410835027695 0.0)
(1.0295491218566895 0.010247361846268177 0.0)
(1.0262994766235352 0.0021805735304951668 0.0)
(1.0195785760879517 -0.004683332517743111 0.0)
(1.027979850769043 0.008855845779180527 0.0)
(1.0561457872390747 0.0025254611391574144 0.0)
(1.0018566846847534 -0.0012213336303830147 0.0)
(1.0594573020935059 0.0015515852719545364 0.0)
(1.0614646673202515 0.0006394744268618524 0.0)
(1.030490517616272 0.011594239622354507 0.0)
(1.0333694219589233 0.014085996896028519 0.0)
(1.0357246398925781 0.015743203461170197 0.0)
(1.0377143621444702 0.01584615930914879 0.0)
(1.0187510251998901 0.014162369072437286 0.0)
(0.8487133979797363 0.01183674018830061 0.0)
(0.7527586221694946 -0.0009009485365822911 0.0)
(0.885701596736908 -0.01367893721908331 0.0)
(1.0310289859771729 -0.014818125404417515 0.0)
(1.0404748916625977 -0.015502722933888435 0.0)
(1.0380804538726807 -0.015288555063307285 0.0)
(1.0359091758728027 -0.013943316414952278 0.0)
(1.0327253341674805 -0.011903900653123856 0.0)
(1.0290544033050537 -0.009240278974175453 0.0)
(1.0272022485733032 -0.006142036989331245 0.0)
(0.7099503874778748 0.5906816124916077 0.0)
(-0.005580246448516846 -0.00798891857266426 0.0)
(1.0609302520751953 -0.00036870953044854105 0.0)
(0.3062719702720642 -0.048974648118019104 0.0)
(0.3329077363014221 -0.06631562858819962 0.0)
(0.5136803388595581 -0.13503219187259674 0.0)
(0.45787033438682556 -0.13634566962718964 0.0)
(0.5864076614379883 -0.20694097876548767 0.0)
(0.6767096519470215 -0.30972355604171753 0.0)
(0.5472869873046875 -0.23517227172851562 0.0)
(0.5946968197822571 -0.31829988956451416 0.0)
(0.7176247835159302 -0.45116448402404785 0.0)
(0.6012142896652222 -0.4517871141433716 0.0)
(0.6328035593032837 -0.630582869052887 0.0)
(0.5632132291793823 -0.5396797060966492 0.0)
(0.4920900762081146 -0.5987941026687622 0.0)
(0.54486083984375 -0.6854074001312256 0.0)
(0.41206061840057373 -0.6735957860946655 0.0)
(0.38263413310050964 -0.6079422831535339 0.0)
(0.2705657482147217 -0.5621632933616638 0.0)
(0.16826260089874268 -0.4754563570022583 0.0)
(0.09781569242477417 -0.36719247698783875 0.0)
(0.054113805294036865 -0.2632274329662323 0.0)
(0.05120652914047241 -0.21989931166172028 0.0)
(0.026356041431427002 -0.1282883882522583 0.0)
(0.021780669689178467 -0.05200623720884323 0.0)
(0.025896430015563965 0.01929403655230999 0.0)
(0.026985228061676025 0.06699557602405548 0.0)
(0.04328274726867676 0.1314268559217453 0.0)
(0.060130417346954346 0.20339694619178772 0.0)
(0.08215504884719849 0.27575957775115967 0.0)
(0.16262173652648926 0.4318579137325287 0.0)
(0.12153244018554688 0.36139634251594543 0.0)
(0.2185354232788086 0.500311553478241 0.0)
(0.16524380445480347 0.4280340075492859 0.0)
(0.2942342162132263 0.5883322358131409 0.0)
(0.3470711410045624 0.6365674734115601 0.0)
(0.3845481276512146 0.6498558521270752 0.0)
(0.38663628697395325 0.5791055560112 0.0)
(0.485291451215744 0.6641865372657776 0.0)
(0.7359713912010193 0.3703465461730957 0.0)
(1.0592154264450073 -0.0017890466842800379 0.0)
(1.0564545392990112 -0.003116874024271965 0.0)
(1.0519063472747803 -0.0045630913227796555 0.0)
(0.3296731114387512 0.05021771043539047 0.0)
(0.5064650774002075 0.13798080384731293 0.0)
(1.045046329498291 -0.00586507236585021 0.0)
(-0.0046880245208740234 0.008366887457668781 0.0)
(1.0374701023101807 -0.005349066108465195 0.0)
(0.23512357473373413 0.023170795291662216 0.0)
(0.18690115213394165 0.01866070181131363 0.0)
(0.18189752101898193 0.012975758872926235 0.0)
(0.14953237771987915 0.008457845076918602 0.0)
(0.10613685846328735 0.0034656666684895754 0.0)
(0.14621567726135254 0.004022025968879461 0.0)
(0.08267396688461304 -0.0003780535771511495 0.0)
(0.05463302135467529 -0.0021888255141675472 0.0)
(0.07218962907791138 -0.0015473258681595325 0.0)
(0.03558295965194702 -0.00013034205767326057 0.0)
(0.028083205223083496 -0.0016095596365630627 0.0)
(-0.017286717891693115 0.029296865686774254 0.0)
(0.0005013346672058105 0.0019553902093321085 0.0)
(0.011490106582641602 0.0007904410012997687 0.0)
(-0.01603555679321289 0.030767301097512245 0.0)
(1.0302377939224243 -0.0055308216251432896 0.0)
(-0.02012813091278076 0.018979394808411598 0.0)
(-0.017633438110351562 -0.027566442266106606 0.0)
(1.0231976509094238 -0.005377926863729954 0.0)
(-0.009581685066223145 0.026825251057744026 0.0)
(-0.010019481182098389 0.03029007464647293 0.0)
(-0.01009213924407959 0.027073465287685394 0.0)
(-0.008711159229278564 0.02430023066699505 0.0)
(-0.006651580333709717 0.019779745489358902 0.0)
(-0.004690647125244141 0.016056999564170837 0.0)
(-0.007735788822174072 0.020773394033312798 0.0)
(-0.007754087448120117 0.01778179593384266 0.0)
(-0.004605591297149658 0.008001092821359634 0.0)
(-0.004877030849456787 0.005098477937281132 0.0)
(-0.0053833723068237305 0.00204352755099535 0.0)
(0.627720057964325 0.6649578213691711 0.0)
(-0.005373537540435791 -0.029773419722914696 0.0)
(-0.005676984786987305 -0.020862525328993797 0.0)
(-0.005352795124053955 -0.023561010137200356 0.0)
(-0.006889641284942627 -0.02833879552781582 0.0)
(-0.009803533554077148 -0.02926274575293064 0.0)
(-0.01878345012664795 -0.018440544605255127 0.0)
(-0.01314091682434082 -0.0279475636780262 0.0)
(-0.013603806495666504 -0.033025432378053665 0.0)
(-0.014879167079925537 -0.0317203626036644 0.0)
(0.004917025566101074 -0.002348508220165968 0.0)
(0.05989164113998413 0.002345982240512967 0.0)
(1.011125087738037 -0.0036948651541024446 0.0)
(0.03840816020965576 0.0016155121847987175 0.0)
(0.025742292404174805 0.0015665916725993156 0.0)
(0.010455727577209473 9.890281944535673e-05 0.0)
(0.02496236562728882 0.0008663269109092653 0.0)
(0.04613816738128662 0.001885880483314395 0.0)
(0.01559978723526001 -0.0012103654444217682 0.0)
(0.10612398386001587 0.0027147606015205383 0.0)
(0.06802678108215332 0.003096714848652482 0.0)
(0.09698158502578735 0.000919804850127548 0.0)
(0.14919298887252808 -0.004427930805832148 0.0)
(1.0023167133331299 -0.00172953843139112 0.0)
(0.12984609603881836 -0.0042068748734891415 0.0)
(1.0606752634048462 6.483760080300272e-05 0.0)
(0.512629508972168 0.5895087122917175 0.0)
(1.05992591381073 -0.0009023668826557696 0.0)
(1.0580705404281616 -0.0022887152153998613 0.0)
(1.0541598796844482 -0.003866448299959302 0.0)
(0.11595886945724487 0.3389364778995514 0.0)
(0.08450895547866821 0.25363612174987793 0.0)
(0.062362492084503174 0.17201752960681915 0.0)
(0.04297143220901489 0.09576886892318726 0.0)
(0.03763437271118164 0.03951721638441086 0.0)
(0.03590279817581177 -0.039484623819589615 0.0)
(0.06355637311935425 -0.2722930610179901 0.0)
(0.10793673992156982 -0.38209763169288635 0.0)
(0.18177908658981323 -0.5002438426017761 0.0)
(1.0274174213409424 -0.005324536934494972 0.0)
(1.0301319360733032 -0.008522489108145237 0.0)
(1.0327973365783691 -0.011529066599905491 0.0)
(1.0343626737594604 -0.013534320518374443 0.0)
(1.0377538204193115 -0.015704913064837456 0.0)
(1.0404815673828125 -0.015932993963360786 0.0)
(1.034533977508545 -0.01604740507900715 0.0)
(0.9471518397331238 -0.014887958765029907 0.0)
(0.7394500970840454 -0.0057304175570607185 0.0)
(1.0292116403579712 0.0025296129751950502 0.0)
(1.0335047245025635 0.002352339681237936 0.0)
(1.0485775470733643 -0.005143987014889717 0.0)
(1.0377296209335327 0.002784149255603552 0.0)
(1.0415219068527222 0.003022385062649846 0.0)
(1.0471335649490356 0.0032893167808651924 0.0)
(1.0511674880981445 0.0032538459636271 0.0)
(1.0539628267288208 0.0026321166660636663 0.0)
(1.0583947896957397 0.0019844172056764364 0.0)
(1.061590313911438 0.0009808472823351622 0.0)
(0.1663263440132141 -0.0068044825457036495 0.0)
(0.16343539953231812 -0.010716427117586136 0.0)
(0.23422658443450928 -0.018025243654847145 0.0)
(0.12508904933929443 0.00024850445333868265 0.0)
(0.08127939701080322 0.0035877516493201256 0.0)
(-0.011797010898590088 -0.03542984277009964 0.0)
(-0.008063077926635742 -0.032168857753276825 0.0)
(1.0254627466201782 -0.005125431343913078 0.0)
(-0.005484402179718018 0.007150632794946432 0.0)
(-0.007863163948059082 0.012890171259641647 0.0)
(-0.006691336631774902 0.008846106007695198 0.0)
(-0.00839918851852417 0.025803295895457268 0.0)
(-0.009519577026367188 0.02983073890209198 0.0)
(-0.011235713958740234 0.03330106660723686 0.0)
(-0.014655888080596924 0.03270770609378815 0.0)
(0.015905439853668213 0.0012544335331767797 0.0)
(0.05331909656524658 -0.0009558496531099081 0.0)
(0.08784735202789307 -0.0005405243718996644 0.0)
(0.13015782833099365 0.0019466294907033443 0.0)
(1.041106939315796 -0.005587211810052395 0.0)
(0.20406967401504517 0.016623063012957573 0.0)
(0.5614899396896362 0.6676884889602661 0.0)
(0.26581865549087524 0.03155981004238129 0.0)
(0.4312492907047272 0.6585111021995544 0.0)
(0.19033312797546387 0.47058171033859253 0.0)
(0.1388692855834961 0.38796141743659973 0.0)
(0.09899675846099854 0.2936982810497284 0.0)
(0.07329481840133667 0.21410009264945984 0.0)
(0.05297648906707764 0.13081343472003937 0.0)
(0.038920700550079346 0.06648829579353333 0.0)
(0.03692984580993652 0.0019111917354166508 0.0)
(0.03419232368469238 -0.08222316205501556 0.0)
(0.04081994295120239 -0.1710115522146225 0.0)
(0.08300638198852539 -0.32734665274620056 0.0)
(0.14054709672927856 -0.4428098499774933 0.0)
(0.23413848876953125 -0.560345470905304 0.0)
(0.3462296724319458 -0.6467569470405579 0.0)
(0.47706255316734314 -0.6850078105926514 0.0)
(0.5914186239242554 -0.6635557413101196 0.0)
(0.6676064133644104 -0.5999611616134644 0.0)
(0.7110816240310669 -0.504751443862915 0.0)
(0.704430878162384 -0.3579118549823761 0.0)
(0.6387504935264587 -0.26067158579826355 0.0)
(0.5480159521102905 -0.16075055301189423 0.0)
(0.3832717537879944 -0.07311619073152542 0.0)
(0.40059202909469604 -0.0664837658405304 0.0)
(1.0283279418945312 -0.006800580769777298 0.0)
(1.031232237815857 -0.01024334505200386 0.0)
(1.033639907836914 -0.012517605908215046 0.0)
(1.0358028411865234 -0.014784798957407475 0.0)
(1.0392251014709473 -0.015787824988365173 0.0)
(1.0419683456420898 -0.016114138066768646 0.0)
(1.0227538347244263 -0.015769070014357567 0.0)
(0.8279260993003845 -0.01101753767579794 0.0)
(1.0334075689315796 -0.005367032717913389 0.0)
(0.728575587272644 0.004026591312140226 0.0)
(0.8984761238098145 0.013286023400723934 0.0)
(1.031643033027649 0.015440630726516247 0.0)
(1.0386067628860474 0.01628708466887474 0.0)
(1.0349342823028564 0.01546656433492899 0.0)
(1.0013604164123535 -0.0012271224986761808 0.0)
(1.030670404434204 0.011358373798429966 0.0)
(1.0273520946502686 0.0025256439112126827 0.0)
(1.031381607055664 0.0021936255507171154 0.0)
(1.0353422164916992 0.002541488502174616 0.0)
(1.039831280708313 0.002917966805398464 0.0)
(1.0435521602630615 0.0030315087642520666 0.0)
(1.013430118560791 -0.00433565117418766 0.0)
(1.0161888599395752 -0.004587437957525253 0.0)
(0.15192961692810059 0.008408457040786743 0.0)
(1.0519418716430664 0.0027981563471257687 0.0)
(1.0495952367782593 0.003301583928987384 0.0)
(0.7946724891662598 0.009370310232043266 0.0)
(0.9935467839241028 0.015263347886502743 0.0)
(1.038602590560913 0.016243478283286095 0.0)
(1.0368008613586426 0.015810972079634666 0.0)
(1.0342377424240112 0.014827449806034565 0.0)
(1.0317821502685547 0.012461179867386818 0.0)
(1.0334769487380981 0.013845839537680149 0.0)
(0.45593327283859253 -0.10405033826828003 0.0)
(0.3887413442134857 -0.07095514982938766 0.0)
(0.5600759387016296 -0.18387800455093384 0.0)
(0.7150211334228516 -0.4060230553150177 0.0)
(0.6977644562721252 -0.5534010529518127 0.0)
(0.28536850214004517 -0.6052049398422241 0.0)
(0.038090646266937256 -0.12694895267486572 0.0)
(0.1406119465827942 0.006244588177651167 0.0)
(0.10934972763061523 0.0010200312826782465 0.0)
(-0.012730956077575684 -0.03363557532429695 0.0)
(-0.00766301155090332 0.02362416684627533 0.0)
(-0.012007415294647217 0.03362838178873062 0.0)
(-0.009516417980194092 0.029328683391213417 0.0)
(-0.004336833953857422 0.0038028822746127844 0.0)
(-0.0060926079750061035 -0.02586968056857586 0.0)
(-0.010473012924194336 -0.03292067348957062 0.0)
(0.13431322574615479 -0.0010729484492912889 0.0)
(1.031834363937378 0.0033564132172614336 0.0)
(1.0004448890686035 -0.0021418300457298756 0.0)
(1.0004552602767944 -0.0025551479775458574 0.0)
(1.0006247758865356 -0.0024246321991086006 0.0)
(1.0005052089691162 -0.003055138746276498 0.0)
(1.0004154443740845 -0.0028689547907561064 0.0)
(1.0004221200942993 -0.0031655950006097555 0.0)
(1.000380277633667 -0.003580724122002721 0.0)
(1.0003899335861206 -0.0034657688811421394 0.0)
(1.0004897117614746 -0.00383851514197886 0.0)
(1.0003507137298584 -0.003865444101393223 0.0)
(1.0004770755767822 -0.004122814163565636 0.0)
(1.0004181861877441 -0.004090500064194202 0.0)
(1.0004079341888428 -0.0045691500417888165 0.0)
(1.000152587890625 -0.004271861165761948 0.0)
(1.0002059936523438 -0.004609295167028904 0.0)
(0.9999796152114868 -0.004011925775557756 0.0)
(0.9999706149101257 -0.00458694389089942 0.0)
(0.9997091293334961 -0.0034547699615359306 0.0)
(0.9995976090431213 -0.004193589091300964 0.0)
(0.9996784329414368 -0.0029965885914862156 0.0)
(0.9994925260543823 -0.0037278274539858103 0.0)
(0.9996345043182373 -0.0026763153728097677 0.0)
(0.9992632865905762 -0.003475751029327512 0.0)
(0.9994699358940125 -0.002021089196205139 0.0)
(0.9990402460098267 -0.0029471179004758596 0.0)
(0.999114990234375 -0.0015002740547060966 0.0)
(0.9988896250724792 -0.002195315668359399 0.0)
(0.999049186706543 -0.0011817151680588722 0.0)
(0.9988642930984497 -0.001529170898720622 0.0)
(0.9989476203918457 -0.00025580759393051267 0.0)
(0.9986336827278137 -0.000941992795560509 0.0)
(0.9992320537567139 0.00031862070318311453 0.0)
(0.9989302158355713 0.00010240497067570686 0.0)
(0.999306857585907 0.0010320637375116348 0.0)
(0.9993252754211426 0.0006850498029962182 0.0)
(0.9990614652633667 0.0018604497890919447 0.0)
(0.9993195533752441 0.0015452683437615633 0.0)
(0.9992426633834839 0.0024191834963858128 0.0)
(0.9992321133613586 0.0021289759315550327 0.0)
(0.9993467330932617 0.0030657281167805195 0.0)
(0.9993135333061218 0.0029919822700321674 0.0)
(0.9993653893470764 0.0034524649381637573 0.0)
(0.9993977546691895 0.0036010018084198236 0.0)
(0.9995399713516235 0.0034672177862375975 0.0)
(0.9996245503425598 0.003982767928391695 0.0)
(0.9997236728668213 0.0035543942358344793 0.0)
(0.999833345413208 0.00403926707804203 0.0)
(0.9998610615730286 0.0035839301999658346 0.0)
(0.9999265074729919 0.004019503481686115 0.0)
(1.0000145435333252 0.0034653882030397654 0.0)
(1.0001341104507446 0.0042703645303845406 0.0)
(1.0001312494277954 0.0032711883541196585 0.0)
(1.0002331733703613 0.004108042921870947 0.0)
(1.0000576972961426 0.0030249939300119877 0.0)
(1.0002115964889526 0.0038033246528357267 0.0)
(1.0003080368041992 0.0030368505977094173 0.0)
(1.0004991292953491 0.003380395704880357 0.0)
(1.000370740890503 0.002726658247411251 0.0)
(1.0003453493118286 0.003165474394336343 0.0)
(1.0004841089248657 0.0024577623698860407 0.0)
(1.0002696514129639 0.002859515370801091 0.0)
(1.00054132938385 0.002086900407448411 0.0)
(1.0004312992095947 0.0026894116308540106 0.0)
(1.0005855560302734 0.0016899786423891783 0.0)
(1.0003637075424194 0.0021676861215382814 0.0)
(1.0006589889526367 0.0012371917255222797 0.0)
(1.0003108978271484 0.0016781187150627375 0.0)
(1.000611662864685 0.0007830607355572283 0.0)
(1.0005639791488647 0.0007842535269446671 0.0)
(1.0006203651428223 0.0013238908722996712 0.0)
(0.07377523183822632 0.001505203079432249 0.0)
(1.0165191888809204 -0.0063981348648667336 0.0)
(0.7853112816810608 0.010441092774271965 0.0)
(1.0500880479812622 0.004507286474108696 0.0)
(0.24420166015625 0.01822519861161709 0.0)
(0.4333411753177643 -0.05774863436818123 0.0)
(1.0293593406677246 0.008860749192535877 0.0)
(0.0449562668800354 0.0008060408872552216 0.0)
(-0.0077880024909973145 0.008823059499263763 0.0)
(-0.01995295286178589 0.02320695109665394 0.0)
(0.3300495743751526 0.037199340760707855 0.0)
(0.005025207996368408 0.010563954710960388 0.0)
(1.0382288694381714 0.003926452249288559 0.0)
(0.49979889392852783 0.09604837745428085 0.0)
(0.16176486015319824 0.3860212564468384 0.0)
(1.052465558052063 -0.006439787335693836 0.0)
(1.056496262550354 -0.004478704184293747 0.0)
(1.0286942720413208 -0.007148107513785362 0.0)
(0.4075157344341278 0.060481421649456024 0.0)
(0.26817530393600464 -0.017219623550772667 0.0)
(1.0621612071990967 0.0010272825602442026 0.0)
(1.0308637619018555 0.011537524871528149 0.0)
(1.0614114999771118 0.0032172254286706448 0.0)
(1.057550072669983 0.004020112566649914 0.0)
(1.0535221099853516 0.004309187177568674 0.0)
(1.0519740581512451 0.004962268751114607 0.0)
(1.0135987997055054 -0.0055327280424535275 0.0)
(1.0142089128494263 -0.0068828328512609005 0.0)
(1.044528603553772 0.004132227040827274 0.0)
(1.0400385856628418 0.003987104166299105 0.0)
(1.0385183095932007 0.00452066957950592 0.0)
(1.0493062734603882 -0.006893854588270187 0.0)
(1.0513269901275635 -0.007223065476864576 0.0)
(1.033212423324585 0.003679221263155341 0.0)
(1.0330060720443726 0.0041132583282887936 0.0)
(1.0303971767425537 0.010411004535853863 0.0)
(1.0302245616912842 0.009764833375811577 0.0)
(1.031448245048523 0.011286482214927673 0.0)
(1.0012364387512207 0.0011790948919951916 0.0)
(1.0010101795196533 0.0011355530004948378 0.0)
(1.0021133422851562 0.0013535150792449713 0.0)
(1.0017874240875244 0.0014645769260823727 0.0)
(1.0033280849456787 0.0018895119428634644 0.0)
(1.002646565437317 0.0019991202279925346 0.0)
(1.0047096014022827 0.002297774888575077 0.0)
(1.0038385391235352 0.002666047541424632 0.0)
(1.0061956644058228 0.0028616751078516245 0.0)
(1.0052986145019531 0.00316218426451087 0.0)
(1.0082125663757324 0.00335893826559186 0.0)
(1.006793737411499 0.0035777513403445482 0.0)
(1.0100475549697876 0.003827648004516959 0.0)
(1.008621335029602 0.004129542503505945 0.0)
(1.0123094320297241 0.004436294548213482 0.0)
(1.0105451345443726 0.004427790176123381 0.0)
(1.014783263206482 0.004471843596547842 0.0)
(1.013502597808838 0.0048675439320504665 0.0)
(1.0179150104522705 0.004769870080053806 0.0)
(1.0164461135864258 0.005269116722047329 0.0)
(1.0210285186767578 0.005343427415937185 0.0)
(1.0195797681808472 0.005407634191215038 0.0)
(1.02384614944458 0.0056878733448684216 0.0)
(1.0227245092391968 0.005873131565749645 0.0)
(1.0275664329528809 0.005974238738417625 0.0)
(1.0258876085281372 0.0065733687952160835 0.0)
(1.0327202081680298 0.005527918227016926 0.0)
(1.0306217670440674 0.00653099874034524 0.0)
(1.0358245372772217 0.005306856706738472 0.0)
(1.0344315767288208 0.00638742046430707 0.0)
(1.0393949747085571 0.0054522487334907055 0.0)
(1.0378965139389038 0.006459848955273628 0.0)
(1.0429736375808716 0.00550032127648592 0.0)
(1.04185950756073 0.006341292057186365 0.0)
(1.0460333824157715 0.0051980093121528625 0.0)
(1.0449771881103516 0.00579874450340867 0.0)
(1.0491361618041992 0.0049292342737317085 0.0)
(1.0477691888809204 0.005347988568246365 0.0)
(1.0521926879882812 0.004184070974588394 0.0)
(1.0511291027069092 0.004860943648964167 0.0)
(1.0542234182357788 0.0033536963164806366 0.0)
(1.0534230470657349 0.0040163276717066765 0.0)
(1.056799054145813 0.002755428198724985 0.0)
(1.0558677911758423 0.0035262485034763813 0.0)
(1.0590720176696777 0.0021573523990809917 0.0)
(1.0580193996429443 0.003028377890586853 0.0)
(1.0606337785720825 0.0012505920603871346 0.0)
(1.0594643354415894 0.00185012212023139 0.0)
(1.0612750053405762 0.00039855268551036716 0.0)
(1.0605539083480835 0.0009279653313569725 0.0)
(1.0611191987991333 -0.00024006975581869483 0.0)
(1.061454176902771 0.00011148364865221083 0.0)
(1.0604685544967651 -0.0006062592146918178 0.0)
(1.0608323812484741 -0.0006522967014461756 0.0)
(1.0601357221603394 -0.0012591828126460314 0.0)
(1.0602487325668335 -0.0012428986374288797 0.0)
(1.0584697723388672 -0.001748585607856512 0.0)
(1.0584537982940674 -0.001727161929011345 0.0)
(1.0590006113052368 -0.0018116156570613384 0.0)
(1.0573500394821167 -0.0024681987706571817 0.0)
(1.0554970502853394 -0.0026061052922159433 0.0)
(1.0562269687652588 -0.0027002310380339622 0.0)
(1.0531079769134521 -0.002663351595401764 0.0)
(1.0550432205200195 -0.0030280391220003366 0.0)
(1.0516960620880127 -0.003304125741124153 0.0)
(1.0536199808120728 -0.0036822021938860416 0.0)
(1.0494979619979858 -0.0030208625830709934 0.0)
(1.0508204698562622 -0.0035764097701758146 0.0)
(1.0479130744934082 -0.00304273865185678 0.0)
(1.0482144355773926 -0.003628265345469117 0.0)
(1.045782208442688 -0.0028953433502465487 0.0)
(1.0460882186889648 -0.0037040964234620333 0.0)
(1.0433909893035889 -0.002847852883860469 0.0)
(1.0443549156188965 -0.003193959128111601 0.0)
(1.0413907766342163 -0.003075343556702137 0.0)
(1.0422691106796265 -0.0032830657437443733 0.0)
(1.0390589237213135 -0.0030073036905378103 0.0)
(1.0398797988891602 -0.0034766257740557194 0.0)
(1.037827730178833 -0.0026987488381564617 0.0)
(1.0381784439086914 -0.003439542604610324 0.0)
(1.0364418029785156 -0.0027613844722509384 0.0)
(1.0372929573059082 -0.0034222393296658993 0.0)
(1.03504478931427 -0.0029350444674491882 0.0)
(1.0359686613082886 -0.0034709875471889973 0.0)
(1.0334324836730957 -0.003633524989709258 0.0)
(1.0346094369888306 -0.0032346320804208517 0.0)
(1.0298360586166382 -0.0026671993546187878 0.0)
(1.0315759181976318 -0.003521131817251444 0.0)
(1.0282819271087646 -0.002724582329392433 0.0)
(1.0276966094970703 0.007261244114488363 0.0)
(1.0289280414581299 0.008264197036623955 0.0)
(1.0331863164901733 0.013938824646174908 0.0)
(1.0613614320755005 0.0026793864089995623 0.0)
(1.06129789352417 0.003432219149544835 0.0)
(1.0268634557724 0.005781236570328474 0.0)
(1.0289427042007446 0.006974345538765192 0.0)
(0.668495774269104 -0.17004993557929993 0.0)
(1.031949520111084 0.012667839415371418 0.0)
(1.032322883605957 0.012508695013821125 0.0)
(1.0339218378067017 0.013696075417101383 0.0)
(1.0014426708221436 -0.0017150240018963814 0.0)
(1.0360236167907715 0.016231177374720573 0.0)
(1.038792610168457 0.017114803194999695 0.0)
(1.037225365638733 0.015476363711059093 0.0)
(0.8924817442893982 0.014941031113266945 0.0)
(0.8282878994941711 0.013991235755383968 0.0)
(1.0334317684173584 -0.007810958661139011 0.0)
(0.7492197155952454 -0.006224640179425478 0.0)
(0.9512656927108765 -0.015900518745183945 0.0)
(1.0381197929382324 -0.016264619305729866 0.0)
(1.0401091575622559 -0.016088290140032768 0.0)
(1.0378440618515015 -0.015587730333209038 0.0)
(1.0358999967575073 -0.013804839923977852 0.0)
(1.033124566078186 -0.011494820937514305 0.0)
(1.0306750535964966 -0.008876345120370388 0.0)
(1.0309038162231445 -0.00816378090530634 0.0)
(0.847237229347229 0.6940118670463562 0.0)
(1.0588120222091675 0.003596880938857794 0.0)
(1.0598294734954834 0.0038343153428286314 0.0)
(1.0577408075332642 0.004324194043874741 0.0)
(0.21089041233062744 -0.005858809687197208 0.0)
(0.7388593554496765 -0.7284513115882874 0.0)
(0.7816153168678284 -0.2833217978477478 0.0)
(0.625636100769043 -0.12806551158428192 0.0)
(0.8921608924865723 -0.5216234922409058 0.0)
(0.8178791999816895 -0.3123321235179901 0.0)
(0.8870052695274353 -0.42043015360832214 0.0)
(0.773445725440979 -0.251595675945282 0.0)
(0.8325546383857727 -0.6667603254318237 0.0)
(0.8849050402641296 -0.5715836882591248 0.0)
(0.3452647924423218 -0.6585795283317566 0.0)
(0.7880866527557373 -0.7011034488677979 0.0)
(0.8675211668014526 -0.7247316241264343 0.0)
(0.8093807697296143 -0.7474492788314819 0.0)
(0.8597148060798645 -0.6198158264160156 0.0)
(0.9352455735206604 -0.6381889581680298 0.0)
(0.9057904481887817 -0.6783849000930786 0.0)
(0.6207938194274902 -0.7574924826622009 0.0)
(0.4775077700614929 -0.7328343391418457 0.0)
(0.6858447790145874 -0.7461035251617432 0.0)
(0.7502973079681396 -0.7621046900749207 0.0)
(0.6888788938522339 -0.77394700050354 0.0)
(0.06671100854873657 -0.14538121223449707 0.0)
(0.4130042791366577 -0.7013007402420044 0.0)
(0.4736529290676117 -0.7317245006561279 0.0)
(0.40542396903038025 -0.6929751634597778 0.0)
(0.28796565532684326 -0.6073771715164185 0.0)
(0.19217360019683838 -0.4878581762313843 0.0)
(0.15139555931091309 -0.42341116070747375 0.0)
(0.08363354206085205 -0.24836090207099915 0.0)
(0.23589622974395752 0.019016504287719727 0.0)
(0.07330584526062012 -0.19434741139411926 0.0)
(0.09901463985443115 -0.2292627990245819 0.0)
(0.0876646637916565 -0.1781035214662552 0.0)
(0.1015394926071167 -0.3059295415878296 0.0)
(0.11192518472671509 -0.2860689163208008 0.0)
(0.06475627422332764 -0.0954749658703804 0.0)
(0.06579172611236572 -9.349119500257075e-05 0.0)
(0.06558763980865479 0.08562231808900833 0.0)
(0.0716816782951355 0.1076183170080185 0.0)
(0.08221465349197388 0.14908495545387268 0.0)
(0.10582709312438965 0.24460089206695557 0.0)
(0.13685423135757446 0.3343123197555542 0.0)
(0.1701444387435913 0.37336593866348267 0.0)
(0.27906298637390137 0.5792527794837952 0.0)
(0.32837677001953125 0.6206855773925781 0.0)
(0.9294865727424622 0.4869500696659088 0.0)
(0.2511764168739319 0.5352523326873779 0.0)
(0.5662788152694702 0.7455535531044006 0.0)
(0.12816405296325684 0.0015197298489511013 0.0)
(0.3675380051136017 0.049265872687101364 0.0)
(0.46032461524009705 0.06674737483263016 0.0)
(0.4161113202571869 0.053309351205825806 0.0)
(0.5051090717315674 0.7260755300521851 0.0)
(0.5690572261810303 0.7590967416763306 0.0)
(0.8813174962997437 0.6491115093231201 0.0)
(0.45080024003982544 0.07603064179420471 0.0)
(0.5546685457229614 0.10443540662527084 0.0)
(0.5024564266204834 0.08372741937637329 0.0)
(1.05647611618042 0.004001770634204149 0.0)
(1.0560507774353027 0.004546042997390032 0.0)
(1.0540885925292969 0.004925662651658058 0.0)
(0.29571765661239624 0.027522815391421318 0.0)
(0.18929016590118408 0.0057193986140191555 0.0)
(0.2620852589607239 0.01629008911550045 0.0)
(-0.016620278358459473 -0.04311121627688408 0.0)
(0.22870302200317383 0.011368823237717152 0.0)
(0.2639939785003662 0.01372083555907011 0.0)
(-0.020345628261566162 0.03681367635726929 0.0)
(0.0710100531578064 0.0003420746070332825 0.0)
(0.07363671064376831 0.0018199931364506483 0.0)
(0.15381300449371338 0.0027391468174755573 0.0)
(0.21843278408050537 0.007958739995956421 0.0)
(0.1773197054862976 0.005173578858375549 0.0)
(0.032080233097076416 0.004720980767160654 0.0)
(1.030029535293579 -0.0075636631809175014 0.0)
(1.0318766832351685 -0.008836743421852589 0.0)
(-0.010963380336761475 0.03966572508215904 0.0)
(-0.01763850450515747 0.0394245907664299 0.0)
(1.0619001388549805 -0.0007096003391779959 0.0)
(-0.011041104793548584 0.03682950511574745 0.0)
(-0.011436045169830322 0.04116979241371155 0.0)
(-0.009434223175048828 0.039146408438682556 0.0)
(-0.012007832527160645 0.04100292548537254 0.0)
(-0.015169143676757812 0.04097466915845871 0.0)
(-0.016804277896881104 0.044421859085559845 0.0)
(-0.00810021162033081 0.01073274202644825 0.0)
(-0.01019442081451416 0.009237703867256641 0.0)
(-0.00933694839477539 0.016599193215370178 0.0)
(-0.010955214500427246 0.015204868279397488 0.0)
(-0.007313370704650879 -0.03431498259305954 0.0)
(-0.010545611381530762 0.0011717714369297028 0.0)
(0.729430079460144 0.7519193291664124 0.0)
(1.0087223052978516 -0.0045928312465548515 0.0)
(-0.01291191577911377 -0.04322000965476036 0.0)
(-0.0073659420013427734 -0.027029946446418762 0.0)
(-0.009450376033782959 -0.03381435200572014 0.0)
(-0.012031614780426025 -0.04289631545543671 0.0)
(-0.01493757963180542 -0.04525863379240036 0.0)
(-0.019157707691192627 -0.02197021059691906 0.0)
(0.02645432949066162 -0.0023947637528181076 0.0)
(0.01637554168701172 -0.005172644276171923 0.0)
(0.03507047891616821 -0.004642140585929155 0.0)
(0.05668795108795166 0.0007604737184010446 0.0)
(0.08194386959075928 0.00019600318046286702 0.0)
(0.18260812759399414 -0.0031289446633309126 0.0)
(0.24430519342422485 -0.007167529314756393 0.0)
(1.011450171470642 -0.005239600781351328 0.0)
(1.0094828605651855 -0.005288946907967329 0.0)
(1.0119158029556274 -0.006078964564949274 0.0)
(-0.013610482215881348 -0.0450076088309288 0.0)
(-0.015585660934448242 -0.04853092506527901 0.0)
(-0.015908122062683105 -0.048734284937381744 0.0)
(0.2516145706176758 -0.01306912861764431 0.0)
(0.3214350938796997 -0.02328825742006302 0.0)
(0.18417572975158691 -0.008962845429778099 0.0)
(1.0607587099075317 4.4172629714012146e-05 0.0)
(1.0611612796783447 -0.00029907014686614275 0.0)
(1.061353325843811 0.0009782682172954082 0.0)
(1.0273183584213257 0.004116081167012453 0.0)
(1.0276539325714111 0.003279958851635456 0.0)
(1.027340054512024 0.00511451018974185 0.0)
(0.14713019132614136 -0.00657096179202199 0.0)
(0.7904873490333557 0.7309861779212952 0.0)
(0.8005657196044922 0.7659169435501099 0.0)
(0.8640674948692322 0.7434214949607849 0.0)
(1.059848427772522 -0.002598710358142853 0.0)
(0.21649432182312012 0.48676761984825134 0.0)
(0.26001715660095215 0.5291572213172913 0.0)
(1.0035121440887451 -0.003015300491824746 0.0)
(1.002281904220581 -0.0022548381239175797 0.0)
(1.0017316341400146 -0.0021999450400471687 0.0)
(1.0029441118240356 -0.0029831896536052227 0.0)
(-0.004557788372039795 -0.010938429273664951 0.0)
(1.0238064527511597 -0.007147922180593014 0.0)
(0.11549556255340576 0.0015752981416881084 0.0)
(0.14766842126846313 -0.0004750295775011182 0.0)
(0.16721749305725098 -0.0017441969830542803 0.0)
(0.204501211643219 -0.004319704137742519 0.0)
(-0.008220493793487549 -0.013956304639577866 0.0)
(1.0263620615005493 -0.007195559795945883 0.0)
(1.0251142978668213 -0.008482187986373901 0.0)
(1.0287469625473022 -0.008790966123342514 0.0)
(1.0611722469329834 -0.0015783349517732859 0.0)
(1.0620670318603516 -0.0008870597812347114 0.0)
(-0.017364203929901123 0.0314609557390213 0.0)
(-0.021531999111175537 0.040063418447971344 0.0)
(0.02689218521118164 0.005431852303445339 0.0)
(0.029130995273590088 0.007931279949843884 0.0)
(-0.01795905828475952 -0.03348062187433243 0.0)
(0.10160559415817261 0.0005946675082668662 0.0)
(0.14600956439971924 0.0029692791868001223 0.0)
(0.11050403118133545 0.0017085587605834007 0.0)
(1.0416101217269897 -0.007989205420017242 0.0)
(0.5520354509353638 0.11941304802894592 0.0)
(0.6101599931716919 0.12930072844028473 0.0)
(1.0454881191253662 -0.007555569056421518 0.0)
(1.0442352294921875 -0.008687620051205158 0.0)
(1.047379970550537 -0.008101467043161392 0.0)
(0.00377047061920166 -0.007811663672327995 0.0)
(0.003084123134613037 -0.010313933715224266 0.0)
(0.018925726413726807 -0.005912330932915211 0.0)
(0.458688884973526 0.7094720005989075 0.0)
(0.5141944885253906 0.7421379685401917 0.0)
(0.12314385175704956 -0.3627798855304718 0.0)
(0.13079559803009033 -0.34443578124046326 0.0)
(0.8969430327415466 -0.47112593054771423 0.0)
(0.9751099348068237 -0.4899991750717163 0.0)
(0.9682525396347046 -0.5374959707260132 0.0)
(0.8598127365112305 -0.3666176497936249 0.0)
(0.57640540599823 -0.12831449508666992 0.0)
(0.5494508743286133 -0.11500296741724014 0.0)
(0.7005645632743835 -0.1750585436820984 0.0)
(0.7221291661262512 0.21864239871501923 0.0)
(0.20514613389968872 -0.012781267054378986 0.0)
(0.9344132542610168 0.5471833944320679 0.0)
(1.0090352296829224 0.5576256513595581 0.0)
(-0.014430046081542969 0.042637985199689865 0.0)
(1.0004022121429443 -0.0011044163256883621 0.0)
(0.31819790601730347 0.030283236876130104 0.0)
(1.0007132291793823 -0.0015345499850809574 0.0)
(-0.016420841217041016 0.021650422364473343 0.0)
(0.15887022018432617 -0.40378546714782715 0.0)
(0.7269909381866455 0.0024975913111120462 0.0)
(-0.019351303577423096 -0.040074415504932404 0.0)
(0.29328984022140503 0.5810579657554626 0.0)
(1.0538597106933594 -0.0053629567846655846 0.0)
(1.0585428476333618 -0.003537016687914729 0.0)
(0.29449695348739624 -0.023038262501358986 0.0)
(1.0280141830444336 -0.0028191700112074614 0.0)
(1.027034044265747 -0.003937303088605404 0.0)
(1.0278031826019287 -0.00305937766097486 0.0)
(1.0613110065460205 0.0018008255865424871 0.0)
(0.37156549096107483 0.043505895882844925 0.0)
(1.0005428791046143 -0.0012750946916639805 0.0)
(1.0469672679901123 0.004216501954942942 0.0)
(1.041574239730835 0.004051955416798592 0.0)
(1.0360732078552246 0.003779818071052432 0.0)
(0.27434563636779785 -0.011943859048187733 0.0)
(0.23143702745437622 -0.009200179018080235 0.0)
(-0.007893085479736328 -0.0034435323905199766 0.0)
(1.0604662895202637 0.0017251595854759216 0.0)
(1.0488252639770508 0.004795136395841837 0.0)
(0.10137832164764404 0.0010462277568876743 0.0)
(0.08846253156661987 0.0020866726990789175 0.0)
(0.3412202298641205 -0.027764594182372093 0.0)
(1.0605076551437378 0.002752711996436119 0.0)
(0.7948052883148193 -0.221994549036026 0.0)
(0.7307778000831604 -0.21227239072322845 0.0)
(1.02971351146698 -0.0060844989493489265 0.0)
(1.027700662612915 -0.005088148172944784 0.0)
(1.0585345029830933 -0.004357806872576475 0.0)
(1.0346753597259521 0.015139083378016949 0.0)
(1.0372918844223022 0.016467930749058723 0.0)
(1.0372710227966309 0.015845613554120064 0.0)
(0.9872443675994873 0.016052335500717163 0.0)
(1.029410481452942 0.003165687434375286 0.0)
(0.7231025099754333 -0.0013282692525535822 0.0)
(0.8277511596679688 -0.012960795313119888 0.0)
(1.0274245738983154 -0.016166962683200836 0.0)
(1.0410467386245728 -0.016229398548603058 0.0)
(1.0393097400665283 -0.015705706551671028 0.0)
(1.037761926651001 -0.01494264043867588 0.0)
(1.0345102548599243 -0.012633642181754112 0.0)
(1.0320934057235718 -0.01029226090759039 0.0)
(0.9143243432044983 0.7041593790054321 0.0)
(0.08423203229904175 -0.12585847079753876 0.0)
(0.8831120133399963 -0.30962106585502625 0.0)
(1.0537798404693604 -0.006476396229118109 0.0)
(-0.00845801830291748 -0.007137813605368137 0.0)
(-0.006936371326446533 -0.007421139627695084 0.0)
(-0.008803248405456543 -0.01309949066489935 0.0)
(0.19642937183380127 0.42494645714759827 0.0)
(0.18860530853271484 0.4378088116645813 0.0)
(0.9240793585777283 -0.37437477707862854 0.0)
(0.7931222915649414 0.23557008802890778 0.0)
(0.6620545983314514 0.17755340039730072 0.0)
(0.9595590829849243 -0.4330638647079468 0.0)
(0.8550180196762085 -0.26615646481513977 0.0)
(1.0369709730148315 0.004442973993718624 0.0)
(0.959730863571167 -0.5887107849121094 0.0)
(0.3452490270137787 -0.6437216401100159 0.0)
(0.006192386150360107 0.011008690111339092 0.0)
(0.5468010902404785 -0.761156439781189 0.0)
(0.5501421689987183 -0.7527876496315002 0.0)
(1.034803032875061 0.00412682443857193 0.0)
(0.19766652584075928 -0.4669179916381836 0.0)
(0.2354711890220642 -0.5480746626853943 0.0)
(0.28731679916381836 -0.5868760943412781 0.0)
(0.3086358904838562 0.027043407782912254 0.0)
(-0.01972830295562744 0.02471073530614376 0.0)
(-0.018906593322753906 0.0254489965736866 0.0)
(0.08310985565185547 0.02424384281039238 0.0)
(0.06706398725509644 0.04402646794915199 0.0)
(0.06441223621368408 -0.049192577600479126 0.0)
(0.081878662109375 0.07086140662431717 0.0)
(0.08208662271499634 -0.07456847280263901 0.0)
(0.08697360754013062 0.1262417882680893 0.0)
(0.10391777753829956 0.17701131105422974 0.0)
(0.09443175792694092 0.1957792490720749 0.0)
(0.11831068992614746 0.22917158901691437 0.0)
(0.12026041746139526 0.2895811200141907 0.0)
(1.0076197385787964 0.500917911529541 0.0)
(0.4073287546634674 0.6807918548583984 0.0)
(0.4617670774459839 0.7093811631202698 0.0)
(-0.004249215126037598 -0.013477794826030731 0.0)
(0.9121494293212891 0.42750823497772217 0.0)
(0.0682862401008606 0.002536121290177107 0.0)
(0.06689667701721191 0.004287946969270706 0.0)
(-0.004377186298370361 0.01307289395481348 0.0)
(0.8254408240318298 0.30962875485420227 0.0)
(-0.02461940050125122 0.0294423159211874 0.0)
(-0.021919965744018555 0.028966642916202545 0.0)
(-0.018290460109710693 0.03003096580505371 0.0)
(0.9594241380691528 0.663385808467865 0.0)
(0.9188775420188904 0.599361002445221 0.0)
(0.30637532472610474 0.021642332896590233 0.0)
(0.5997400283813477 0.14343027770519257 0.0)
(0.6650811433792114 0.15783114731311798 0.0)
(-0.021890699863433838 0.045042119920253754 0.0)
(-0.01655101776123047 0.041681163012981415 0.0)
(0.6547860503196716 0.7556617856025696 0.0)
(-0.009668529033660889 0.008267177268862724 0.0)
(-0.009740948677062988 0.0063215880654752254 0.0)
(0.2976672649383545 -0.016984758898615837 0.0)
(1.0606844425201416 -0.002040231367573142 0.0)
(-0.021704137325286865 0.04116625711321831 0.0)
(-0.01864558458328247 0.03965810686349869 0.0)
(-0.010376453399658203 0.02213730849325657 0.0)
(-0.011915445327758789 0.020232725888490677 0.0)
(-0.012560069561004639 0.043572790920734406 0.0)
(0.5607175827026367 -0.08307012915611267 0.0)
(-0.01966792345046997 0.04181112349033356 0.0)
(-0.01933765411376953 0.044526901096105576 0.0)
(-0.01240837574005127 -0.04362931102514267 0.0)
(0.6471801996231079 0.7709121704101562 0.0)
(-0.010452568531036377 0.026282142847776413 0.0)
(-0.013328313827514648 0.02662551961839199 0.0)
(0.7452235221862793 0.006602686829864979 0.0)
(-0.011676311492919922 0.03276325762271881 0.0)
(-0.010303497314453125 -0.04008561372756958 0.0)
(-0.011234581470489502 0.0031583993695676327 0.0)
(0.7295137643814087 0.7761610150337219 0.0)
(-0.010014891624450684 -0.03936319798231125 0.0)
(1.0203206539154053 -0.007020917721092701 0.0)
(-0.008557021617889404 -0.022973371669650078 0.0)
(-0.008927643299102783 -0.026323890313506126 0.0)
(-0.018615424633026123 -0.025691835209727287 0.0)
(-0.013157069683074951 -0.024144062772393227 0.0)
(-0.010419487953186035 -0.002820981200784445 0.0)
(-0.017946720123291016 -0.02136901766061783 0.0)
(-0.010157167911529541 0.02995096892118454 0.0)
(-0.013433396816253662 0.03675639256834984 0.0)
(-0.01367032527923584 0.030291680246591568 0.0)
(-0.01948988437652588 -0.03997256979346275 0.0)
(-0.01478487253189087 -0.018519815057516098 0.0)
(-0.014483332633972168 -0.014687963761389256 0.0)
(0.513200044631958 -0.08108916878700256 0.0)
(1.0003831386566162 -0.0015395195223391056 0.0)
(0.04321163892745972 -0.00019734850502572954 0.0)
(0.06622940301895142 0.0007089939317665994 0.0)
(1.03103506565094 0.0035139068495482206 0.0)
(1.006337285041809 -0.003700533416122198 0.0)
(1.0074199438095093 -0.004691613372415304 0.0)
(0.22383642196655273 0.4785082936286926 0.0)
(-0.01834040880203247 -0.029188789427280426 0.0)
(-0.02106863260269165 -0.034444086253643036 0.0)
(-0.017300009727478027 -0.029795179143548012 0.0)
(0.36372512578964233 -0.038235269486904144 0.0)
(0.4741273522377014 -0.06179152801632881 0.0)
(1.0214744806289673 -0.00793230626732111 0.0)
(-0.019496023654937744 -0.04213773086667061 0.0)
(-0.017907142639160156 -0.046629734337329865 0.0)
(-0.018377363681793213 -0.04469302296638489 0.0)
(0.12672126293182373 0.0006259496440179646 0.0)
(0.584881067276001 -0.1073061153292656 0.0)
(0.6424781084060669 -0.11243530362844467 0.0)
(0.713587760925293 -0.1438988894224167 0.0)
(1.0370969772338867 -0.008124442771077156 0.0)
(0.7712880373001099 0.2613673806190491 0.0)
(0.8894664645195007 0.32407906651496887 0.0)
(0.8484898805618286 0.2783520221710205 0.0)
(0.8651771545410156 0.36383962631225586 0.0)
(0.9807021021842957 0.4414118230342865 0.0)
(0.9339748024940491 0.37812426686286926 0.0)
(-0.014935731887817383 0.019253063946962357 0.0)
(1.0316287279129028 -0.009793106466531754 0.0)
(1.060099720954895 -0.0031468174420297146 0.0)
(1.0339401960372925 -0.012146891094744205 0.0)
(1.036332607269287 -0.01450071670114994 0.0)
(1.039058804512024 -0.01620512641966343 0.0)
(1.041504144668579 -0.016633473336696625 0.0)
(0.04991859197616577 -0.0016138874925673008 0.0)
(1.0003243684768677 -0.0015662657096982002 0.0)
(-0.012270748615264893 0.0375155545771122 0.0)
(0.7015626430511475 -0.15582436323165894 0.0)
(0.32118654251098633 -0.029704811051487923 0.0)
(0.36912527680397034 -0.03514792025089264 0.0)
(0.408284991979599 -0.04496606066823006 0.0)
(0.13061827421188354 0.27677440643310547 0.0)
(0.6190369725227356 -0.776482880115509 0.0)
(1.0324879884719849 -0.011111978441476822 0.0)
(1.0354533195495605 -0.013218973763287067 0.0)
(1.03755784034729 -0.01569953002035618 0.0)
(1.0402494668960571 -0.016309576109051704 0.0)
(1.042465329170227 -0.017003100365400314 0.0)
(1.0013891458511353 -0.016646094620227814 0.0)
(0.7779661417007446 -0.009209789335727692 0.0)
(1.0452452898025513 0.00478321174159646 0.0)
(1.055996298789978 -0.005251777358353138 0.0)
(1.0348371267318726 0.014799271710216999 0.0)
(1.028289794921875 -0.00456179678440094 0.0)
(1.031105399131775 -0.01682308316230774 0.0)
(1.0404521226882935 0.0044494131579995155 0.0)
(1.042781114578247 0.0047914269380271435 0.0)
(1.0284717082977295 0.0038216414395719767 0.0)
(0.9404268264770508 0.01683274284005165 0.0)
(1.0371959209442139 0.01654185727238655 0.0)
(1.0380065441131592 0.01678435131907463 0.0)
(1.035478115081787 0.015798157081007957 0.0)
(1.0361003875732422 0.016422756016254425 0.0)
(1.0390334129333496 0.017151404172182083 0.0)
(1.0260833501815796 0.01635698229074478 0.0)
(0.8808495998382568 -0.014931187964975834 0.0)
(1.0355002880096436 -0.008662966080009937 0.0)
(0.23881393671035767 -0.5281932950019836 0.0)
(0.08215129375457764 -0.02525229938328266 0.0)
(0.1471197009086609 0.3239084780216217 0.0)
(1.0005128383636475 -0.0020819297060370445 0.0)
(1.0176888704299927 -0.007323510944843292 0.0)
(1.040307879447937 -0.009106435813009739 0.0)
(-0.010095536708831787 0.022838912904262543 0.0)
(1.0285109281539917 -0.002768467180430889 0.0)
(1.0048518180847168 -0.003224731655791402 0.0)
(0.23680323362350464 0.4301382005214691 0.0)
(1.0007020235061646 -0.003890477353706956 0.0)
(1.0007603168487549 -0.004491571802645922 0.0)
(1.0007948875427246 -0.004584848880767822 0.0)
(1.0008255243301392 -0.004861987661570311 0.0)
(1.0006718635559082 -0.0051408326253294945 0.0)
(1.0008082389831543 -0.005118733271956444 0.0)
(1.0006998777389526 -0.005352560430765152 0.0)
(1.000540852546692 -0.005405208095908165 0.0)
(1.0005613565444946 -0.005996427033096552 0.0)
(1.000248908996582 -0.005864541046321392 0.0)
(1.000380516052246 -0.006567679345607758 0.0)
(0.9998968243598938 -0.00594137841835618 0.0)
(1.0002520084381104 -0.006425309460610151 0.0)
(0.9997438788414001 -0.005662485491484404 0.0)
(0.9997726082801819 -0.006043965928256512 0.0)
(0.9996418356895447 -0.004929056391119957 0.0)
(0.9994186162948608 -0.005643639247864485 0.0)
(0.9994689226150513 -0.0045182956382632256 0.0)
(0.999191164970398 -0.005176914855837822 0.0)
(0.9992144107818604 -0.0038197985850274563 0.0)
(0.9986010789871216 -0.004766916856169701 0.0)
(0.9987964630126953 -0.0027847925666719675 0.0)
(0.9984618425369263 -0.0038760884199291468 0.0)
(0.9986025094985962 -0.0020268899388611317 0.0)
(0.9981496334075928 -0.0026490918826311827 0.0)
(0.9982821941375732 -0.0012065119808539748 0.0)
(0.9981546998023987 -0.0020307116210460663 0.0)
(0.9983360767364502 0.00010269132326357067 0.0)
(0.9980356693267822 -0.0008073238423094153 0.0)
(0.9985243082046509 0.001212947303429246 0.0)
(0.998497724533081 0.0007082080119289458 0.0)
(0.9984453916549683 0.002312662312760949 0.0)
(0.9985653758049011 0.0014745881780982018 0.0)
(0.9984510540962219 0.002917205449193716 0.0)
(0.9986875653266907 0.0023348417598754168 0.0)
(0.9987945556640625 0.00399311538785696 0.0)
(0.9985736012458801 0.003619811963289976 0.0)
(0.9990795850753784 0.004625492729246616 0.0)
(0.9985186457633972 0.0048060971312224865 0.0)
(0.9993937015533447 0.004739254247397184 0.0)
(0.9991613626480103 0.004963764920830727 0.0)
(0.9996877312660217 0.004961251746863127 0.0)
(0.999477744102478 0.0051805791445076466 0.0)
(0.9998134970664978 0.005229443311691284 0.0)
(0.9997119307518005 0.005365688353776932 0.0)
(1.0000206232070923 0.005409797187894583 0.0)
(1.0001323223114014 0.006098026875406504 0.0)
(1.000128984451294 0.005035129375755787 0.0)
(1.00035560131073 0.005897194147109985 0.0)
(1.000227689743042 0.004983939230442047 0.0)
(1.0004758834838867 0.005575570277869701 0.0)
(1.0005263090133667 0.004563051275908947 0.0)
(1.0007191896438599 0.005308717023581266 0.0)
(1.0007708072662354 0.004362418316304684 0.0)
(1.0010056495666504 0.004936639219522476 0.0)
(1.0009422302246094 0.003950075712054968 0.0)
(1.0009183883666992 0.004532789811491966 0.0)
(1.0010462999343872 0.0033222369384020567 0.0)
(1.0010453462600708 0.004088151268661022 0.0)
(1.0010013580322266 0.002651181537657976 0.0)
(1.0010170936584473 0.0033725611865520477 0.0)
(1.0009222030639648 0.0021088849753141403 0.0)
(1.000925898551941 0.0026209265924990177 0.0)
(1.000818133354187 0.001482672756537795 0.0)
(1.0013535022735596 0.0016693086363375187 0.0)
(1.0009753704071045 0.0021252778824418783 0.0)
(1.0397329330444336 -0.010767114348709583 0.0)
(1.0558263063430786 -0.007193526718765497 0.0)
(0.46422621607780457 0.05263636261224747 0.0)
(1.0005292892456055 -0.001719568856060505 0.0)
(0.8846316933631897 -0.016722386702895164 0.0)
(1.0219236612319946 -0.009870012290775776 0.0)
(1.0316716432571411 -0.009395641274750233 0.0)
(1.0174016952514648 0.016609186306595802 0.0)
(-0.01673990488052368 0.04762107506394386 0.0)
(0.1998564600944519 -0.4040363132953644 0.0)
(1.0471370220184326 0.006435940973460674 0.0)
(-0.014324963092803955 -0.01729116030037403 0.0)
(1.0390502214431763 0.005737824831157923 0.0)
(0.33864519000053406 0.5860874056816101 0.0)
(0.23640233278274536 -0.4627995789051056 0.0)
(1.0350414514541626 0.01503127533942461 0.0)
(1.0347613096237183 -0.012150890193879604 0.0)
(1.0611498355865479 0.003388555021956563 0.0)
(0.521561324596405 0.07032538205385208 0.0)
(1.0518919229507446 0.006442613434046507 0.0)
(1.0627000331878662 -0.0027722702361643314 0.0)
(1.0151047706604004 -0.008307034149765968 0.0)
(1.0290729999542236 0.005168397445231676 0.0)
(1.028149127960205 0.0056177773512899876 0.0)
(1.0386782884597778 -0.6401106715202332 0.0)
(1.0517464876174927 -0.009020893834531307 0.0)
(1.032915472984314 0.0051977066323161125 0.0)
(0.3958245813846588 -0.029252558946609497 0.0)
(0.5621970891952515 0.7409522533416748 0.0)
(1.0613949298858643 0.0024834347423166037 0.0)
(1.0624549388885498 0.003524730447679758 0.0)
(1.00165855884552 0.002177322283387184 0.0)
(1.0015928745269775 0.0020996860694140196 0.0)
(1.0028903484344482 0.0024490070063620806 0.0)
(1.002010464668274 0.002360413083806634 0.0)
(1.0041165351867676 0.003327709622681141 0.0)
(1.0033812522888184 0.0032883535604923964 0.0)
(1.0057228803634644 0.004012761637568474 0.0)
(1.0049949884414673 0.00438274722546339 0.0)
(1.0075912475585938 0.004541320260614157 0.0)
(1.0064419507980347 0.005425401031970978 0.0)
(1.0097805261611938 0.005233278963714838 0.0)
(1.0084091424942017 0.0058250995352864265 0.0)
(1.011428713798523 0.005731046665459871 0.0)
(1.0103236436843872 0.006299701053649187 0.0)
(1.0140345096588135 0.006426304113119841 0.0)
(1.0126737356185913 0.006988688837736845 0.0)
(1.0169719457626343 0.006741659715771675 0.0)
(1.015903353691101 0.0077017322182655334 0.0)
(1.0205644369125366 0.007447811774909496 0.0)
(1.0191006660461426 0.007942333817481995 0.0)
(1.0237432718276978 0.007939526811242104 0.0)
(1.0227339267730713 0.008535775355994701 0.0)
(1.027238368988037 0.008303931914269924 0.0)
(1.0257014036178589 0.009025795385241508 0.0)
(1.0322909355163574 0.008261268958449364 0.0)
(1.0292059183120728 0.009364944882690907 0.0)
(1.0358338356018066 0.008685817010700703 0.0)
(1.033941388130188 0.009746051393449306 0.0)
(1.039240837097168 0.008514883928000927 0.0)
(1.0379071235656738 0.009573299437761307 0.0)
(1.0425281524658203 0.008025683462619781 0.0)
(1.0412319898605347 0.009150533005595207 0.0)
(1.0459784269332886 0.007266899570822716 0.0)
(1.0446852445602417 0.008322679437696934 0.0)
(1.0487356185913086 0.006749965250492096 0.0)
(1.0478578805923462 0.007779249921441078 0.0)
(1.052112102508545 0.006139933597296476 0.0)
(1.0505757331848145 0.0072966828010976315 0.0)
(1.0543246269226074 0.005211573094129562 0.0)
(1.053916573524475 0.006424844730645418 0.0)
(1.0562727451324463 0.0043395585380494595 0.0)
(1.0560137033462524 0.005404912866652012 0.0)
(1.058889389038086 0.003443922381848097 0.0)
(1.0580745935440063 0.0043342034332454205 0.0)
(1.0610437393188477 0.0022319923155009747 0.0)
(1.0600343942642212 0.0029063744004815817 0.0)
(1.0619274377822876 0.001181768486276269 0.0)
(1.061575174331665 0.001693223835900426 0.0)
(1.0612926483154297 0.00028103188378736377 0.0)
(1.0620839595794678 0.0008770935819484293 0.0)
(1.0605814456939697 -0.000870805059093982 0.0)
(1.0606334209442139 -0.00024390508770011365 0.0)
(1.058494210243225 -0.0017746000085026026 0.0)
(1.0603290796279907 -0.0013651070185005665 0.0)
(1.0582480430603027 -0.0021449949126690626 0.0)
(1.0568434000015259 -0.0020880913361907005 0.0)
(1.0578927993774414 -0.0033525116741657257 0.0)
(1.0577723979949951 -0.002839503111317754 0.0)
(1.0557725429534912 -0.0034879595041275024 0.0)
(1.0571739673614502 -0.0037450313102453947 0.0)
(1.054067850112915 -0.003758529666811228 0.0)
(1.054648518562317 -0.004395775962620974 0.0)
(1.0523295402526855 -0.004344576504081488 0.0)
(1.0537047386169434 -0.004744010977447033 0.0)
(1.0504333972930908 -0.00435919314622879 0.0)
(1.0513864755630493 -0.005094547290354967 0.0)
(1.0480070114135742 -0.004318953957408667 0.0)
(1.0494439601898193 -0.00502003962174058 0.0)
(1.0462721586227417 -0.00457494193688035 0.0)
(1.047060251235962 -0.00518192769959569 0.0)
(1.044546365737915 -0.0043174270540475845 0.0)
(1.0457086563110352 -0.0049105421639978886 0.0)
(1.0428475141525269 -0.004529320634901524 0.0)
(1.0435969829559326 -0.004987597465515137 0.0)
(1.040231704711914 -0.004467099905014038 0.0)
(1.041355848312378 -0.004773460794240236 0.0)
(1.0383710861206055 -0.004317245911806822 0.0)
(1.0390156507492065 -0.0045999460853636265 0.0)
(1.0370208024978638 -0.004095083102583885 0.0)
(1.0373475551605225 -0.004619906190782785 0.0)
(1.034987211227417 -0.004073512274771929 0.0)
(1.0355926752090454 -0.004530569072812796 0.0)
(0.15563660860061646 0.04625244066119194 0.0)
(1.0346719026565552 -0.00471363915130496 0.0)
(1.0496078729629517 0.006544736213982105 0.0)
(1.051336646080017 0.007045773323625326 0.0)
(1.0485925674438477 0.007442682050168514 0.0)
(1.029633641242981 0.008449862711131573 0.0)
(1.030015230178833 -0.005030032247304916 0.0)
(1.0305157899856567 -0.004231888335198164 0.0)
(1.0304837226867676 0.0071919760666787624 0.0)
(1.0301830768585205 0.006721076555550098 0.0)
(1.0302879810333252 0.007892346009612083 0.0)
(0.6183888912200928 0.767351508140564 0.0)
(0.6079648733139038 0.7494013905525208 0.0)
(0.6708439588546753 0.7758250832557678 0.0)
(1.0334240198135376 -0.016709236428141594 0.0)
(1.0390396118164062 0.017708683386445045 0.0)
(1.0366164445877075 0.016734560951590538 0.0)
(1.0360171794891357 0.016009239479899406 0.0)
(1.0362056493759155 0.01605384610593319 0.0)
(1.0365303754806519 0.016701659187674522 0.0)
(1.0383065938949585 0.017724372446537018 0.0)
(1.0374525785446167 0.017504829913377762 0.0)
(1.038952350616455 0.017856867983937263 0.0)
(1.038044810295105 0.01667727157473564 0.0)
(1.0394814014434814 0.017664384096860886 0.0)
(1.034834384918213 0.01791122928261757 0.0)
(0.28108924627304077 -0.5210729241371155 0.0)
(0.27730274200439453 -0.48455190658569336 0.0)
(0.7206484079360962 -0.0015935641713440418 0.0)
(1.0360679626464844 -0.011154940351843834 0.0)
(1.0384701490402222 -0.012108906172215939 0.0)
(0.781278133392334 -0.009134754538536072 0.0)
(0.7482485771179199 -0.005921556614339352 0.0)
(0.8198816180229187 -0.013105101883411407 0.0)
(1.041630744934082 0.005835802294313908 0.0)
(1.0396630764007568 0.006478610448539257 0.0)
(0.9932209253311157 -0.017291216179728508 0.0)
(0.9439072608947754 -0.016608266159892082 0.0)
(1.0244566202163696 -0.01747528463602066 0.0)
(0.09520596265792847 -0.0021223670337349176 0.0)
(1.040916919708252 -0.01713172160089016 0.0)
(1.0390456914901733 -0.016030563041567802 0.0)
(1.0376571416854858 -0.014711479656398296 0.0)
(1.036168098449707 -0.013383535668253899 0.0)
(1.0373939275741577 -0.014314401894807816 0.0)
(1.035811185836792 -0.012766237370669842 0.0)
(1.0607597827911377 -0.0036729704588651657 0.0)
(1.0627877712249756 -0.003510973649099469 0.0)
(0.9657850861549377 0.7274408340454102 0.0)
(0.973019003868103 -0.2893689274787903 0.0)
(1.0298641920089722 -0.006302278023213148 0.0)
(1.0311737060546875 -0.005626078229397535 0.0)
(0.5820636749267578 -0.7450674176216125 0.0)
(-0.0065010786056518555 0.015555904246866703 0.0)
(1.035059928894043 0.005445200949907303 0.0)
(1.0348666906356812 0.005846821237355471 0.0)
(0.4395962655544281 0.047378841787576675 0.0)
(1.0334354639053345 -0.011004828847944736 0.0)
(1.034437894821167 -0.01171410083770752 0.0)
(1.0327954292297363 -0.010414290241897106 0.0)
(1.0593284368515015 -0.005663004703819752 0.0)
(1.059191346168518 -0.006962892599403858 0.0)
(1.061195731163025 -0.005063388030976057 0.0)
(0.11756998300552368 -0.027565205469727516 0.0)
(0.3290725350379944 -0.5776684880256653 0.0)
(0.3251562714576721 -0.5401356220245361 0.0)
(1.0434507131576538 -0.3902951776981354 0.0)
(0.11776399612426758 -0.0774940550327301 0.0)
(0.1372891068458557 -0.05145031958818436 0.0)
(0.12388640642166138 0.12762244045734406 0.0)
(0.18400228023529053 0.332165390253067 0.0)
(0.11771148443222046 0.07680494338274002 0.0)
(0.13932228088378906 0.10119353234767914 0.0)
(0.6556127667427063 -0.7633772492408752 0.0)
(0.1496714949607849 0.2328440546989441 0.0)
(1.0009139776229858 -0.002724491758272052 0.0)
(1.1023534536361694 0.5546462535858154 0.0)
(-0.01750427484512329 0.048682667315006256 0.0)
(0.3698185384273529 0.6343446373939514 0.0)
(0.4194648861885071 0.6640311479568481 0.0)
(0.007177114486694336 -0.012278915382921696 0.0)
(0.11944538354873657 -0.12855902314186096 0.0)
(0.13838797807693481 -0.10367260128259659 0.0)
(1.086734652519226 -0.5015003681182861 0.0)
(0.7679860591888428 0.7750735282897949 0.0)
(-0.013842284679412842 0.013428895734250546 0.0)
(-0.019286394119262695 0.05068035423755646 0.0)
(0.7482551336288452 0.006567920092493296 0.0)
(0.7286254167556763 0.0030231564305722713 0.0)
(1.0321379899978638 -0.01095182541757822 0.0)
(1.0344756841659546 -0.01220240630209446 0.0)
(0.11781895160675049 0.024121036753058434 0.0)
(0.13797956705093384 0.050173401832580566 0.0)
(-0.008073270320892334 -0.0201678778976202 0.0)
(-0.021709740161895752 0.04994405433535576 0.0)
(-0.016854286193847656 -0.05006939545273781 0.0)
(0.7373373508453369 -0.1261989027261734 0.0)
(0.15337485074996948 -0.0014921310357749462 0.0)
(-0.019201934337615967 0.05110907927155495 0.0)
(-0.019942283630371094 0.05423920601606369 0.0)
(-0.020165443420410156 0.051283713430166245 0.0)
(-0.015360891819000244 0.011054822243750095 0.0)
(-0.018479526042938232 0.012758152559399605 0.0)
(-0.01549762487411499 0.019393455237150192 0.0)
(-0.017028093338012695 0.016482539474964142 0.0)
(-0.015435516834259033 -0.045536551624536514 0.0)
(-0.015199422836303711 -0.027450600638985634 0.0)
(1.0008976459503174 -0.0034338091500103474 0.0)
(1.0007754564285278 -0.0038791291881352663 0.0)
(1.0008209943771362 -0.003150440054014325 0.0)
(0.16423320770263672 0.28362134099006653 0.0)
(0.1925385594367981 0.3069257140159607 0.0)
(1.018292784690857 -0.008994275704026222 0.0)
(1.015768051147461 -0.009497791528701782 0.0)
(1.0193129777908325 -0.010397443547844887 0.0)
(1.0304044485092163 0.005097607616335154 0.0)
(1.032405972480774 0.005840998608618975 0.0)
(1.0311026573181152 0.0054855989292263985 0.0)
(-0.017588675022125244 0.04287903010845184 0.0)
(0.126254141330719 -0.00117266655433923 0.0)
(0.16561037302017212 -0.003205666784197092 0.0)
(0.35057082772254944 -0.020518574863672256 0.0)
(0.4354972243309021 -0.03211655840277672 0.0)
(0.47251516580581665 -0.049508050084114075 0.0)
(1.0044018030166626 -0.0038668317720294 0.0)
(-0.008494734764099121 -0.019043128937482834 0.0)
(1.0054656267166138 -0.0040223426185548306 0.0)
(1.0009516477584839 -0.0024640983901917934 0.0)
(-0.000441133975982666 -0.017037848010659218 0.0)
(0.009597539901733398 -0.01511129830032587 0.0)
(0.00792992115020752 0.01649053581058979 0.0)
(-0.007587611675262451 -0.023750947788357735 0.0)
(1.0042535066604614 -0.00478381896391511 0.0)
(0.3043704628944397 0.5339819192886353 0.0)
(0.3427361845970154 0.5573996305465698 0.0)
(0.44591474533081055 0.04315256327390671 0.0)
(-0.013468623161315918 -0.021758176386356354 0.0)
(-0.009258866310119629 -0.003466599388048053 0.0)
(-0.02257251739501953 0.042746782302856445 0.0)
(0.06827837228775024 0.008157722651958466 0.0)
(0.7919298410415649 0.18551672995090485 0.0)
(-0.020285367965698242 0.0518169105052948 0.0)
(-0.02048337459564209 0.053794439882040024 0.0)
(-0.021680772304534912 0.05393984168767929 0.0)
(0.1678115725517273 -0.34648823738098145 0.0)
(0.07001912593841553 -0.0037727393209934235 0.0)
(0.103671133518219 -0.003315552370622754 0.0)
(-0.013500750064849854 -0.040200453251600266 0.0)
(-0.016135990619659424 -0.04542389139533043 0.0)
(0.45441120862960815 -0.042472269386053085 0.0)
(0.5314925909042358 -0.05709339678287506 0.0)
(-0.022392690181732178 0.04442712292075157 0.0)
(-0.023367226123809814 0.04483162239193916 0.0)
(-0.02395719289779663 0.050824664533138275 0.0)
(-0.014674365520477295 -0.023023322224617004 0.0)
(-0.011620938777923584 -0.025563780218362808 0.0)
(-0.007039129734039307 -0.020471619442105293 0.0)
(-0.01614820957183838 0.045223332941532135 0.0)
(-0.019185304641723633 0.0474880151450634 0.0)
(-0.01872962713241577 0.044253673404455185 0.0)
(0.12867820262908936 0.004359338898211718 0.0)
(0.8764318227767944 -0.22979533672332764 0.0)
(0.8757608532905579 -0.21687503159046173 0.0)
(1.004068374633789 -0.2848231792449951 0.0)
(-0.020062029361724854 -0.04319102317094803 0.0)
(0.20801007747650146 0.3804335296154022 0.0)
(0.21506738662719727 0.3545612096786499 0.0)
(0.2429371476173401 0.40287861227989197 0.0)
(0.13629353046417236 0.18198344111442566 0.0)
(0.15170729160308838 0.1528870314359665 0.0)
(0.16263943910598755 0.2084706425666809 0.0)
(0.03258484601974487 0.012174692936241627 0.0)
(0.06503170728683472 0.010081383399665356 0.0)
(0.029245197772979736 0.014665297232568264 0.0)
(1.0538201332092285 -0.00834210030734539 0.0)
(1.0532901287078857 -0.00930531695485115 0.0)
(1.0562183856964111 -0.008043235167860985 0.0)
(0.38278064131736755 -0.6309493184089661 0.0)
(0.3748156726360321 -0.5932440757751465 0.0)
(1.0257357358932495 -0.3454829752445221 0.0)
(1.0740941762924194 -0.34392622113227844 0.0)
(1.109389066696167 -0.3974236845970154 0.0)
(1.0301055908203125 -0.007521259132772684 0.0)
(1.0317412614822388 -0.008696557953953743 0.0)
(1.0314470529556274 -0.006965095642954111 0.0)
(0.8287315368652344 0.014511489309370518 0.0)
(0.7732251286506653 0.011523186229169369 0.0)
(0.13678693771362305 -0.003931842278689146 0.0)
(0.4283108115196228 -0.6417140960693359 0.0)
(0.5622974634170532 0.07669100165367126 0.0)
(-0.01895374059677124 0.04361500218510628 0.0)
(-0.018902301788330078 0.040192581713199615 0.0)
(-0.018848657608032227 -0.053053565323352814 0.0)
(0.12811940908432007 -0.001806985354050994 0.0)
(0.11302971839904785 -0.0010984729742631316 0.0)
(-0.01812690496444702 0.04980926588177681 0.0)
(0.3263082504272461 0.02202620357275009 0.0)
(0.23847687244415283 -0.42822590470314026 0.0)
(0.006676673889160156 0.01974210888147354 0.0)
(0.7066369652748108 -0.7572927474975586 0.0)
(0.7004119753837585 0.7606410384178162 0.0)
(0.7467872500419617 0.7601718902587891 0.0)
(1.0564098358154297 0.00587132852524519 0.0)
(1.0027647018432617 -0.0036298069171607494 0.0)
(1.0034364461898804 -0.004649692680686712 0.0)
(0.9366881847381592 0.01798224076628685 0.0)
(1.0644354820251465 -0.00204191985540092 0.0)
(1.063400149345398 -0.0013586871791630983 0.0)
(1.088178277015686 0.6035767793655396 0.0)
(1.1307110786437988 0.5920069217681885 0.0)
(1.009798526763916 -0.006846765987575054 0.0)
(0.9529042840003967 0.7415844202041626 0.0)
(1.0314372777938843 0.009396636858582497 0.0)
(1.0305345058441162 0.010002531111240387 0.0)
(1.0489802360534668 -0.672648012638092 0.0)
(1.0045311450958252 -0.6813069581985474 0.0)
(1.0445784330368042 0.006031227298080921 0.0)
(0.567004919052124 0.06659357249736786 0.0)
(1.0341618061065674 0.013973372057080269 0.0)
(1.0353217124938965 0.014743996784090996 0.0)
(1.061915397644043 0.004599717445671558 0.0)
(1.0616326332092285 0.004624014720320702 0.0)
(0.8349540829658508 -0.1684601902961731 0.0)
(0.991381049156189 0.6139122247695923 0.0)
(1.0315436124801636 -0.004634162411093712 0.0)
(0.8720139265060425 -0.16972632706165314 0.0)
(0.6337547898292542 -0.742340087890625 0.0)
(1.0376356840133667 0.0057566906325519085 0.0)
(1.0330004692077637 0.012793151661753654 0.0)
(1.0340936183929443 0.013433524407446384 0.0)
(0.3794306814670563 0.6106188297271729 0.0)
(1.0451773405075073 0.006751515436917543 0.0)
(0.2040504813194275 -0.3729959726333618 0.0)
(0.12936794757843018 0.0046284315176308155 0.0)
(1.001361608505249 -0.0024684693198651075 0.0)
(0.44350481033325195 -0.6769570708274841 0.0)
(0.9900580644607544 0.017614897340536118 0.0)
(1.0410480499267578 -0.017252082005143166 0.0)
(1.0401180982589722 -0.0165984109044075 0.0)
(1.0387156009674072 -0.01568525657057762 0.0)
(1.0060999393463135 0.7128323912620544 0.0)
(1.012547492980957 0.6904212832450867 0.0)
(-0.02116316556930542 -0.047919515520334244 0.0)
(0.8874725699424744 0.01631472073495388 0.0)
(-0.012261271476745605 -0.014471390284597874 0.0)
(-0.016231894493103027 -0.019379351288080215 0.0)
(0.7245417833328247 0.19175773859024048 0.0)
(0.5585674047470093 -0.7172896265983582 0.0)
(0.5118639469146729 -0.7138893008232117 0.0)
(1.053667426109314 0.006232032552361488 0.0)
(1.0554251670837402 0.006414083763957024 0.0)
(1.0534415245056152 0.0068209110759198666 0.0)
(0.9686678647994995 0.3078206777572632 0.0)
(0.916867733001709 -0.7467248439788818 0.0)
(0.7243824601173401 -0.7744049429893494 0.0)
(0.7958624362945557 -0.7722870707511902 0.0)
(0.7773422598838806 -0.7666804790496826 0.0)
(1.0233941078186035 -0.011507315561175346 0.0)
(1.0266599655151367 -0.01135476864874363 0.0)
(1.1192255020141602 -0.4438718259334564 0.0)
(1.0711030960083008 -0.44355908036231995 0.0)
(1.1362868547439575 -0.4984254539012909 0.0)
(0.127804696559906 -0.18080829083919525 0.0)
(0.14324963092803955 -0.1561577320098877 0.0)
(-0.01609402894973755 -0.025670252740383148 0.0)
(-0.012424290180206299 -0.02786639891564846 0.0)
(1.0380498170852661 0.0065239123068749905 0.0)
(0.5029443502426147 0.6977512240409851 0.0)
(0.5532532930374146 0.7119271159172058 0.0)
(0.17439597845077515 0.2565367519855499 0.0)
(0.025252461433410645 -0.011825998313724995 0.0)
(0.023596584796905518 -0.008761254139244556 0.0)
(1.1246141195297241 -0.5458037257194519 0.0)
(1.0769709348678589 -0.5489619970321655 0.0)
(0.12007713317871094 0.006485352758318186 0.0)
(0.11522763967514038 0.007327841129153967 0.0)
(-0.019145190715789795 0.0336165688931942 0.0)
(-0.017580032348632812 0.03982190787792206 0.0)
(1.0653883218765259 0.44273707270622253 0.0)
(0.6262418627738953 0.10692033171653748 0.0)
(0.6750975847244263 0.1286342740058899 0.0)
(0.7327208518981934 0.13864344358444214 0.0)
(0.7308298349380493 0.1543320268392563 0.0)
(0.8466764092445374 0.19457092881202698 0.0)
(0.7857686281204224 0.16414999961853027 0.0)
(0.8468948602676392 0.22063907980918884 0.0)
(0.9030940532684326 0.23001797497272491 0.0)
(1.0365235805511475 0.0062034945003688335 0.0)
(-0.016504943370819092 0.025996219366788864 0.0)
(-0.01889902353286743 0.022753767669200897 0.0)
(1.0048766136169434 -0.005517386831343174 0.0)
(1.0052316188812256 -0.005083304364234209 0.0)
(1.0417875051498413 -0.011486186645925045 0.0)
(1.043897271156311 -0.010486065410077572 0.0)
(-0.016941428184509277 -0.05084702745079994 0.0)
(-0.02388632297515869 -0.04817258566617966 0.0)
(0.1367335319519043 -0.23321501910686493 0.0)
(0.15021246671676636 -0.20819008350372314 0.0)
(-0.016120553016662598 0.030905410647392273 0.0)
(-0.017537295818328857 0.02856554090976715 0.0)
(0.43189969658851624 -0.03569287806749344 0.0)
(0.4833689033985138 -0.043194398283958435 0.0)
(0.5161662101745605 -0.05061270669102669 0.0)
(0.2733561396598816 0.4540477395057678 0.0)
(0.26768773794174194 0.48389315605163574 0.0)
(-0.020457148551940918 -0.032057326287031174 0.0)
(-0.013554990291595459 0.005368444137275219 0.0)
(-0.01925867795944214 -0.033388614654541016 0.0)
(-0.013782143592834473 -0.03181450441479683 0.0)
(-0.015449702739715576 -0.038731515407562256 0.0)
(1.0399112701416016 -0.01788627728819847 0.0)
(-0.016408085823059082 0.03525814041495323 0.0)
(-0.01803719997406006 0.037912677973508835 0.0)
(-0.01751798391342163 0.03340846672654152 0.0)
(-0.017848849296569824 -0.05191566422581673 0.0)
(-0.01930415630340576 -0.052284132689237595 0.0)
(-0.01981806755065918 -0.05495147407054901 0.0)
(0.14647537469863892 -0.001212682924233377 0.0)
(1.042273759841919 0.006537651643157005 0.0)
(-0.011916100978851318 0.02473369985818863 0.0)
(-0.017988383769989014 0.027481550350785255 0.0)
(0.5592186450958252 -0.06664197891950607 0.0)
(0.5102288722991943 -0.05857282876968384 0.0)
(0.30656111240386963 0.5059816241264343 0.0)
(1.0124162435531616 -0.007538294419646263 0.0)
(1.0107662677764893 -0.007883972488343716 0.0)
(1.012894630432129 -0.008525365963578224 0.0)
(-0.01504981517791748 -0.006680105812847614 0.0)
(-0.011295139789581299 -0.009435300715267658 0.0)
(1.0631296634674072 0.0013342909514904022 0.0)
(1.0623974800109863 0.0019456804729998112 0.0)
(1.0068448781967163 -0.005745511967688799 0.0)
(1.0061819553375244 -0.00612265057861805 0.0)
(1.0085731744766235 -0.006960838567465544 0.0)
(1.062273621559143 -0.00014273085980676115 0.0)
(1.0636235475540161 -0.0007827962981536984 0.0)
(1.0624428987503052 0.0008236044668592513 0.0)
(0.2998811602592468 -0.013095993548631668 0.0)
(0.3805250823497772 -0.02357485145330429 0.0)
(0.9093502163887024 0.7559052109718323 0.0)
(0.47771966457366943 0.047290414571762085 0.0)
(0.3799836039543152 0.030207667499780655 0.0)
(-0.016031265258789062 0.0023351360578089952 0.0)
(0.2478879690170288 -0.007459412794560194 0.0)
(0.32216745615005493 -0.01576911471784115 0.0)
(1.029400110244751 -0.011191870085895061 0.0)
(1.0275614261627197 -0.012069353833794594 0.0)
(1.0309878587722778 -0.012071232311427593 0.0)
(0.17328894138336182 0.005142382811754942 0.0)
(0.1823490858078003 0.006401958875358105 0.0)
(1.0171141624450684 0.35375094413757324 0.0)
(1.06690514087677 0.3605085611343384 0.0)
(0.6412865519523621 -0.09371519833803177 0.0)
(0.7679256796836853 -0.12874990701675415 0.0)
(0.2190430760383606 0.008490166626870632 0.0)
(0.24036961793899536 0.010960225947201252 0.0)
(1.0544862747192383 0.39957574009895325 0.0)
(1.1091996431350708 0.4464905261993408 0.0)
(1.097425937652588 0.40415751934051514 0.0)
(1.0484222173690796 -0.010031530633568764 0.0)
(1.0462082624435425 -0.011301314458251 0.0)
(1.0501664876937866 -0.010386464186012745 0.0)
(0.41198885440826416 0.03402770310640335 0.0)
(0.17766106128692627 -0.31670358777046204 0.0)
(0.1483427882194519 -0.2909945845603943 0.0)
(-0.0207633376121521 0.009577106684446335 0.0)
(1.0624994039535522 -0.594573438167572 0.0)
(1.107781171798706 -0.5948305130004883 0.0)
(1.079485535621643 -0.6326600909233093 0.0)
(0.8216979503631592 0.7702001929283142 0.0)
(0.843533992767334 0.7702425718307495 0.0)
(1.0204217433929443 -0.2672061324119568 0.0)
(0.5677834749221802 0.08701527863740921 0.0)
(0.6234161853790283 0.09474927932024002 0.0)
(0.04481881856918335 -0.005967213772237301 0.0)
(0.044407784938812256 -0.008230497129261494 0.0)
(0.07478809356689453 -0.004270455799996853 0.0)
(0.20237183570861816 -0.004430020228028297 0.0)
(0.2639615535736084 -0.009384967386722565 0.0)
(1.0955109596252441 0.5014767646789551 0.0)
(1.1291885375976562 0.49395817518234253 0.0)
(1.1420252323150635 0.5461738109588623 0.0)
(0.8588309288024902 -0.764691174030304 0.0)
(0.9022940397262573 -0.7567623257637024 0.0)
(0.837751030921936 -0.7708876132965088 0.0)
(0.5486553907394409 0.062084123492240906 0.0)
(0.9692778587341309 -0.7163978815078735 0.0)
(0.9603446125984192 -0.7366884350776672 0.0)
(1.0590837001800537 0.005392930004745722 0.0)
(1.0581798553466797 0.006096385885030031 0.0)
(1.0380911827087402 -0.015351256355643272 0.0)
(1.0399826765060425 -0.016710864380002022 0.0)
(1.0418356657028198 -0.017943667247891426 0.0)
(1.0409568548202515 -0.017448142170906067 0.0)
(1.0389589071273804 -0.01632949896156788 0.0)
(0.16078126430511475 -0.259539395570755 0.0)
(0.20848530530929565 -0.0055956714786589146 0.0)
(0.3816266357898712 0.539901077747345 0.0)
(1.0012284517288208 -0.006302354857325554 0.0)
(1.00118088722229 -0.006755249574780464 0.0)
(1.0013210773468018 -0.007148076314479113 0.0)
(1.0007338523864746 -0.007381651550531387 0.0)
(1.0010218620300293 -0.007719914894551039 0.0)
(1.0005310773849487 -0.007840501144528389 0.0)
(1.0008636713027954 -0.008402328006923199 0.0)
(1.0003156661987305 -0.007816136814653873 0.0)
(1.000458836555481 -0.008581584319472313 0.0)
(0.9999864101409912 -0.007822227664291859 0.0)
(1.0000345706939697 -0.008224436081945896 0.0)
(0.999700665473938 -0.00740425568073988 0.0)
(0.9995579719543457 -0.007896197959780693 0.0)
(0.9992621541023254 -0.006345705129206181 0.0)
(0.9991517663002014 -0.00721337553113699 0.0)
(0.9984806180000305 -0.005898899398744106 0.0)
(0.998661994934082 -0.006528337951749563 0.0)
(0.9980441927909851 -0.004820461384952068 0.0)
(0.9977965354919434 -0.005882838740944862 0.0)
(0.9979099035263062 -0.0035297535359859467 0.0)
(0.9972319602966309 -0.004495634231716394 0.0)
(0.9973386526107788 -0.002226907992735505 0.0)
(0.9973427057266235 -0.0032932099420577288 0.0)
(0.9971801042556763 -0.0008259235764853656 0.0)
(0.996864914894104 -0.0019135228358209133 0.0)
(0.9975982308387756 0.0008895794744603336 0.0)
(0.9971991777420044 0.00010113490861840546 0.0)
(0.9974777698516846 0.002287448849529028 0.0)
(0.9973926544189453 0.0015986708458513021 0.0)
(0.9974192380905151 0.0034493787679821253 0.0)
(0.997367262840271 0.003147585317492485 0.0)
(0.9977365732192993 0.004646996036171913 0.0)
(0.9973236322402954 0.004506571684032679 0.0)
(0.9979695677757263 0.005674159619957209 0.0)
(0.9975306391716003 0.00580352358520031 0.0)
(0.9988154768943787 0.006350754760205746 0.0)
(0.9979419112205505 0.006464984733611345 0.0)
(0.999272346496582 0.007109815254807472 0.0)
(0.9988611340522766 0.0073358966037631035 0.0)
(0.9993525743484497 0.0070024761371314526 0.0)
(0.9992424249649048 0.007845546118915081 0.0)
(0.9998779296875 0.00706875417381525 0.0)
(0.9996752738952637 0.00789706315845251 0.0)
(1.0003342628479004 0.007005120627582073 0.0)
(1.0002762079238892 0.007665157318115234 0.0)
(1.00032639503479 0.0066264900378882885 0.0)
(1.0006999969482422 0.007517822086811066 0.0)
(1.0009167194366455 0.0063278996385633945 0.0)
(1.0010037422180176 0.007184585556387901 0.0)
(1.0012403726577759 0.006017123349010944 0.0)
(1.0015980005264282 0.006729339715093374 0.0)
(1.001494288444519 0.005560560151934624 0.0)
(1.0017306804656982 0.006496141664683819 0.0)
(1.0017058849334717 0.004864866845309734 0.0)
(1.001652717590332 0.005641732830554247 0.0)
(1.0016977787017822 0.0038643612060695887 0.0)
(1.0017305612564087 0.004751056432723999 0.0)
(1.0018149614334106 0.00314894481562078 0.0)
(1.0017187595367432 0.003855291986837983 0.0)
(0.457848459482193 -0.6079899668693542 0.0)
(0.7341129183769226 0.11269938200712204 0.0)
(-0.019525110721588135 -0.05646063759922981 0.0)
(-0.01919686794281006 -0.054729562252759933 0.0)
(0.20425355434417725 -0.003980555571615696 0.0)
(0.023256003856658936 -0.01498956698924303 0.0)
(0.34489452838897705 0.02375572733581066 0.0)
(0.26937055587768555 0.013487746939063072 0.0)
(0.27579265832901 -0.410371333360672 0.0)
(0.6435894966125488 0.7221738696098328 0.0)
(0.6840193867683411 0.7237741351127625 0.0)
(0.7209290862083435 -0.7182702422142029 0.0)
(-0.0204087495803833 -0.05156045779585838 0.0)
(1.0628362894058228 0.0056824758648872375 0.0)
(1.064561128616333 -0.0024810268077999353 0.0)
(0.607512354850769 0.0704265609383583 0.0)
(0.41527503728866577 0.5932726263999939 0.0)
(0.20869576930999756 0.2535322606563568 0.0)
(1.0322449207305908 0.011557094752788544 0.0)
(1.060883641242981 0.005507665686309338 0.0)
(-0.019484281539916992 -0.036019738763570786 0.0)
(1.0555140972137451 0.6490800380706787 0.0)
(1.0566072463989258 0.6734151840209961 0.0)
(1.097977876663208 0.6340503096580505 0.0)
(1.0023916959762573 0.003325866302475333 0.0)
(1.0034064054489136 0.0037259922828525305 0.0)
(1.0026309490203857 0.0035464195534586906 0.0)
(1.005049228668213 0.004743185825645924 0.0)
(1.0038068294525146 0.00491863489151001 0.0)
(1.0068690776824951 0.006147853098809719 0.0)
(1.00615656375885 0.006245070602744818 0.0)
(1.0088274478912354 0.006788340397179127 0.0)
(1.007977843284607 0.006967548746615648 0.0)
(1.0115011930465698 0.007518276572227478 0.0)
(1.0102876424789429 0.007887039333581924 0.0)
(1.0139100551605225 0.008411719463765621 0.0)
(1.012794017791748 0.008952243253588676 0.0)
(1.0165883302688599 0.00907825492322445 0.0)
(1.0152597427368164 0.009934728033840656 0.0)
(1.0197118520736694 0.009372971020638943 0.0)
(1.0187022686004639 0.010655909776687622 0.0)
(1.02308988571167 0.009881866164505482 0.0)
(1.0223569869995117 0.01120741292834282 0.0)
(1.0264981985092163 0.010478978045284748 0.0)
(1.0251777172088623 0.011312524788081646 0.0)
(1.0305038690567017 0.011323858983814716 0.0)
(1.0279179811477661 0.011990903876721859 0.0)
(1.0349597930908203 0.01186584122478962 0.0)
(1.0323026180267334 0.012418256141245365 0.0)
(1.0384174585342407 0.01136782392859459 0.0)
(1.0369389057159424 0.012290717102587223 0.0)
(1.0422099828720093 0.011475619859993458 0.0)
(1.0404553413391113 0.012507420964539051 0.0)
(1.0460540056228638 0.01048017293214798 0.0)
(1.0447750091552734 0.011972661130130291 0.0)
(1.0493870973587036 0.009550916962325573 0.0)
(1.048063039779663 0.010726600885391235 0.0)
(1.0520532131195068 0.008663477376103401 0.0)
(1.0511163473129272 0.009819421917200089 0.0)
(1.0552544593811035 0.007456679362803698 0.0)
(1.054309606552124 0.008744918741285801 0.0)
(1.0569177865982056 0.006220408249646425 0.0)
(1.056719183921814 0.007446666713804007 0.0)
(1.0589282512664795 0.005073429085314274 0.0)
(1.0581499338150024 0.005807977169752121 0.0)
(1.0606648921966553 0.0036252494901418686 0.0)
(1.0605145692825317 0.004290791694074869 0.0)
(1.061455488204956 0.0021629922557622194 0.0)
(1.0621312856674194 0.0027913525700569153 0.0)
(1.061808466911316 0.0008464548154734075 0.0)
(1.062065839767456 0.0014346775133162737 0.0)
(1.0605525970458984 -0.0005874682683497667 0.0)
(1.0617992877960205 -4.529512079898268e-05 0.0)
(1.0610363483428955 -0.0019299464765936136 0.0)
(1.0590462684631348 -0.001609740313142538 0.0)
(1.0585483312606812 -0.0029335487633943558 0.0)
(1.0604016780853271 -0.002502676099538803 0.0)
(1.056741714477539 -0.00415182625874877 0.0)
(1.0565146207809448 -0.00375205441378057 0.0)
(1.0571095943450928 -0.0043828170746564865 0.0)
(1.0576870441436768 -0.004676977172493935 0.0)
(1.0550932884216309 -0.00502703757956624 0.0)
(1.0557994842529297 -0.005161609034985304 0.0)
(1.0533790588378906 -0.00551804481074214 0.0)
(1.0540333986282349 -0.005655044689774513 0.0)
(1.05137038230896 -0.005835533607751131 0.0)
(1.0519435405731201 -0.006412999238818884 0.0)
(1.0495704412460327 -0.0060329074040055275 0.0)
(1.0503705739974976 -0.006671284791082144 0.0)
(1.0477054119110107 -0.006134030409157276 0.0)
(1.0488462448120117 -0.006644595880061388 0.0)
(1.0457050800323486 -0.006145653780549765 0.0)
(1.0473310947418213 -0.006844833958894014 0.0)
(1.0439051389694214 -0.006475738249719143 0.0)
(1.045605182647705 -0.007156152743846178 0.0)
(1.0412604808807373 -0.006109087727963924 0.0)
(1.0429701805114746 -0.007083978969603777 0.0)
(1.03938627243042 -0.005773110315203667 0.0)
(1.040466070175171 -0.0062841568142175674 0.0)
(1.037928581237793 -0.005533947143703699 0.0)
(1.0388380289077759 -0.006193248089402914 0.0)
(1.0363869667053223 -0.00564954848960042 0.0)
(1.0366575717926025 -0.006157109048217535 0.0)
(1.033873438835144 -0.004962158855050802 0.0)
(1.035545825958252 -0.006220539566129446 0.0)
(1.0180079936981201 -0.21235869824886322 0.0)
(1.0332283973693848 0.012366843409836292 0.0)
(0.3166736364364624 -0.46186816692352295 0.0)
(0.31280839443206787 -0.4224049150943756 0.0)
(0.028663575649261475 0.018841350451111794 0.0)
(1.0648123025894165 -0.004578909836709499 0.0)
(1.0664458274841309 -0.003656252520158887 0.0)
(1.0386271476745605 -0.014471187256276608 0.0)
(0.2908605933189392 0.015926256775856018 0.0)
(-0.020849168300628662 -0.055161092430353165 0.0)
(-0.020999550819396973 -0.051882240921258926 0.0)
(1.0617015361785889 0.005404596216976643 0.0)
(-0.015982866287231445 -0.03993602097034454 0.0)
(-0.020389974117279053 -0.06099932640790939 0.0)
(0.47928914427757263 0.04232112318277359 0.0)
(1.0321236848831177 0.010911642573773861 0.0)
(1.0339078903198242 0.012416455894708633 0.0)
(1.0402312278747559 0.007825411856174469 0.0)
(0.19994789361953735 -0.25723040103912354 0.0)
(1.040010690689087 -0.016667520627379417 0.0)
(1.0410053730010986 -0.017938673496246338 0.0)
(1.041148066520691 -0.018488174304366112 0.0)
(1.0414183139801025 -0.01863805390894413 0.0)
(1.0399056673049927 -0.01725703850388527 0.0)
(1.0412077903747559 -0.018477819859981537 0.0)
(1.0403999090194702 -0.017491083592176437 0.0)
(-0.02097374200820923 -0.049228060990571976 0.0)
(0.8704699277877808 0.018698053434491158 0.0)
(1.034281611442566 0.007295188028365374 0.0)
(0.7932931184768677 -0.7259061932563782 0.0)
(0.7598955631256104 -0.7029145359992981 0.0)
(0.17381620407104492 -0.052063338458538055 0.0)
(0.9681856632232666 0.018742261454463005 0.0)
(0.922172486782074 0.01928138919174671 0.0)
(0.3564271330833435 -0.5142028331756592 0.0)
(0.6722930669784546 0.11530493944883347 0.0)
(1.0020980834960938 -0.0036387296859174967 0.0)
(0.3628004491329193 -0.019734513014554977 0.0)
(0.31519997119903564 0.44019001722335815 0.0)
(1.0472031831741333 0.008261899463832378 0.0)
(1.1829625368118286 -0.5202924609184265 0.0)
(-0.022088706493377686 0.031154567375779152 0.0)
(-0.01709955930709839 0.02960094064474106 0.0)
(-0.018662214279174805 0.03340468183159828 0.0)
(1.0597997903823853 0.005962866358458996 0.0)
(0.19711428880691528 0.008627518080174923 0.0)
(0.19154101610183716 0.009936830960214138 0.0)
(0.7341547608375549 0.10386083275079727 0.0)
(0.7494750022888184 0.09740862995386124 0.0)
(1.0341743230819702 -0.01452599186450243 0.0)
(1.0372123718261719 -0.016023172065615654 0.0)
(0.174352765083313 0.04852157086133957 0.0)
(1.0383806228637695 -0.018458129838109016 0.0)
(1.0420209169387817 -0.0192422978579998 0.0)
(0.8900336027145386 0.7598676681518555 0.0)
(-0.02131474018096924 0.0175239909440279 0.0)
(-0.011184990406036377 -0.03440740332007408 0.0)
(-0.01914602518081665 -0.052186738699674606 0.0)
(-0.01915377378463745 -0.03746281936764717 0.0)
(0.2351352572441101 -0.008762933313846588 0.0)
(-0.022125720977783203 0.053843602538108826 0.0)
(0.5769944190979004 -0.05491439998149872 0.0)
(1.0470161437988281 -0.26269981265068054 0.0)
(0.20878034830093384 -0.30794021487236023 0.0)
(0.22255170345306396 -0.2759130895137787 0.0)
(0.9025543928146362 0.258602499961853 0.0)
(1.015488624572754 0.3124486207962036 0.0)
(0.9557622671127319 0.26613929867744446 0.0)
(1.169644832611084 0.5523146986961365 0.0)
(0.4934147894382477 -0.6824012994766235 0.0)
(0.2949148416519165 -0.01412666030228138 0.0)
(0.29535984992980957 -0.013174893334507942 0.0)
(0.37162816524505615 -0.021117348223924637 0.0)
(0.917177140712738 -0.2075854241847992 0.0)
(1.1866105794906616 -0.4775495231151581 0.0)
(1.0362797975540161 0.00769205205142498 0.0)
(1.0357708930969238 0.007911560125648975 0.0)
(0.16641128063201904 -0.004351859912276268 0.0)
(0.2213071584701538 -0.006519039161503315 0.0)
(0.6498798727989197 -0.7035085558891296 0.0)
(0.7220706343650818 0.0028858506120741367 0.0)
(-0.02203083038330078 0.01634945720434189 0.0)
(-0.019788086414337158 -0.049162570387125015 0.0)
(-0.022680938243865967 -0.050689879804849625 0.0)
(0.6774619817733765 -0.08434755355119705 0.0)
(1.1228063106536865 -0.3307455778121948 0.0)
(1.142303466796875 -0.32253706455230713 0.0)
(0.17424875497817993 -0.10395405441522598 0.0)
(0.19323420524597168 -0.07738026976585388 0.0)
(-0.02392357587814331 0.006738055031746626 0.0)
(0.5462195873260498 -0.06878729164600372 0.0)
(0.5869489908218384 -0.076004758477211 0.0)
(0.661078155040741 -0.09263036400079727 0.0)
(0.4570026993751526 0.647423267364502 0.0)
(0.45338454842567444 0.6091130375862122 0.0)
(0.49906429648399353 0.6623745560646057 0.0)
(-0.022077441215515137 0.00937979482114315 0.0)
(0.34793657064437866 0.48993760347366333 0.0)
(0.35130706429481506 0.45433226227760315 0.0)
(0.38277462124824524 0.5031254291534424 0.0)
(0.9631592035293579 0.7152459621429443 0.0)
(1.0325071811676025 -0.005844849161803722 0.0)
(1.063543677330017 0.0039863502606749535 0.0)
(1.064115047454834 0.005716552957892418 0.0)
(1.0434019565582275 0.00793536938726902 0.0)
(1.0446546077728271 0.009087959304451942 0.0)
(1.0412802696228027 0.008536809124052525 0.0)
(0.9578112363815308 -0.21152281761169434 0.0)
(-0.01704871654510498 -0.03896932676434517 0.0)
(-0.005728483200073242 -0.037631597369909286 0.0)
(1.167396068572998 -0.30251452326774597 0.0)
(1.030443549156189 0.006685297470539808 0.0)
(0.5027888417243958 -0.6102911829948425 0.0)
(0.18900513648986816 0.14985720813274384 0.0)
(-0.021432697772979736 -0.05921323969960213 0.0)
(0.25797951221466064 -0.007863055914640427 0.0)
(0.2247714400291443 -0.0052399905398488045 0.0)
(1.0329573154449463 0.011167991906404495 0.0)
(1.0343074798583984 0.012059925124049187 0.0)
(1.0032559633255005 -0.004951866343617439 0.0)
(1.0322539806365967 0.006881279870867729 0.0)
(1.0342345237731934 0.007361132651567459 0.0)
(1.0322797298431396 0.007302618585526943 0.0)
(1.0607757568359375 -0.008374647237360477 0.0)
(1.0327041149139404 -0.00882196705788374 0.0)
(0.27675628662109375 -0.3740837872028351 0.0)
(0.7664591073989868 0.716600775718689 0.0)
(0.6923564672470093 -0.6905997395515442 0.0)
(1.0129486322402954 -0.7062774300575256 0.0)
(0.40598925948143005 -0.565255880355835 0.0)
(1.1865077018737793 0.5298968553543091 0.0)
(1.1801116466522217 0.5060642957687378 0.0)
(1.0521107912063599 0.008594420738518238 0.0)
(0.5209883451461792 -0.647369384765625 0.0)
(-0.016272366046905518 -0.012425155378878117 0.0)
(1.141932487487793 0.5904582738876343 0.0)
(0.4175474941730499 0.5553321838378906 0.0)
(1.0329115390777588 0.009847925044596195 0.0)
(1.0336976051330566 0.01062515377998352 0.0)
(-0.020013868808746338 -0.006598262116312981 0.0)
(0.44608446955680847 -0.5697819590568542 0.0)
(-0.023051023483276367 0.047047846019268036 0.0)
(0.7439993619918823 0.10927487909793854 0.0)
(0.5522387027740479 0.05925064533948898 0.0)
(-0.021993398666381836 0.048190779983997345 0.0)
(1.0343282222747803 0.012967483140528202 0.0)
(1.0349196195602417 0.013803428038954735 0.0)
(1.0623074769973755 0.0067051793448626995 0.0)
(-0.02005016803741455 -0.06365931034088135 0.0)
(-0.018946349620819092 -0.05896668881177902 0.0)
(1.0016043186187744 0.0026503861881792545 0.0)
(1.0629123449325562 -0.005974864587187767 0.0)
(1.0621416568756104 -0.007912877015769482 0.0)
(1.064481496810913 -0.005606367718428373 0.0)
(1.0388758182525635 0.018313514068722725 0.0)
(1.115468144416809 -0.2518044114112854 0.0)
(1.0944548845291138 -0.254764199256897 0.0)
(1.0497441291809082 0.00878441333770752 0.0)
(1.049924612045288 0.009580646641552448 0.0)
(1.0484557151794434 0.009587561711668968 0.0)
(1.0625511407852173 0.006888143252581358 0.0)
(1.0321372747421265 0.00830857828259468 0.0)
(1.0326069593429565 0.018773434683680534 0.0)
(1.0188931226730347 0.019868606701493263 0.0)
(0.02483391761779785 0.02263686992228031 0.0)
(0.0036467909812927246 0.02603108622133732 0.0)
(1.0386111736297607 0.01782851479947567 0.0)
(1.0397975444793701 0.019137734547257423 0.0)
(1.0383484363555908 0.018957657739520073 0.0)
(1.037595272064209 0.017786510288715363 0.0)
(1.0382957458496094 0.018503613770008087 0.0)
(1.036691427230835 0.016185294836759567 0.0)
(1.0368106365203857 -0.013209559954702854 0.0)
(0.5816980004310608 0.06265796720981598 0.0)
(1.040788173675537 -0.015466957353055477 0.0)
(1.0423449277877808 -0.013814005069434643 0.0)
(1.0022164583206177 0.0033163928892463446 0.0)
(0.40140658617019653 0.029050642624497414 0.0)
(1.2193667888641357 -0.3349662125110626 0.0)
(1.2067670822143555 -0.34597277641296387 0.0)
(1.1227483749389648 0.35873255133628845 0.0)
(0.05529284477233887 -0.012863840907812119 0.0)
(0.055041611194610596 -0.010981924831867218 0.0)
(0.818111777305603 -0.01410453300923109 0.0)
(-0.015067577362060547 -0.053694017231464386 0.0)
(1.010076642036438 -0.01856684498488903 0.0)
(1.0283100605010986 -0.018919989466667175 0.0)
(0.9014326333999634 0.726593554019928 0.0)
(0.8195949196815491 0.1307389885187149 0.0)
(1.037960410118103 -0.014580135233700275 0.0)
(1.0371495485305786 -0.013878789730370045 0.0)
(1.0325063467025757 -0.006927658338099718 0.0)
(1.0319476127624512 -0.007937350310385227 0.0)
(1.0328153371810913 -0.00678190728649497 0.0)
(0.39600610733032227 -0.5250426530838013 0.0)
(-0.019063293933868408 -0.04467400163412094 0.0)
(-0.02445465326309204 -0.0180695541203022 0.0)
(0.23979312181472778 -0.35993167757987976 0.0)
(0.7683740258216858 0.013018026947975159 0.0)
(1.054910659790039 0.008381560444831848 0.0)
(1.0521451234817505 0.009200622327625751 0.0)
(-0.02221912145614624 -0.0557464063167572 0.0)
(-0.021889030933380127 -0.05493937060236931 0.0)
(0.27555620670318604 0.015107845887541771 0.0)
(0.8387402296066284 0.12823909521102905 0.0)
(1.0383751392364502 0.00751110864803195 0.0)
(0.8291110992431641 -0.708294689655304 0.0)
(0.19868767261505127 0.20339123904705048 0.0)
(0.21271562576293945 0.1753133088350296 0.0)
(0.2223188877105713 0.22304531931877136 0.0)
(1.0236358642578125 -0.013322539627552032 0.0)
(0.19305217266082764 -0.02858489379286766 0.0)
(0.17259490489959717 -0.0032493898179382086 0.0)
(1.033369541168213 -0.010275020264089108 0.0)
(1.0340856313705444 -0.01012900099158287 0.0)
(0.27302104234695435 0.01368606835603714 0.0)
(0.35541820526123047 -0.4737410545349121 0.0)
(1.0564347505569458 0.007598073221743107 0.0)
(1.0538243055343628 0.009295077063143253 0.0)
(1.1679798364639282 -0.3840590715408325 0.0)
(0.8132275342941284 0.01650954596698284 0.0)
(0.17957401275634766 -0.15554964542388916 0.0)
(0.19789564609527588 -0.1288079023361206 0.0)
(1.0320268869400024 -0.005053292028605938 0.0)
(0.06322222948074341 0.014763166196644306 0.0)
(-0.0130387544631958 -0.03230218216776848 0.0)
(1.0356833934783936 -0.012009723111987114 0.0)
(1.0362895727157593 -0.012636571191251278 0.0)
(1.0352556705474854 -0.011352374218404293 0.0)
(1.0167484283447266 -0.011762833222746849 0.0)
(0.8879296183586121 0.18301734328269958 0.0)
(0.582696795463562 0.6830498576164246 0.0)
(0.6257506608963013 0.6886294484138489 0.0)
(0.9935018420219421 0.6938972473144531 0.0)
(1.0165022611618042 0.6935809850692749 0.0)
(0.10441714525222778 0.010673381388187408 0.0)
(0.10350388288497925 0.011889751069247723 0.0)
(0.4501529932022095 -0.03144408017396927 0.0)
(0.4365593194961548 -0.02989793010056019 0.0)
(1.0010807514190674 -0.005431595724076033 0.0)
(1.203918218612671 -0.5058393478393555 0.0)
(1.0541292428970337 -0.01139928214251995 0.0)
(0.1819753646850586 0.012619679793715477 0.0)
(0.16992789506912231 0.011333420872688293 0.0)
(-0.017320215702056885 0.04130592197179794 0.0)
(-0.012814700603485107 0.04821821302175522 0.0)
(1.0507829189300537 -0.01260974258184433 0.0)
(1.0525723695755005 -0.012517307884991169 0.0)
(1.0389374494552612 -0.015666265040636063 0.0)
(0.9939692616462708 0.24426965415477753 0.0)
(0.6791852712631226 -0.07271165400743484 0.0)
(0.6320279240608215 -0.06838366389274597 0.0)
(1.1627665758132935 0.5698742866516113 0.0)
(-0.02190035581588745 0.02654794417321682 0.0)
(-0.023488163948059082 0.024212367832660675 0.0)
(0.582506537437439 -0.6775546073913574 0.0)
(0.559294581413269 -0.6440549492835999 0.0)
(0.0660560131072998 0.017634615302085876 0.0)
(0.8365135788917542 0.7331351041793823 0.0)
(0.8059614300727844 0.7103391289710999 0.0)
(0.8742653727531433 0.7163599729537964 0.0)
(0.23449063301086426 0.27226191759109497 0.0)
(0.2273847460746765 0.3011399507522583 0.0)
(-0.005846142768859863 -0.026713674888014793 0.0)
(0.18765109777450562 -0.20468515157699585 0.0)
(0.21562939882278442 -0.22696654498577118 0.0)
(0.20275288820266724 -0.17954309284687042 0.0)
(0.4992820620536804 0.04283604770898819 0.0)
(-0.02100551128387451 0.03167451173067093 0.0)
(-0.02450263500213623 0.02829914726316929 0.0)
(-0.0034908056259155273 -0.02971009723842144 0.0)
(0.670433521270752 -0.07873937487602234 0.0)
(0.7277209758758545 -0.08777026832103729 0.0)
(0.7466689348220825 -0.09666470438241959 0.0)
(-0.02294236421585083 0.056144073605537415 0.0)
(-0.021591782569885254 0.047639042139053345 0.0)
(-0.025158286094665527 0.048864979296922684 0.0)
(1.1799496412277222 -0.29579389095306396 0.0)
(-0.01977330446243286 -0.055196844041347504 0.0)
(-0.019622623920440674 -0.042530376464128494 0.0)
(-0.020419538021087646 -0.04622470587491989 0.0)
(1.1868780851364136 -0.5455768704414368 0.0)
(1.1615350246429443 -0.5622255206108093 0.0)
(-0.02083641290664673 0.03606139123439789 0.0)
(-0.022991538047790527 0.03398647531867027 0.0)
(1.0571955442428589 -0.010031252168118954 0.0)
(1.056363582611084 -0.011258237063884735 0.0)
(1.0596531629562378 -0.009785960428416729 0.0)
(1.019913911819458 -0.012403890490531921 0.0)
(1.0177379846572876 -0.013011489994823933 0.0)
(1.0217771530151367 -0.014023358933627605 0.0)
(0.010376691818237305 -0.021018987521529198 0.0)
(0.00801074504852295 -0.02257409878075123 0.0)
(0.02656233310699463 -0.017467813566327095 0.0)
(0.914090633392334 -0.017864741384983063 0.0)
(0.8491793274879456 -0.0167903620749712 0.0)
(0.9818114042282104 -0.019792012870311737 0.0)
(-0.02580970525741577 0.0013309705536812544 0.0)
(1.0134063959121704 -0.010394591838121414 0.0)
(1.0144009590148926 -0.012186097912490368 0.0)
(-0.01623368263244629 -0.0488446019589901 0.0)
(1.0648512840270996 0.0023953451309353113 0.0)
(1.0657516717910767 0.003930917475372553 0.0)
(1.0082792043685913 -0.008235427550971508 0.0)
(1.0394409894943237 -0.01642460562288761 0.0)
(1.0602977275848389 -0.668730616569519 0.0)
(1.1882637739181519 -0.3745066523551941 0.0)
(1.0014066696166992 -0.006541999988257885 0.0)
(1.0308316946029663 -0.014164585620164871 0.0)
(1.032037377357483 -0.015288235619664192 0.0)
(0.2731807231903076 -0.012471657246351242 0.0)
(1.0374916791915894 0.00828136783093214 0.0)
(1.1563365459442139 0.40008479356765747 0.0)
(0.9212744832038879 -0.16917869448661804 0.0)
(1.0340125560760498 -0.2078690230846405 0.0)
(0.3378385603427887 0.020868973806500435 0.0)
(0.3501506447792053 0.02309473603963852 0.0)
(-0.01837325096130371 0.053588736802339554 0.0)
(0.6233134269714355 -0.670560359954834 0.0)
(-0.021522700786590576 0.05726885050535202 0.0)
(-0.019353806972503662 0.0563943088054657 0.0)
(-0.018350601196289062 0.05746500939130783 0.0)
(1.0439581871032715 0.2797691524028778 0.0)
(1.0821857452392578 0.28430819511413574 0.0)
(-0.022759437561035156 0.05693969130516052 0.0)
(-0.02118825912475586 0.056971658021211624 0.0)
(-0.023002207279205322 0.05624572932720184 0.0)
(0.9344785213470459 0.7059252858161926 0.0)
(0.7337087988853455 0.008347536437213421 0.0)
(1.0320433378219604 0.008895063772797585 0.0)
(-0.02752012014389038 0.015170721337199211 0.0)
(-0.027871310710906982 0.012317114509642124 0.0)
(0.7506615519523621 -0.10379759967327118 0.0)
(0.6864112019538879 -0.09100642055273056 0.0)
(1.0998079776763916 -0.6354045271873474 0.0)
(1.0893281698226929 -0.6532175540924072 0.0)
(1.0039454698562622 -0.0059192548505961895 0.0)
(1.0048701763153076 -0.00608988618478179 0.0)
(-0.02631014585494995 -0.02234657295048237 0.0)
(-0.021483898162841797 -0.02985473908483982 0.0)
(-0.1051141619682312 -0.03200174495577812 0.0)
(1.175919771194458 0.48427775502204895 0.0)
(1.0392277240753174 0.008388672955334187 0.0)
(1.0387485027313232 -0.015318948775529861 0.0)
(0.640397846698761 0.07827389240264893 0.0)
(1.061560869216919 0.00733557716012001 0.0)
(1.0618892908096313 0.007164936978369951 0.0)
(0.42347458004951477 0.03268247842788696 0.0)
(-0.011269092559814453 -0.042981624603271484 0.0)
(0.2587602138519287 0.31725233793258667 0.0)
(0.2530808448791504 0.3453812897205353 0.0)
(0.8561474084854126 -0.7304492592811584 0.0)
(0.19399148225784302 0.020279431715607643 0.0)
(0.9150605201721191 0.18543553352355957 0.0)
(0.8186315298080444 0.15301810204982758 0.0)
(1.0013532638549805 -0.005589346867054701 0.0)
(1.0011104345321655 -0.004686048254370689 0.0)
(1.1768486499786377 0.3969675600528717 0.0)
(-0.020808875560760498 0.053114522248506546 0.0)
(-0.0200311541557312 0.0521676242351532 0.0)
(-0.020730674266815186 0.05539381504058838 0.0)
(0.7839808464050293 0.13678224384784698 0.0)
(0.8717145919799805 0.1662105917930603 0.0)
(0.8420562744140625 0.14636996388435364 0.0)
(1.002076268196106 -0.00399292167276144 0.0)
(1.0015403032302856 -0.004077265039086342 0.0)
(1.0025466680526733 -0.005117367021739483 0.0)
(0.12671226263046265 -0.005794604774564505 0.0)
(0.17671829462051392 -0.005542529281228781 0.0)
(0.281538188457489 0.3902530372142792 0.0)
(0.28647381067276 0.36003610491752625 0.0)
(0.3188125491142273 0.40559694170951843 0.0)
(1.0650684833526611 -0.0017220189329236746 0.0)
(1.06637442111969 -0.0006174742011353374 0.0)
(1.03608238697052 0.015146177262067795 0.0)
(1.034987211227417 0.014226949773728848 0.0)
(1.0363503694534302 0.015879493206739426 0.0)
(-0.020496785640716553 -0.0633542612195015 0.0)
(0.9712297916412354 -0.7211852669715881 0.0)
(-0.02005791664123535 0.05163534730672836 0.0)
(-0.024337291717529297 0.05099542811512947 0.0)
(1.0598039627075195 0.007455875631421804 0.0)
(1.0596174001693726 0.008036386221647263 0.0)
(1.0567114353179932 0.008533596061170101 0.0)
(1.1878454685211182 -0.43352824449539185 0.0)
(1.214878797531128 -0.46523764729499817 0.0)
(0.5159634351730347 -0.04160378873348236 0.0)
(0.5346337556838989 -0.04205632209777832 0.0)
(0.6161136627197266 -0.05797522887587547 0.0)
(0.1798321008682251 0.09688175469636917 0.0)
(1.0371506214141846 0.016949284821748734 0.0)
(1.0375590324401855 0.017286211252212524 0.0)
(1.0381267070770264 0.01804613322019577 0.0)
(1.0109089612960815 -0.009397224523127079 0.0)
(1.00963294506073 -0.009573876857757568 0.0)
(1.0121628046035767 -0.010945046320557594 0.0)
(0.2038562297821045 0.12174645811319351 0.0)
(0.19862377643585205 0.0713486447930336 0.0)
(-0.023100554943084717 0.05557045713067055 0.0)
(0.5257338881492615 -0.5722377896308899 0.0)
(0.23728466033935547 0.07064112275838852 0.0)
(-0.02266979217529297 -0.05905516818165779 0.0)
(0.7576371431350708 -0.005955769680440426 0.0)
(1.0012333393096924 -0.009276819415390491 0.0)
(1.0010037422180176 -0.009563948027789593 0.0)
(1.0014671087265015 -0.010063007473945618 0.0)
(1.0004324913024902 -0.009600157849490643 0.0)
(1.000702977180481 -0.010286816395819187 0.0)
(1.000045895576477 -0.009695170447230339 0.0)
(0.9999600052833557 -0.010684840381145477 0.0)
(0.9993058443069458 -0.009766118600964546 0.0)
(0.9994329214096069 -0.010342984460294247 0.0)
(0.998422384262085 -0.009039812721312046 0.0)
(0.9983313679695129 -0.009901187382638454 0.0)
(0.9976787567138672 -0.008153090253472328 0.0)
(0.9977846145629883 -0.008966690860688686 0.0)
(0.9964836239814758 -0.007701200898736715 0.0)
(0.9969051480293274 -0.008375664241611958 0.0)
(0.9960408806800842 -0.0056764171458780766 0.0)
(0.9960468411445618 -0.0069367242977023125 0.0)
(0.9960043430328369 -0.0038680939469486475 0.0)
(0.995678722858429 -0.005132198333740234 0.0)
(0.9952804446220398 -0.0022059213370084763 0.0)
(0.9951980113983154 -0.0034619737416505814 0.0)
(0.9959107637405396 0.00014311281847767532 0.0)
(0.9951767921447754 -0.0010750317014753819 0.0)
(0.9958457350730896 0.0019188520964235067 0.0)
(0.9960028529167175 0.0012409505434334278 0.0)
(0.9961069226264954 0.0038510484155267477 0.0)
(0.9958937168121338 0.0031415887642651796 0.0)
(0.9965866804122925 0.005534789524972439 0.0)
(0.9960435032844543 0.004870392847806215 0.0)
(0.9969727396965027 0.006797821260988712 0.0)
(0.996347188949585 0.006714201532304287 0.0)
(0.997714638710022 0.007872847840189934 0.0)
(0.9965376853942871 0.00776327308267355 0.0)
(0.9984143972396851 0.008779473602771759 0.0)
(0.9978439807891846 0.008981434628367424 0.0)
(0.9988807439804077 0.008933024480938911 0.0)
(0.9987228512763977 0.009812852367758751 0.0)
(0.9996476769447327 0.00900889653712511 0.0)
(0.999535083770752 0.009952151216566563 0.0)
(1.0003981590270996 0.00873552542179823 0.0)
(1.0002247095108032 0.009804078377783298 0.0)
(1.0009349584579468 0.008376145735383034 0.0)
(1.000847578048706 0.009020608849823475 0.0)
(1.0011773109436035 0.008027052506804466 0.0)
(1.0013186931610107 0.008999638259410858 0.0)
(1.0017123222351074 0.007706663571298122 0.0)
(1.001871109008789 0.008460050448775291 0.0)
(1.0021198987960815 0.0074169812723994255 0.0)
(1.0022286176681519 0.007966265082359314 0.0)
(1.0024489164352417 0.006493536755442619 0.0)
(1.0024713277816772 0.007350186351686716 0.0)
(1.0025633573532104 0.005552882794290781 0.0)
(1.002640962600708 0.00649171182885766 0.0)
(1.0022783279418945 0.004388118628412485 0.0)
(1.0022344589233398 0.003902503987774253 0.0)
(1.0027251243591309 0.00549313286319375 0.0)
(1.2271848917007446 -0.3120722472667694 0.0)
(1.0015336275100708 0.0026681269519031048 0.0)
(0.3513045608997345 -0.018740547820925713 0.0)
(1.034255027770996 0.009540888480842113 0.0)
(1.033834457397461 0.009928835555911064 0.0)
(0.31218522787094116 -0.35067516565322876 0.0)
(0.7032124996185303 -0.6473818421363831 0.0)
(1.039673924446106 0.009146612137556076 0.0)
(1.182112216949463 0.5161721706390381 0.0)
(-0.01098334789276123 -0.05557839572429657 0.0)
(0.09741300344467163 0.016083968803286552 0.0)
(0.09029191732406616 -0.006774649024009705 0.0)
(0.09307920932769775 -0.009061463177204132 0.0)
(0.13171589374542236 -0.006907947827130556 0.0)
(-0.00019037723541259766 -0.03805810213088989 0.0)
(0.008460044860839844 -0.03017888031899929 0.0)
(0.36959850788116455 -0.019462348893284798 0.0)
(0.4219861924648285 -0.025585923343896866 0.0)
(0.39651018381118774 -0.02259920723736286 0.0)
(0.4484901428222656 0.5324923992156982 0.0)
(-0.022566676139831543 -0.010721256956458092 0.0)
(-0.02287888526916504 0.044696368277072906 0.0)
(-0.02026921510696411 0.042759958654642105 0.0)
(1.0468060970306396 -0.013485998846590519 0.0)
(1.044380784034729 -0.014619785360991955 0.0)
(1.048869013786316 -0.013881106860935688 0.0)
(1.0061947107315063 -0.007153033744543791 0.0)
(1.0056039094924927 -0.00709626916795969 0.0)
(1.007340431213379 -0.008270706981420517 0.0)
(1.0028856992721558 0.004472495522350073 0.0)
(-0.020052969455718994 -0.05809524282813072 0.0)
(0.8359678387641907 -0.6599689722061157 0.0)
(1.0042715072631836 0.00540648540481925 0.0)
(1.0059154033660889 0.006308185402303934 0.0)
(1.0047322511672974 0.006402976810932159 0.0)
(1.0079474449157715 0.007904700003564358 0.0)
(1.0074137449264526 0.007479631341993809 0.0)
(1.0109302997589111 0.009094509296119213 0.0)
(1.0092320442199707 0.00916795339435339 0.0)
(1.0135159492492676 0.009973395615816116 0.0)
(1.0115798711776733 0.010138808749616146 0.0)
(1.0162138938903809 0.010826706886291504 0.0)
(1.0143879652023315 0.011115005239844322 0.0)
(1.0191694498062134 0.01207958348095417 0.0)
(1.017232060432434 0.012282122857868671 0.0)
(1.023078441619873 0.012912560254335403 0.0)
(1.0202059745788574 0.012956102378666401 0.0)
(1.0262011289596558 0.013545887544751167 0.0)
(1.0236494541168213 0.013673209585249424 0.0)
(1.029106855392456 0.014101608656346798 0.0)
(1.0276942253112793 0.015120717696845531 0.0)
(1.0327026844024658 0.01409680675715208 0.0)
(1.0309464931488037 0.01541206892579794 0.0)
(1.0372761487960815 0.014299740083515644 0.0)
(1.0351016521453857 0.01550185214728117 0.0)
(1.04136323928833 0.014263383112847805 0.0)
(1.0390931367874146 0.015355726704001427 0.0)
(1.0455858707427979 0.013455911539494991 0.0)
(1.0435391664505005 0.014375356957316399 0.0)
(1.0485836267471313 0.012073935940861702 0.0)
(1.0468566417694092 0.013234218582510948 0.0)
(1.051802158355713 0.011223438195884228 0.0)
(1.0497678518295288 0.012191024608910084 0.0)
(1.056286096572876 0.010011360980570316 0.0)
(1.0544075965881348 0.01141827180981636 0.0)
(1.058456301689148 0.008467435836791992 0.0)
(1.057574987411499 0.009770127944648266 0.0)
(1.0596237182617188 0.006685981061309576 0.0)
(1.0589560270309448 0.007825499400496483 0.0)
(1.0599260330200195 0.0050418018363416195 0.0)
(1.0604932308197021 0.0056244065053761005 0.0)
(1.0614314079284668 0.002958460710942745 0.0)
(1.0610822439193726 0.0034765007440000772 0.0)
(1.0613032579421997 0.0015606244560331106 0.0)
(1.063028335571289 0.001857171067968011 0.0)
(1.062029242515564 0.00019717527902685106 0.0)
(1.0615458488464355 4.671010538004339e-05 0.0)
(1.06215238571167 -0.0018044905737042427 0.0)
(1.064220666885376 -0.0011877438519150019 0.0)
(1.0587012767791748 -0.0034075737930834293 0.0)
(1.0609713792800903 -0.0025353655219078064 0.0)
(1.0588473081588745 -0.004463726654648781 0.0)
(1.0598690509796143 -0.004442160949110985 0.0)
(1.0585345029830933 -0.00518816476687789 0.0)
(1.0592427253723145 -0.005746852606534958 0.0)
(1.056937336921692 -0.006106817163527012 0.0)
(1.0580148696899414 -0.006389451678842306 0.0)
(1.055579662322998 -0.006761296186596155 0.0)
(1.0559468269348145 -0.006863221991807222 0.0)
(1.053331732749939 -0.00744105177000165 0.0)
(1.054441213607788 -0.007991726510226727 0.0)
(1.0517544746398926 -0.0076547893695533276 0.0)
(1.0523368120193481 -0.008203063160181046 0.0)
(1.0494154691696167 -0.007762970868498087 0.0)
(1.050350308418274 -0.008257683366537094 0.0)
(1.0474437475204468 -0.007828019559383392 0.0)
(1.0486103296279907 -0.008433268405497074 0.0)
(1.0450798273086548 -0.008144042454659939 0.0)
(1.0464928150177002 -0.008475527167320251 0.0)
(1.042913556098938 -0.00804753229022026 0.0)
(1.0443954467773438 -0.008811485022306442 0.0)
(1.0411138534545898 -0.007624373305588961 0.0)
(1.0423431396484375 -0.008576658554375172 0.0)
(1.039369821548462 -0.0073820240795612335 0.0)
(1.040541648864746 -0.008251620456576347 0.0)
(1.0377233028411865 -0.007188436109572649 0.0)
(1.0389935970306396 -0.007808984722942114 0.0)
(1.0359747409820557 -0.007033945992588997 0.0)
(1.035904049873352 -0.007412060629576445 0.0)
(1.1498775482177734 0.5508352518081665 0.0)
(1.1624670028686523 0.5286458134651184 0.0)
(0.3464028537273407 -0.39741992950439453 0.0)
(0.3436594605445862 -0.35824599862098694 0.0)
(-0.02066260576248169 -0.06524435430765152 0.0)
(0.7305511236190796 0.08956760168075562 0.0)
(-0.006026089191436768 -0.04666149616241455 0.0)
(-0.003656625747680664 -0.0432356558740139 0.0)
(1.0393775701522827 -0.01592242158949375 0.0)
(-0.03547096252441406 0.00530672213062644 0.0)
(0.7296249866485596 0.008802477270364761 0.0)
(0.9906189441680908 0.17854219675064087 0.0)
(-0.02686762809753418 -0.012363888323307037 0.0)
(0.24151504039764404 -0.3268795609474182 0.0)
(1.0018794536590576 -0.007378951646387577 0.0)
(0.7235993146896362 -0.002042199717834592 0.0)
(0.7706394195556641 -0.010742474347352982 0.0)
(0.2733355164527893 -0.30404794216156006 0.0)
(-0.03501790761947632 -0.007490295451134443 0.0)
(0.39514556527137756 0.026058854535222054 0.0)
(0.2305009365081787 -0.026722583919763565 0.0)
(1.0359423160552979 0.2500743865966797 0.0)
(0.9397919774055481 0.21144923567771912 0.0)
(1.2098369598388672 -0.4231799244880676 0.0)
(0.3859339654445648 -0.44565197825431824 0.0)
(0.8039226531982422 0.01782364584505558 0.0)
(0.756820023059845 0.014367717318236828 0.0)
(-0.01851069927215576 -0.03747352585196495 0.0)
(-0.021898508071899414 -0.03561560809612274 0.0)
(0.20155328512191772 -0.03181586414575577 0.0)
(0.9823071360588074 0.2172205150127411 0.0)
(0.16200405359268188 0.01382292341440916 0.0)
(0.14785128831863403 0.015024450607597828 0.0)
(1.2029081583023071 -0.5015711188316345 0.0)
(1.0652450323104858 0.008068941533565521 0.0)
(0.7894977927207947 0.10705742239952087 0.0)
(0.8584299087524414 0.12369251251220703 0.0)
(0.8335936069488525 0.11457792669534683 0.0)
(0.2624356150627136 -0.2731271982192993 0.0)
(0.2899816632270813 0.01793106086552143 0.0)
(0.3987385332584381 0.027102261781692505 0.0)
(0.26841604709625244 0.015426401980221272 0.0)
(0.5818679332733154 -0.6051246523857117 0.0)
(0.5601962804794312 -0.5721887350082397 0.0)
(-0.011357426643371582 -0.04907118156552315 0.0)
(1.0667043924331665 0.0009667314006946981 0.0)
(1.066608190536499 0.0002769920392893255 0.0)
(1.0662405490875244 0.002016982762143016 0.0)
(1.037262201309204 -0.018425920978188515 0.0)
(-0.025002896785736084 0.05888747051358223 0.0)
(0.9108211398124695 -0.7353931665420532 0.0)
(1.1319695711135864 -0.5980954766273499 0.0)
(1.125683307647705 -0.6197192668914795 0.0)
(1.035351037979126 0.009316926822066307 0.0)
(1.0361148118972778 0.009823394007980824 0.0)
(1.2119052410125732 0.41256895661354065 0.0)
(0.8926063776016235 0.022484077140688896 0.0)
(0.8477339148521423 0.021900802850723267 0.0)
(0.935585618019104 0.6664863228797913 0.0)
(1.0383220911026 0.019072316586971283 0.0)
(1.0407731533050537 -0.01985272392630577 0.0)
(1.0405924320220947 -0.01742626540362835 0.0)
(1.0398234128952026 -0.016683800145983696 0.0)
(1.228029727935791 -0.3891696631908417 0.0)
(1.0665515661239624 -0.003908123355358839 0.0)
(1.0802823305130005 0.3145332932472229 0.0)
(1.1507247686386108 0.356155663728714 0.0)
(1.1173899173736572 0.3168586492538452 0.0)
(0.7674102187156677 -0.010739056393504143 0.0)
(0.534987211227417 0.04649728909134865 0.0)
(0.30885523557662964 -0.01304071769118309 0.0)
(0.38873913884162903 -0.02054208144545555 0.0)
(0.485107421875 0.03855135664343834 0.0)
(0.5723435878753662 0.05518380180001259 0.0)
(0.5052659511566162 0.04198642820119858 0.0)
(1.1697537899017334 0.44362974166870117 0.0)
(1.1952799558639526 0.47711747884750366 0.0)
(1.1949639320373535 0.4343126714229584 0.0)
(0.6400024890899658 -0.6302353143692017 0.0)
(0.7675069570541382 -0.6594629287719727 0.0)
(0.8070989847183228 -0.6380459666252136 0.0)
(0.7388066053390503 -0.6317009329795837 0.0)
(1.0649672746658325 0.006611951161175966 0.0)
(1.06598699092865 0.008379261940717697 0.0)
(-0.024646341800689697 -0.052459798753261566 0.0)
(1.0187827348709106 -0.6950144171714783 0.0)
(1.0462993383407593 -0.676868200302124 0.0)
(0.9976507425308228 -0.6977380514144897 0.0)
(0.2317296266555786 -0.07769507169723511 0.0)
(0.25156205892562866 -0.05141080170869827 0.0)
(1.0275483131408691 -0.01365080289542675 0.0)
(1.0254676342010498 -0.015347136184573174 0.0)
(1.0288898944854736 -0.014585825614631176 0.0)
(0.8885008692741394 -0.7225145697593689 0.0)
(1.0369901657104492 0.009409152902662754 0.0)
(1.0381481647491455 0.009835046716034412 0.0)
(1.0367928743362427 0.009811689145863056 0.0)
(0.234103262424469 0.019878719002008438 0.0)
(0.2520180940628052 -0.003969383891671896 0.0)
(0.25599098205566406 0.04422461614012718 0.0)
(0.9475720524787903 -0.721879243850708 0.0)
(0.4275985062122345 -0.4918968677520752 0.0)
(0.4210984706878662 -0.4528656005859375 0.0)
(0.7061560153961182 0.6880150437355042 0.0)
(0.7434754371643066 0.6855848431587219 0.0)
(0.9352054595947266 -0.6932699680328369 0.0)
(0.9081627726554871 -0.6857755780220032 0.0)
(0.9019942283630371 -0.6496832966804504 0.0)
(0.8691965341567993 -0.6391630172729492 0.0)
(-0.023697733879089355 -0.06275118142366409 0.0)
(0.4801868200302124 0.5450093150138855 0.0)
(0.4831041097640991 0.5839311480522156 0.0)
(-0.016789495944976807 -0.05907464772462845 0.0)
(0.6771357655525208 -0.6199243068695068 0.0)
(1.0351192951202393 0.010568141005933285 0.0)
(1.0014747381210327 -0.004749174229800701 0.0)
(1.0345622301101685 0.011839296668767929 0.0)
(1.0623703002929688 0.00880479160696268 0.0)
(1.0620925426483154 0.00913099106401205 0.0)
(0.30583029985427856 -0.3117985129356384 0.0)
(0.616978645324707 -0.5986497402191162 0.0)
(0.38041022419929504 -0.4064653813838959 0.0)
(-0.022058963775634766 0.03916001319885254 0.0)
(1.0459089279174805 0.010326276533305645 0.0)
(-0.01474994421005249 -0.05763586238026619 0.0)
(1.0464614629745483 0.2250913679599762 0.0)
(0.38599756360054016 0.4312766194343567 0.0)
(1.2100763320922852 -0.48161858320236206 0.0)
(0.028095126152038574 -0.027105135843157768 0.0)
(0.026968836784362793 -0.023232441395521164 0.0)
(0.009285449981689453 -0.03459644317626953 0.0)
(-0.03692418336868286 0.0003802059218287468 0.0)
(1.1255104541778564 0.6063225269317627 0.0)
(0.47360971570014954 -0.5356221795082092 0.0)
(1.2229647636413574 -0.46735644340515137 0.0)
(-0.01910609006881714 -0.06228969618678093 0.0)
(-0.01952838897705078 -0.06606963276863098 0.0)
(-0.01743417978286743 -0.060364603996276855 0.0)
(1.0642391443252563 -0.0092434948310256 0.0)
(0.2922767400741577 0.3016796112060547 0.0)
(1.0032505989074707 0.00534011097624898 0.0)
(1.1894301176071167 -0.27559345960617065 0.0)
(1.0685454607009888 -0.003252553753554821 0.0)
(1.0685157775878906 -0.002062602434307337 0.0)
(1.1161885261535645 0.5585457682609558 0.0)
(1.0488792657852173 0.01042933575809002 0.0)
(1.0469733476638794 0.011324267834424973 0.0)
(1.0230692625045776 -0.01973126269876957 0.0)
(1.0355312824249268 -0.02080392651259899 0.0)
(1.0657484531402588 -0.006351326126605272 0.0)
(1.0681620836257935 -0.005768762901425362 0.0)
(1.0516993999481201 0.01081494428217411 0.0)
(1.049588680267334 0.011566529050469398 0.0)
(0.992816150188446 0.02111867628991604 0.0)
(0.9354858994483948 0.02120925299823284 0.0)
(0.0032329559326171875 0.02943258546292782 0.0)
(0.2768726348876953 -0.24657362699508667 0.0)
(0.25078219175338745 -0.2227603793144226 0.0)
(1.0339475870132446 -0.008325406350195408 0.0)
(0.9827073812484741 0.1865241825580597 0.0)
(1.0434991121292114 0.20164795219898224 0.0)
(1.007338285446167 -0.009281002916395664 0.0)
(1.2413091659545898 -0.3752592206001282 0.0)
(1.038606882095337 -0.015150555409491062 0.0)
(1.0386019945144653 -0.014692580327391624 0.0)
(0.7945142984390259 -0.01528099738061428 0.0)
(0.8309409022331238 -0.019099440425634384 0.0)
(0.09519368410110474 -0.012236833572387695 0.0)
(-0.035035908222198486 0.00677177868783474 0.0)
(1.0967352390289307 0.2553299367427826 0.0)
(1.1168699264526367 0.2555307447910309 0.0)
(1.0411607027053833 -0.01910053752362728 0.0)
(1.041072964668274 -0.01821296103298664 0.0)
(1.041959524154663 -0.01929398439824581 0.0)
(1.0410215854644775 -0.018155861645936966 0.0)
(1.0019137859344482 -0.00857965275645256 0.0)
(0.6358155012130737 0.0664912536740303 0.0)
(0.747318685054779 0.09061267226934433 0.0)
(0.6481277346611023 0.06492556631565094 0.0)
(1.0339909791946411 -0.006721732672303915 0.0)
(1.0531835556030273 0.010658136568963528 0.0)
(1.0524523258209229 0.01176095474511385 0.0)
(1.040558934211731 -0.019876135513186455 0.0)
(1.0421457290649414 -0.01851906254887581 0.0)
(1.0022014379501343 -0.0076869092881679535 0.0)
(1.001795768737793 -0.006340437568724155 0.0)
(-0.0236893892288208 -0.06661909818649292 0.0)
(0.730523943901062 -0.001692726043984294 0.0)
(0.4484209716320038 0.49375465512275696 0.0)
(-0.03873014450073242 -0.016430722549557686 0.0)
(1.0256550312042236 -0.01737823709845543 0.0)
(0.9695924520492554 0.16329722106456757 0.0)
(0.2523898482322693 0.17022766172885895 0.0)
(1.1267521381378174 0.2846599519252777 0.0)
(1.1521488428115845 0.2850275933742523 0.0)
(1.0349323749542236 -0.0101845134049654 0.0)
(1.0359270572662354 -0.00948604941368103 0.0)
(0.25404101610183716 0.017429791390895844 0.0)
(0.23578083515167236 0.015980921685695648 0.0)
(1.0579360723495483 0.010556664317846298 0.0)
(1.054685115814209 0.011438106186687946 0.0)
(0.9049150347709656 0.6480197310447693 0.0)
(0.2330980896949768 -0.12714794278144836 0.0)
(0.25207066535949707 -0.10154712200164795 0.0)
(0.6498556733131409 0.6546720862388611 0.0)
(0.6894583106040955 0.6543112397193909 0.0)
(1.1871025562286377 -0.51419597864151 0.0)
(1.002179741859436 -0.009329653345048428 0.0)
(1.1067500114440918 0.5832045674324036 0.0)
(1.021579384803772 -0.016484681516885757 0.0)
(1.0226024389266968 -0.01779002882540226 0.0)
(-0.017870843410491943 0.05672456696629524 0.0)
(-0.010034024715423584 0.030782993882894516 0.0)
(0.24891096353530884 -0.010074115358293056 0.0)
(-0.008526861667633057 0.04763060063123703 0.0)
(1.053762435913086 -0.014887972734868526 0.0)
(1.038788914680481 0.019572371616959572 0.0)
(1.0397024154663086 0.019529560580849648 0.0)
(-0.02224510908126831 0.0596810020506382 0.0)
(0.8356176614761353 -0.10589299350976944 0.0)
(-0.029804646968841553 0.026571623980998993 0.0)
(1.2317402362823486 -0.43069350719451904 0.0)
(1.2301640510559082 -0.44933730363845825 0.0)
(-0.02635359764099121 0.058598510921001434 0.0)
(-0.026033520698547363 0.055213723331689835 0.0)
(0.8750872611999512 0.6739020943641663 0.0)
(0.4647156000137329 -0.496151864528656 0.0)
(0.2628070116043091 0.26262596249580383 0.0)
(0.2933359742164612 0.2751957178115845 0.0)
(1.01790189743042 -0.01519300602376461 0.0)
(1.0185266733169556 -0.016385171562433243 0.0)
(-0.01562511920928955 0.03485037758946419 0.0)
(-0.00847160816192627 0.031104398891329765 0.0)
(-0.012815415859222412 0.03859377279877663 0.0)
(-0.029303014278411865 0.030448688194155693 0.0)
(-0.032742202281951904 0.029399337247014046 0.0)
(0.8966634273529053 -0.13188235461711884 0.0)
(1.179643988609314 -0.5378187298774719 0.0)
(1.1606248617172241 -0.5833215713500977 0.0)
(-0.026780545711517334 -0.04705323651432991 0.0)
(-0.02805328369140625 -0.0487980842590332 0.0)
(-0.007514894008636475 -0.052655868232250214 0.0)
(1.226255178451538 0.4030463397502899 0.0)
(1.2045938968658447 0.38015085458755493 0.0)
(-0.02846318483352661 0.03716482222080231 0.0)
(-0.029945194721221924 0.0367521196603775 0.0)
(1.0616466999053955 -0.01157717127352953 0.0)
(1.0640029907226562 -0.010923245921730995 0.0)
(0.9661262631416321 0.642469048500061 0.0)
(1.0147558450698853 -0.013754362240433693 0.0)
(1.015425682067871 -0.015088876709342003 0.0)
(0.2631855607032776 0.09336912631988525 0.0)
(0.24344319105148315 0.1182113066315651 0.0)
(0.5310957431793213 0.6323899030685425 0.0)
(0.5219660997390747 0.5948678255081177 0.0)
(0.5720409154891968 0.6440218091011047 0.0)
(1.0411239862442017 -0.01967717334628105 0.0)
(1.0669831037521362 0.005093011073768139 0.0)
(1.0667413473129272 0.006425752770155668 0.0)
(1.2441120147705078 -0.412110298871994 0.0)
(1.0021076202392578 -0.00873847771435976 0.0)
(1.251908540725708 -0.3323505222797394 0.0)
(1.24800443649292 -0.34592947363853455 0.0)
(1.2217975854873657 0.44361189007759094 0.0)
(1.22648286819458 0.4338263273239136 0.0)
(1.111251950263977 0.6289949417114258 0.0)
(1.0325831174850464 -0.0184122733771801 0.0)
(1.0353139638900757 -0.01993359439074993 0.0)
(0.4885164499282837 -0.035965695977211 0.0)
(1.0346511602401733 -0.007810605224221945 0.0)
(1.0039350986480713 -0.006563280243426561 0.0)
(1.1314220428466797 -0.23700091242790222 0.0)
(1.1975908279418945 -0.26679742336273193 0.0)
(-0.019666075706481934 0.05841339752078056 0.0)
(0.32542479038238525 -0.01562369056046009 0.0)
(1.1615948677062988 0.317231148481369 0.0)
(1.1811379194259644 0.31417739391326904 0.0)
(1.0576622486114502 -0.013268397189676762 0.0)
(1.0572075843811035 -0.01510744821280241 0.0)
(1.0606110095977783 -0.01313683670014143 0.0)
(-0.020272791385650635 0.060083795338869095 0.0)
(-0.015826642513275146 0.060402221977710724 0.0)
(-0.018733680248260498 0.05886208638548851 0.0)
(-0.025838732719421387 0.05735187232494354 0.0)
(-0.023133039474487305 0.05690597742795944 0.0)
(-0.025084972381591797 0.05767698585987091 0.0)
(-0.031894803047180176 0.019647294655442238 0.0)
(0.9929540157318115 -0.6727867126464844 0.0)
(0.9599626064300537 -0.6699613332748413 0.0)
(0.7943697571754456 -0.11322428286075592 0.0)
(0.7520690560340881 -0.11078687012195587 0.0)
(1.033920168876648 -0.650745689868927 0.0)
(1.009358286857605 -0.6491299867630005 0.0)
(1.0768977403640747 -0.6309096813201904 0.0)
(1.05462646484375 -0.628619372844696 0.0)
(1.0423119068145752 -0.020274287089705467 0.0)
(1.0323070287704468 0.17548300325870514 0.0)
(0.9759072065353394 0.15660563111305237 0.0)
(1.0461715459823608 0.19007301330566406 0.0)
(-0.012841999530792236 0.05297400802373886 0.0)
(-0.014891326427459717 0.05623844638466835 0.0)
(0.7011087536811829 0.0030125288758426905 0.0)
(0.35625070333480835 0.38369324803352356 0.0)
(0.39025190472602844 0.3961462378501892 0.0)
(-0.025532662868499756 -0.05470580235123634 0.0)
(-0.02773970365524292 -0.053470343351364136 0.0)
(-0.026673555374145508 -0.05905516445636749 0.0)
(0.25742530822753906 0.2151869684457779 0.0)
(0.2762165665626526 0.18886956572532654 0.0)
(0.2771138548851013 0.23505760729312897 0.0)
(1.0374674797058105 0.01627172715961933 0.0)
(0.4168750047683716 0.4797458052635193 0.0)
(0.5118281841278076 -0.5363147854804993 0.0)
(1.0601515769958496 0.01007133163511753 0.0)
(1.059009313583374 0.011869731359183788 0.0)
(0.08557409048080444 0.018078604713082314 0.0)
(0.04701817035675049 0.020363369956612587 0.0)
(0.7685866355895996 -0.08626949787139893 0.0)
(0.7621811032295227 0.6482838988304138 0.0)
(1.0382678508758545 0.018220441415905952 0.0)
(1.0384691953659058 0.01911761239171028 0.0)
(1.0385971069335938 0.01761006750166416 0.0)
(1.0382893085479736 0.017483023926615715 0.0)
(1.0387425422668457 0.018629886209964752 0.0)
(1.0419299602508545 0.009756194427609444 0.0)
(1.0438482761383057 0.010679474100470543 0.0)
(1.040069341659546 0.009931678883731365 0.0)
(1.0340019464492798 -0.006597062572836876 0.0)
(1.0357404947280884 0.012721069157123566 0.0)
(1.0342588424682617 0.01304374448955059 0.0)
(1.2347159385681152 -0.30175429582595825 0.0)
(1.0083004236221313 -0.011065212078392506 0.0)
(1.0093941688537598 -0.01071444433182478 0.0)
(1.0380572080612183 -0.014144835993647575 0.0)
(1.0376560688018799 -0.013317235745489597 0.0)
(0.7451618313789368 -0.006343087647110224 0.0)
(-0.016565918922424316 0.059175435453653336 0.0)
(-0.006918907165527344 0.05071223899722099 0.0)
(0.26954203844070435 0.14187362790107727 0.0)
(1.0414347648620605 -0.02035386487841606 0.0)
(0.8716874718666077 -0.10896079987287521 0.0)
(0.994652271270752 0.6558593511581421 0.0)
(0.5820116400718689 -0.05176208168268204 0.0)
(0.5660279989242554 -0.04812066629528999 0.0)
(1.035307765007019 -0.008503098972141743 0.0)
(1.0361998081207275 -0.008082094602286816 0.0)
(0.6892905235290527 -0.5813063979148865 0.0)
(1.0006227493286133 -0.012050225399434566 0.0)
(0.9996042251586914 -0.012024221010506153 0.0)
(1.0003345012664795 -0.012897087261080742 0.0)
(0.9987511038780212 -0.011907595209777355 0.0)
(0.9990714192390442 -0.012878358364105225 0.0)
(0.9979097843170166 -0.011709039099514484 0.0)
(0.997969388961792 -0.012808995321393013 0.0)
(0.9967594146728516 -0.010652123019099236 0.0)
(0.996964156627655 -0.01195228099822998 0.0)
(0.9955750107765198 -0.009709207341074944 0.0)
(0.9961363077163696 -0.010866659693419933 0.0)
(0.9945204257965088 -0.008372503332793713 0.0)
(0.9950255155563354 -0.009845569729804993 0.0)
(0.9940489530563354 -0.006079596932977438 0.0)
(0.9941781163215637 -0.007563580758869648 0.0)
(0.9936623573303223 -0.004122702870517969 0.0)
(0.9934496283531189 -0.0056735072284936905 0.0)
(0.9932234287261963 -0.0014659743756055832 0.0)
(0.9922668933868408 -0.002876211190596223 0.0)
(0.9942320585250854 0.0012090471573174 0.0)
(0.9939674735069275 0.0002463017008267343 0.0)
(0.9942325353622437 0.0034243606496602297 0.0)
(0.9943950772285461 0.0023530679754912853 0.0)
(0.995147705078125 0.005839401390403509 0.0)
(0.9946202635765076 0.004662659484893084 0.0)
(0.9956523180007935 0.007589943706989288 0.0)
(0.9948651790618896 0.007228316273540258 0.0)
(0.9961935877799988 0.009244795888662338 0.0)
(0.9953080415725708 0.008898571133613586 0.0)
(0.9973646402359009 0.01013312116265297 0.0)
(0.996364176273346 0.01054062508046627 0.0)
(0.9983745217323303 0.010491668246686459 0.0)
(0.9975378513336182 0.011215034872293472 0.0)
(0.9994163513183594 0.011014828458428383 0.0)
(0.9986624121665955 0.011671437881886959 0.0)
(1.0003774166107178 0.01072158757597208 0.0)
(1.0001397132873535 0.01182658039033413 0.0)
(1.0012606382369995 0.010071431286633015 0.0)
(1.000882625579834 0.010969031602144241 0.0)
(1.001643180847168 0.009899643249809742 0.0)
(1.001114010810852 0.01045034546405077 0.0)
(1.0022921562194824 0.009516696445643902 0.0)
(1.0016649961471558 0.01015723217278719 0.0)
(1.0023918151855469 0.00909416750073433 0.0)
(1.0025155544281006 0.009707927703857422 0.0)
(1.0031719207763672 0.008410440757870674 0.0)
(1.0029704570770264 0.009051107801496983 0.0)
(1.0035492181777954 0.00752499932423234 0.0)
(1.0037071704864502 0.008103969506919384 0.0)
(0.09211039543151855 -0.01318182423710823 0.0)
(1.1952250003814697 -0.46788138151168823 0.0)
(1.2374505996704102 -0.4072963297367096 0.0)
(-0.015321969985961914 0.060725610703229904 0.0)
(0.4892676770687103 -0.034798942506313324 0.0)
(0.41674694418907166 0.44185322523117065 0.0)
(-0.006980001926422119 -0.05552855134010315 0.0)
(0.9647846221923828 0.6041792631149292 0.0)
(0.005576014518737793 -0.042060960084199905 0.0)
(0.5155413150787354 -0.035668447613716125 0.0)
(1.005589485168457 -0.007845691405236721 0.0)
(1.0046225786209106 -0.007632748689502478 0.0)
(1.0059809684753418 -0.009108544327318668 0.0)
(1.2484411001205444 -0.3030523359775543 0.0)
(1.1860841512680054 0.34694704413414 0.0)
(1.2053837776184082 0.34372708201408386 0.0)
(0.3266978859901428 0.31083944439888 0.0)
(0.3253980278968811 0.3406751751899719 0.0)
(1.0694048404693604 0.6660066843032837 0.0)
(0.30317211151123047 0.09168563783168793 0.0)
(1.0683809518814087 0.009134392254054546 0.0)
(1.1041462421417236 0.5306644439697266 0.0)
(1.0073331594467163 0.008475322276353836 0.0)
(1.0090687274932861 0.010318080894649029 0.0)
(1.007538080215454 0.009838715195655823 0.0)
(1.0116994380950928 0.0120978569611907 0.0)
(1.0098155736923218 0.011453051120042801 0.0)
(1.0143414735794067 0.012988519854843616 0.0)
(1.012712001800537 0.012958573177456856 0.0)
(1.017167568206787 0.013650753535330296 0.0)
(1.0155850648880005 0.013800553046166897 0.0)
(1.0202559232711792 0.014454517513513565 0.0)
(1.0182058811187744 0.015130288898944855 0.0)
(1.0246354341506958 0.01636325940489769 0.0)
(1.0220504999160767 0.016614040359854698 0.0)
(1.028842806816101 0.01758674904704094 0.0)
(1.0265772342681885 0.018259525299072266 0.0)
(1.0320563316345215 0.01761404238641262 0.0)
(1.0308420658111572 0.019105618819594383 0.0)
(1.0360162258148193 0.017726829275488853 0.0)
(1.035102128982544 0.019543521106243134 0.0)
(1.0400786399841309 0.017366407439112663 0.0)
(1.038975477218628 0.018639376387000084 0.0)
(1.0439715385437012 0.01656339131295681 0.0)
(1.0422695875167847 0.017353804782032967 0.0)
(1.047369360923767 0.015532760880887508 0.0)
(1.0468976497650146 0.016847386956214905 0.0)
(1.0515193939208984 0.014463762752711773 0.0)
(1.0510718822479248 0.015622145496308804 0.0)
(1.0564167499542236 0.012884583324193954 0.0)
(1.0545175075531006 0.014134748838841915 0.0)
(1.0592055320739746 0.010660060681402683 0.0)
(1.0576471090316772 0.012706229463219643 0.0)
(1.060558795928955 0.008867901749908924 0.0)
(1.0592337846755981 0.010394607670605183 0.0)
(1.0618442296981812 0.006851108279079199 0.0)
(1.0619316101074219 0.007796763442456722 0.0)
(1.0620518922805786 0.004660164471715689 0.0)
(1.0637272596359253 0.005604864098131657 0.0)
(1.0627473592758179 0.0025186236016452312 0.0)
(1.0639742612838745 0.003041148418560624 0.0)
(1.0626180171966553 0.00038829620461910963 0.0)
(1.0643436908721924 0.0009384469012729824 0.0)
(1.0613925457000732 -0.0015846930909901857 0.0)
(1.062059760093689 -0.0010867263190448284 0.0)
(1.0642677545547485 -0.0035574387293308973 0.0)
(1.0643138885498047 -0.0030183822382241488 0.0)
(1.0628600120544434 -0.004822267219424248 0.0)
(1.0642144680023193 -0.0050919996574521065 0.0)
(1.0604262351989746 -0.005936804693192244 0.0)
(1.0608595609664917 -0.006310173310339451 0.0)
(1.0585095882415771 -0.007022167090326548 0.0)
(1.059407353401184 -0.007341536693274975 0.0)
(1.0574655532836914 -0.00786510668694973 0.0)
(1.0584015846252441 -0.008255422115325928 0.0)
(1.0557781457901 -0.009039876982569695 0.0)
(1.0571094751358032 -0.009483846835792065 0.0)
(1.053466796875 -0.009334677830338478 0.0)
(1.0552221536636353 -0.010004373267292976 0.0)
(1.0508849620819092 -0.00950850360095501 0.0)
(1.0521312952041626 -0.009985287673771381 0.0)
(1.0488879680633545 -0.009640099480748177 0.0)
(1.0502053499221802 -0.01034870371222496 0.0)
(1.0463154315948486 -0.009884480386972427 0.0)
(1.0475304126739502 -0.010260364040732384 0.0)
(1.0443572998046875 -0.0098886014893651 0.0)
(1.045336365699768 -0.010339564643800259 0.0)
(1.0432791709899902 -0.009748348966240883 0.0)
(1.043845295906067 -0.010229910723865032 0.0)
(1.0404608249664307 -0.008860485628247261 0.0)
(1.0415804386138916 -0.009934790432453156 0.0)
(1.0393871068954468 -0.008537606336176395 0.0)
(1.0371187925338745 -0.008695336058735847 0.0)
(1.0399036407470703 -0.00942123681306839 0.0)
(-0.048861026763916016 -0.00018733531760517508 0.0)
(0.3749954402446747 -0.33536267280578613 0.0)
(1.0681090354919434 -0.008758967742323875 0.0)
(1.0356298685073853 0.01978822983801365 0.0)
(1.038752794265747 0.02019433304667473 0.0)
(1.0271424055099487 0.02055966854095459 0.0)
(0.056522488594055176 -0.017482636496424675 0.0)
(1.0029720067977905 -0.006510330364108086 0.0)
(1.0121793746948242 -0.012163682840764523 0.0)
(1.0105817317962646 -0.01238914206624031 0.0)
(1.0129327774047852 -0.013735974207520485 0.0)
(1.2466716766357422 -0.37751179933547974 0.0)
(1.2530202865600586 -0.3629111349582672 0.0)
(1.2446904182434082 -0.38936397433280945 0.0)
(0.14605581760406494 -0.010431199334561825 0.0)
(0.14693373441696167 -0.009493310004472733 0.0)
(-0.04070591926574707 0.009390669874846935 0.0)
(-0.049534738063812256 0.0036917042452841997 0.0)
(1.2081977128982544 0.47600480914115906 0.0)
(1.2225645780563354 0.4616777300834656 0.0)
(0.4885747730731964 -0.46649086475372314 0.0)
(1.0445536375045776 0.6739951372146606 0.0)
(1.0028692483901978 -0.006022737827152014 0.0)
(0.14845097064971924 -0.014578824862837791 0.0)
(1.0910444259643555 0.6392198204994202 0.0)
(0.05413556098937988 -0.01932871900498867 0.0)
(1.0483118295669556 0.6429871320724487 0.0)
(1.0212595462799072 0.6334019899368286 0.0)
(1.07074773311615 0.6215038299560547 0.0)
(0.5819865465164185 -0.5354354977607727 0.0)
(0.47817665338516235 0.46958956122398376 0.0)
(1.0411067008972168 -0.01771734282374382 0.0)
(0.5353496074676514 -0.5020372867584229 0.0)
(0.5656133890151978 -0.5015057325363159 0.0)
(0.5214851498603821 -0.4696078598499298 0.0)
(1.0335766077041626 0.01123679056763649 0.0)
(0.9955214262008667 -0.14056850969791412 0.0)
(0.753730833530426 0.015726126730442047 0.0)
(0.9050820469856262 0.609977662563324 0.0)
(0.9328219890594482 0.5891653895378113 0.0)
(-0.02659386396408081 0.043050725013017654 0.0)
(0.29004234075546265 -0.017004314810037613 0.0)
(-0.02390885353088379 -0.06581646203994751 0.0)
(0.8130542635917664 0.6739425659179688 0.0)
(0.793141782283783 0.6495721340179443 0.0)
(0.8472328782081604 0.6572662591934204 0.0)
(1.0361342430114746 -0.011643752455711365 0.0)
(1.0370360612869263 -0.012670344673097134 0.0)
(1.0362805128097534 -0.01081803534179926 0.0)
(0.2209569811820984 0.017354631796479225 0.0)
(1.002010703086853 -0.005456597078591585 0.0)
(1.0022324323654175 -0.010709714144468307 0.0)
(-0.001334071159362793 -0.05295245721936226 0.0)
(0.00782710313796997 -0.048184461891651154 0.0)
(1.0356868505477905 0.014474419876933098 0.0)
(1.0357626676559448 0.014309766702353954 0.0)
(1.0368163585662842 0.01581532135605812 0.0)
(1.1344738006591797 0.2241896539926529 0.0)
(-0.03838324546813965 0.02585139498114586 0.0)
(0.41221168637275696 -0.38122618198394775 0.0)
(0.41017475724220276 -0.3442200720310211 0.0)
(-0.12156665325164795 -0.030887119472026825 0.0)
(1.1917104721069336 0.5008791089057922 0.0)
(1.2079402208328247 0.4897991716861725 0.0)
(0.8005778193473816 -0.1259021759033203 0.0)
(1.1193010807037354 -0.6055744290351868 0.0)
(1.0909243822097778 -0.6123020648956299 0.0)
(0.8502395749092102 0.023162202909588814 0.0)
(0.8107966184616089 0.020786946639418602 0.0)
(-0.040695905685424805 0.015004448592662811 0.0)
(-0.04290276765823364 0.02201790362596512 0.0)
(-0.04274505376815796 0.011846411041915417 0.0)
(0.24115067720413208 -0.1754111349582672 0.0)
(0.25543612241744995 -0.14872190356254578 0.0)
(0.93858802318573 -0.020680109038949013 0.0)
(0.8715935349464417 -0.02115134336054325 0.0)
(0.9874717593193054 -0.019393661990761757 0.0)
(0.8767496347427368 -0.12153349071741104 0.0)
(0.9280446171760559 -0.128492072224617 0.0)
(0.9555342197418213 -0.14303508400917053 0.0)
(0.9625152945518494 -0.15027523040771484 0.0)
(-0.027971088886260986 0.0507294237613678 0.0)
(1.0624152421951294 0.009605681523680687 0.0)
(1.063864827156067 0.010027349926531315 0.0)
(1.061596155166626 0.010787400417029858 0.0)
(1.0355947017669678 0.011285718530416489 0.0)
(1.0367377996444702 0.01199470367282629 0.0)
(-0.034857749938964844 -0.02413104847073555 0.0)
(1.0417814254760742 -0.021607717499136925 0.0)
(0.6752957105636597 -0.06429512798786163 0.0)
(0.6805648803710938 -0.06261800229549408 0.0)
(0.7865859270095825 -0.0871724933385849 0.0)
(1.0014952421188354 -0.011275614611804485 0.0)
(1.0015352964401245 -0.012337160296738148 0.0)
(1.002041220664978 -0.012029942125082016 0.0)
(0.2888911962509155 -0.05166829004883766 0.0)
(0.7463881373405457 -0.007336082402616739 0.0)
(-0.027179062366485596 0.048621051013469696 0.0)
(-0.03021085262298584 0.04618478938937187 0.0)
(-0.0017075538635253906 0.049482494592666626 0.0)
(0.4515380561351776 -0.028627367690205574 0.0)
(0.5484737157821655 -0.041360657662153244 0.0)
(0.9229860305786133 -0.1617615520954132 0.0)
(1.2190790176391602 -0.4380369484424591 0.0)
(-0.008642911911010742 0.05671054124832153 0.0)
(-0.002120673656463623 0.0525556355714798 0.0)
(-0.010210931301116943 0.05805065110325813 0.0)
(-0.030410945415496826 0.0506700798869133 0.0)
(-0.036256253719329834 0.04787478595972061 0.0)
(1.0346969366073608 -0.18905995786190033 0.0)
(1.1371785402297974 -0.22767822444438934 0.0)
(-0.01758056879043579 -0.02522359788417816 0.0)
(-0.03772157430648804 -0.03753719851374626 0.0)
(1.0025849342346191 -0.006452221889048815 0.0)
(1.0772757530212402 -0.18315370380878448 0.0)
(-0.026925742626190186 0.0536353625357151 0.0)
(1.0289970636367798 -0.01730591244995594 0.0)
(1.0273022651672363 -0.018511539325118065 0.0)
(1.0312250852584839 -0.019561605527997017 0.0)
(0.44999977946281433 0.41962379217147827 0.0)
(0.448767751455307 -0.42538946866989136 0.0)
(0.481100469827652 -0.43070104718208313 0.0)
(0.4445752799510956 -0.38981184363365173 0.0)
(0.6362647414207458 -0.5615821480751038 0.0)
(0.6177785396575928 -0.5311736464500427 0.0)
(0.7082181572914124 0.003339166287332773 0.0)
(0.7160407900810242 0.01007099449634552 0.0)
(0.7080945372581482 -0.0023802469950169325 0.0)
(0.3594425320625305 0.34956830739974976 0.0)
(0.5330567359924316 0.04533810168504715 0.0)
(1.007890224456787 -0.011747632175683975 0.0)
(0.20913046598434448 -0.01381593756377697 0.0)
(0.2085462212562561 -0.011931046843528748 0.0)
(1.0032217502593994 0.005827310029417276 0.0)
(0.29450005292892456 0.04429999366402626 0.0)
(0.31698960065841675 0.06728829443454742 0.0)
(0.2651066780090332 -0.19665293395519257 0.0)
(1.0374305248260498 0.012880227528512478 0.0)
(1.0060653686523438 -0.009930314496159554 0.0)
(1.0066688060760498 -0.011476102285087109 0.0)
(1.0032739639282227 -0.008196582086384296 0.0)
(0.09429901838302612 -0.01871499791741371 0.0)
(0.1415349841117859 -0.016654925420880318 0.0)
(1.2012912034988403 -0.44743236899375916 0.0)
(1.0476917028427124 0.012505787424743176 0.0)
(1.0257031917572021 0.5980657935142517 0.0)
(1.003737449645996 0.007425984367728233 0.0)
(1.0458588600158691 0.012965982779860497 0.0)
(1.0440342426300049 0.011988219805061817 0.0)
(0.9946703314781189 0.5836541056632996 0.0)
(1.012906551361084 0.21194984018802643 0.0)
(-0.06884998083114624 -0.04596955329179764 0.0)
(1.053656816482544 0.21632419526576996 0.0)
(1.034073829650879 -0.005304000340402126 0.0)
(0.2870846390724182 -0.09704092144966125 0.0)
(0.3058655858039856 -0.07417795807123184 0.0)
(0.00027310848236083984 -0.05551428720355034 0.0)
(0.3267500400543213 0.11311125010251999 0.0)
(0.3108398914337158 0.13827255368232727 0.0)
(0.007931649684906006 0.04483236372470856 0.0)
(0.053856074810028076 -0.025147639214992523 0.0)
(0.09320336580276489 -0.021919645369052887 0.0)
(1.069368600845337 -0.00037863239413127303 0.0)
(1.067703366279602 0.0005921886768192053 0.0)
(0.5706968307495117 -0.043137941509485245 0.0)
(0.000752568244934082 0.03461606800556183 0.0)
(0.4523913264274597 0.3850003480911255 0.0)
(-0.028820037841796875 0.05864177644252777 0.0)
(1.0502978563308716 -0.01669963076710701 0.0)
(1.052363634109497 -0.016688957810401917 0.0)
(-0.02559077739715576 0.05610908940434456 0.0)
(-0.012907326221466064 -0.0596943274140358 0.0)
(0.023490071296691895 -0.03414646536111832 0.0)
(1.218053936958313 0.37154287099838257 0.0)
(0.6815298795700073 0.06674361974000931 0.0)
(1.0402414798736572 -0.01682474836707115 0.0)
(1.040112853050232 -0.01618734374642372 0.0)
(1.1686441898345947 0.22622288763523102 0.0)
(1.1235096454620361 0.20738661289215088 0.0)
(1.0713856220245361 0.5225091576576233 0.0)
(1.06624174118042 -0.003248372580856085 0.0)
(-0.03504288196563721 -0.04753328487277031 0.0)
(0.3765623867511749 -0.2995114326477051 0.0)
(0.3392385244369507 -0.2885044515132904 0.0)
(1.1451315879821777 0.5015250444412231 0.0)
(1.0385563373565674 -0.02120867744088173 0.0)
(1.042020559310913 -0.021947195753455162 0.0)
(1.0671417713165283 -0.006429822184145451 0.0)
(1.0679028034210205 -0.0048548150807619095 0.0)
(1.0509662628173828 0.012837857939302921 0.0)
(1.048213005065918 0.013166901655495167 0.0)
(0.9444359540939331 0.02327330969274044 0.0)
(0.9058663845062256 0.02512219175696373 0.0)
(1.06556236743927 -0.009188612923026085 0.0)
(1.0665489435195923 -0.008125891909003258 0.0)
(0.2647634744644165 -0.011333447881042957 0.0)
(1.0030372142791748 -0.00688017625361681 0.0)
(1.0509710311889648 0.540755033493042 0.0)
(-0.00948101282119751 -0.05816403776407242 0.0)
(1.0551066398620605 -0.019540609791874886 0.0)
(0.33275550603866577 0.1615280956029892 0.0)
(0.3135106563568115 0.1850048303604126 0.0)
(0.041764795780181885 -0.029397903010249138 0.0)
(0.012282311916351318 0.03220323473215103 0.0)
(1.0397577285766602 -0.015689393505454063 0.0)
(1.0390523672103882 -0.014782183803617954 0.0)
(0.02767658233642578 -0.03877175599336624 0.0)
(0.3633013665676117 -0.020063308998942375 0.0)
(0.4668089747428894 -0.029772760346531868 0.0)
(1.0031988620758057 -0.00842036958783865 0.0)
(0.6163166761398315 -0.04842058941721916 0.0)
(1.0776149034500122 -0.1738680750131607 0.0)
(1.1285935640335083 -0.19323723018169403 0.0)
(1.0579150915145874 0.5752978324890137 0.0)
(1.180435299873352 0.27963680028915405 0.0)
(1.0422176122665405 -0.0202914010733366 0.0)
(0.7744789719581604 0.08915845304727554 0.0)
(0.8946074843406677 0.12244024872779846 0.0)
(0.8957502841949463 0.11953642219305038 0.0)
(1.0527338981628418 0.01295455265790224 0.0)
(1.050826907157898 0.0135276410728693 0.0)
(-0.015317976474761963 0.06089848652482033 0.0)
(0.5061282515525818 0.4811183512210846 0.0)
(0.5088763236999512 0.5177779197692871 0.0)
(0.47907355427742004 0.4338773787021637 0.0)
(-0.04752856492996216 -0.017243517562747 0.0)
(-0.011677086353302002 0.059377916157245636 0.0)
(1.225820779800415 -0.4183516800403595 0.0)
(1.1715797185897827 -0.47586140036582947 0.0)
(1.1673409938812256 -0.4959231913089752 0.0)
(1.0748491287231445 -0.16378772258758545 0.0)
(1.0450528860092163 -0.15960563719272614 0.0)
(1.0353367328643799 -0.009166807867586613 0.0)
(0.3383062779903412 0.025075791403651237 0.0)
(0.31056100130081177 0.023786038160324097 0.0)
(1.0557022094726562 0.01300166267901659 0.0)
(1.0552434921264648 0.014045100659132004 0.0)
(-0.02107161283493042 -0.06541622430086136 0.0)
(-0.019845187664031982 -0.06441754102706909 0.0)
(0.7097267508506775 0.6177114844322205 0.0)
(0.7446911931037903 0.6156376004219055 0.0)
(1.153567910194397 -0.5703752040863037 0.0)
(0.9787503480911255 0.15086103975772858 0.0)
(1.0106916427612305 -0.14104099571704865 0.0)
(0.005937457084655762 0.04044819250702858 0.0)
(1.0387200117111206 0.016364870592951775 0.0)
(1.022690773010254 -0.019972074776887894 0.0)
(-0.02584552764892578 0.05866753309965134 0.0)
(-0.026357293128967285 0.05522562190890312 0.0)
(-0.02820742130279541 0.05545681342482567 0.0)
(0.6695833802223206 -0.554300844669342 0.0)
(0.35892975330352783 0.29039624333381653 0.0)
(-0.0011033415794372559 0.04289647564291954 0.0)
(1.0387173891067505 0.020105179399251938 0.0)
(-0.029942810535430908 0.053849946707487106 0.0)
(-0.03165566921234131 0.054208334535360336 0.0)
(-0.03392452001571655 0.050679948180913925 0.0)
(1.0032051801681519 -0.01008814387023449 0.0)
(1.1310317516326904 -0.5810675621032715 0.0)
(0.37919214367866516 0.026721542701125145 0.0)
(0.5089964866638184 0.04244033619761467 0.0)
(0.35603371262550354 0.024660758674144745 0.0)
(1.0378228425979614 0.010458998382091522 0.0)
(0.28966522216796875 -0.0036501979921013117 0.0)
(0.3043862581253052 -0.026938587427139282 0.0)
(0.3104923963546753 0.018384182825684547 0.0)
(1.0675339698791504 0.0024886708706617355 0.0)
(1.0675939321517944 0.0018517537973821163 0.0)
(1.0681207180023193 0.004304750822484493 0.0)
(0.9164366126060486 -0.1135210245847702 0.0)
(0.32139676809310913 0.25597429275512695 0.0)
(0.31227606534957886 0.23063509166240692 0.0)
(0.3527628481388092 0.26170751452445984 0.0)
(1.0193127393722534 -0.018902985379099846 0.0)
(1.0206583738327026 -0.020096853375434875 0.0)
(1.1590938568115234 -0.5464739799499512 0.0)
(-0.035258352756500244 -0.05044439807534218 0.0)
(1.0160081386566162 -0.017027169466018677 0.0)
(1.0171246528625488 -0.018669582903385162 0.0)
(0.6841294169425964 0.06891421973705292 0.0)
(1.0653917789459229 -0.012242701835930347 0.0)
(1.0661040544509888 -0.011189183220267296 0.0)
(0.011375665664672852 0.028972527012228966 0.0)
(0.19743168354034424 -0.009148115292191505 0.0)
(0.5987944006919861 0.6121225953102112 0.0)
(0.6384979486465454 0.6194475889205933 0.0)
(1.0804861783981323 0.5912293195724487 0.0)
(1.069061040878296 0.00708785792812705 0.0)
(1.0653191804885864 0.008743107318878174 0.0)
(0.7598999738693237 -0.012942579574882984 0.0)
(0.7965589761734009 -0.017267528921365738 0.0)
(1.0414769649505615 -0.022887157276272774 0.0)
(-0.027386128902435303 -0.06440592557191849 0.0)
(1.2246638536453247 0.4316006898880005 0.0)
(1.0368603467941284 -0.022832471877336502 0.0)
(1.0395746231079102 -0.024452397599816322 0.0)
(1.0028340816497803 -0.01071865763515234 0.0)
(-0.05055832862854004 -0.008662082254886627 0.0)
(1.2529411315917969 -0.3176467716693878 0.0)
(1.250353455543518 -0.33001723885536194 0.0)
(1.004400372505188 -0.00807265006005764 0.0)
(1.0395100116729736 0.011089762672781944 0.0)
(1.0430550575256348 0.01247669942677021 0.0)
(1.0405734777450562 0.011879824101924896 0.0)
(0.7510696053504944 -0.5930345058441162 0.0)
(0.7258868217468262 -0.5695133805274963 0.0)
(0.8125259876251221 -0.598516047000885 0.0)
(0.7850238680839539 -0.5766373872756958 0.0)
(1.024162769317627 -0.02196313999593258 0.0)
(1.0272338390350342 -0.02162916585803032 0.0)
(0.8710538148880005 -0.5892409086227417 0.0)
(0.8446260094642639 -0.5772412419319153 0.0)
(1.0385745763778687 0.01741110533475876 0.0)
(1.0393381118774414 0.017904935404658318 0.0)
(0.9490790367126465 -0.6326650381088257 0.0)
(0.9161832332611084 -0.6235703825950623 0.0)
(-0.019082963466644287 0.05945933982729912 0.0)
(-0.01795673370361328 0.05976370349526405 0.0)
(-0.022149205207824707 0.05921578034758568 0.0)
(0.9980781078338623 -0.6156476736068726 0.0)
(0.9732998609542847 -0.6068394184112549 0.0)
(1.044796109199524 -0.6004716157913208 0.0)
(1.0050655603408813 0.007404849864542484 0.0)
(1.043749451637268 0.17367947101593018 0.0)
(0.3428073823451996 -0.2570343613624573 0.0)
(0.3143649697303772 -0.23987773060798645 0.0)
(1.0422314405441284 -0.021510975435376167 0.0)
(-0.02897346019744873 -0.06066220998764038 0.0)
(1.116578221321106 0.5017927289009094 0.0)
(1.0055265426635742 0.008729972876608372 0.0)
(1.037219524383545 0.010944372043013573 0.0)
(1.0384275913238525 0.011557426303625107 0.0)
(1.0372581481933594 0.011729296296834946 0.0)
(1.0385938882827759 0.019315902143716812 0.0)
(1.039166808128357 0.02078421600162983 0.0)
(1.0423963069915771 -0.019083205610513687 0.0)
(1.042412519454956 -0.02020224556326866 0.0)
(1.0417135953903198 -0.01858210377395153 0.0)
(1.142366886138916 0.240315780043602 0.0)
(1.1804839372634888 0.24569174647331238 0.0)
(0.03750711679458618 0.025695879012346268 0.0)
(1.0603878498077393 0.01299845241010189 0.0)
(1.059704303741455 0.014164329506456852 0.0)
(1.0658239126205444 0.010487333871424198 0.0)
(1.065782904624939 0.010881852358579636 0.0)
(1.0465434789657593 -0.017538446933031082 0.0)
(1.0450518131256104 -0.019743163138628006 0.0)
(1.0488542318344116 -0.018224207684397697 0.0)
(1.2320077419281006 0.4163266122341156 0.0)
(1.2347126007080078 0.40324440598487854 0.0)
(1.0577577352523804 -0.019644292071461678 0.0)
(1.0592689514160156 -0.017909236252307892 0.0)
(1.0030168294906616 -0.009695823304355145 0.0)
(0.7232545018196106 0.07996108382940292 0.0)
(1.0433887243270874 -0.02240072749555111 0.0)
(1.0432569980621338 -0.021630048751831055 0.0)
(1.0039036273956299 0.15434576570987701 0.0)
(-0.04748791456222534 -0.02610347978770733 0.0)
(-0.04176086187362671 -0.03521395102143288 0.0)
(1.1351208686828613 -0.5028253793716431 0.0)
(1.1325411796569824 -0.5272471904754639 0.0)
(0.7582288980484009 0.5898650288581848 0.0)
(1.0175899267196655 -0.5951704978942871 0.0)
(1.0041449069976807 0.008133609779179096 0.0)
(0.5100388526916504 0.41057440638542175 0.0)
(0.7899697422981262 0.09299028664827347 0.0)
(-0.0040680766105651855 -0.05674097687005997 0.0)
(0.9988181591033936 -0.014781446196138859 0.0)
(0.9975929260253906 -0.014900146052241325 0.0)
(0.9978996515274048 -0.016057852655649185 0.0)
(0.9963825941085815 -0.014024644158780575 0.0)
(0.9964086413383484 -0.01589786820113659 0.0)
(0.995354175567627 -0.012654125690460205 0.0)
(0.9951745867729187 -0.014473473653197289 0.0)
(0.9940481185913086 -0.01150546595454216 0.0)
(0.9941438436508179 -0.013008610345423222 0.0)
(0.9923616647720337 -0.009162015281617641 0.0)
(0.9926176071166992 -0.01084452960640192 0.0)
(0.9914601445198059 -0.0062981597147881985 0.0)
(0.9918242692947388 -0.008161024190485477 0.0)
(0.9907727241516113 -0.003204870969057083 0.0)
(0.9902110695838928 -0.005282275378704071 0.0)
(0.9909413456916809 -0.00015102923498488963 0.0)
(0.9897804856300354 -0.0016920941416174173 0.0)
(0.9918773174285889 0.002563753165304661 0.0)
(0.9914527535438538 0.0015162434428930283 0.0)
(0.9929168820381165 0.005670073442161083 0.0)
(0.9919514656066895 0.004722260870039463 0.0)
(0.9941719174385071 0.007954509928822517 0.0)
(0.9929302930831909 0.007400647271424532 0.0)
(0.9946808815002441 0.010377699509263039 0.0)
(0.9936219453811646 0.009483849629759789 0.0)
(0.9960463047027588 0.011699013411998749 0.0)
(0.9947729706764221 0.011736974120140076 0.0)
(0.9972027540206909 0.012463598512113094 0.0)
(0.9961643815040588 0.01297951489686966 0.0)
(0.9987028241157532 0.013058258220553398 0.0)
(0.9977378249168396 0.013953084126114845 0.0)
(1.0003551244735718 0.013421879149973392 0.0)
(0.999583899974823 0.01432858593761921 0.0)
(1.0015108585357666 0.01295135822147131 0.0)
(1.0009801387786865 0.014210566878318787 0.0)
(1.0019214153289795 0.012202835641801357 0.0)
(1.0014394521713257 0.0134260393679142 0.0)
(1.00244140625 0.012048855423927307 0.0)
(1.0019694566726685 0.012974170036613941 0.0)
(1.0031204223632812 0.011064361780881882 0.0)
(1.0026274919509888 0.012133482843637466 0.0)
(1.003330945968628 0.010240696370601654 0.0)
(1.0034408569335938 0.011128595098853111 0.0)
(1.0043251514434814 0.009750941768288612 0.0)
(1.005013346672058 0.009544224478304386 0.0)
(1.0043327808380127 0.010372425429522991 0.0)
(0.772287905216217 -0.0737578421831131 0.0)
(0.48437538743019104 0.3635375201702118 0.0)
(1.0313684940338135 -0.18056806921958923 0.0)
(0.9327354431152344 -0.14895141124725342 0.0)
(0.7281126976013184 -0.07425764948129654 0.0)
(0.609560489654541 -0.05187714472413063 0.0)
(0.8965245485305786 -0.13833937048912048 0.0)
(0.01628810167312622 0.044042497873306274 0.0)
(0.021366536617279053 0.032603345811367035 0.0)
(-0.03211265802383423 -0.054112453013658524 0.0)
(1.0374442338943481 0.013979466632008553 0.0)
(0.06438589096069336 0.025649134069681168 0.0)
(1.2093628644943237 0.3085726201534271 0.0)
(1.2258341312408447 0.30398550629615784 0.0)
(0.42398473620414734 0.37406641244888306 0.0)
(0.6820724010467529 -0.516165554523468 0.0)
(1.037853479385376 0.01459897868335247 0.0)
(0.012663006782531738 -0.05191460996866226 0.0)
(1.036408543586731 -0.010013755410909653 0.0)
(-0.016101539134979248 -0.06274498254060745 0.0)
(1.235572338104248 0.3559601902961731 0.0)
(1.234798789024353 0.37711232900619507 0.0)
(1.2413337230682373 0.39384737610816956 0.0)
(1.2427053451538086 0.36981937289237976 0.0)
(0.8280399441719055 0.09323419630527496 0.0)
(1.0416772365570068 -0.018003365024924278 0.0)
(1.0423181056976318 -0.02352382056415081 0.0)
(1.0651178359985352 0.48944297432899475 0.0)
(1.2102159261703491 -0.40536412596702576 0.0)
(-0.04104858636856079 -0.05002840608358383 0.0)
(0.40767669677734375 -0.27947089076042175 0.0)
(1.0097140073776245 0.012544666416943073 0.0)
(1.0126392841339111 0.014120805077254772 0.0)
(1.010805368423462 0.013716505840420723 0.0)
(1.0153759717941284 0.015992620959877968 0.0)
(1.0143085718154907 0.015780441462993622 0.0)
(1.0180437564849854 0.017501845955848694 0.0)
(1.0167531967163086 0.017434513196349144 0.0)
(1.0224348306655884 0.019296078011393547 0.0)
(1.0195165872573853 0.019117292016744614 0.0)
(1.0272706747055054 0.02066497690975666 0.0)
(1.0247142314910889 0.02101193740963936 0.0)
(1.0311108827590942 0.020991342142224312 0.0)
(1.028684377670288 0.02201099507510662 0.0)
(1.0356868505477905 0.021587280556559563 0.0)
(1.0332356691360474 0.022682547569274902 0.0)
(1.0393915176391602 0.02103363908827305 0.0)
(1.038183331489563 0.023006372153759003 0.0)
(1.0437556505203247 0.020505137741565704 0.0)
(1.0422862768173218 0.02208188734948635 0.0)
(1.048582911491394 0.019520768895745277 0.0)
(1.0470726490020752 0.021080227568745613 0.0)
(1.0529924631118774 0.018478669226169586 0.0)
(1.0515077114105225 0.020886152982711792 0.0)
(1.0570794343948364 0.0165067408233881 0.0)
(1.0568909645080566 0.019695425406098366 0.0)
(1.0580106973648071 0.01347694918513298 0.0)
(1.0588555335998535 0.016459008678793907 0.0)
(1.0601167678833008 0.010941280983388424 0.0)
(1.0602396726608276 0.013291669078171253 0.0)
(1.0614171028137207 0.008795462548732758 0.0)
(1.0618332624435425 0.010226561687886715 0.0)
(1.064103126525879 0.006368246860802174 0.0)
(1.0647250413894653 0.007973162457346916 0.0)
(1.0642036199569702 0.003553551621735096 0.0)
(1.0666896104812622 0.0047433702275156975 0.0)
(1.0634328126907349 0.001035722903907299 0.0)
(1.0652116537094116 0.0017011661548167467 0.0)
(1.0648854970932007 -0.000880333362147212 0.0)
(1.0645768642425537 -0.0003745319845620543 0.0)
(1.0656301975250244 -0.0031568589620292187 0.0)
(1.0655341148376465 -0.0030271182768046856 0.0)
(1.0640456676483154 -0.005110668949782848 0.0)
(1.0655834674835205 -0.0049646031111478806 0.0)
(1.063348412513733 -0.006850535050034523 0.0)
(1.0655007362365723 -0.007169749122112989 0.0)
(1.0614217519760132 -0.008234312757849693 0.0)
(1.0631920099258423 -0.00848102755844593 0.0)
(1.0593279600143433 -0.009391669183969498 0.0)
(1.0614871978759766 -0.009745611809194088 0.0)
(1.0577356815338135 -0.010686922818422318 0.0)
(1.0592067241668701 -0.010989065282046795 0.0)
(1.0560712814331055 -0.011298824101686478 0.0)
(1.0575670003890991 -0.011590267531573772 0.0)
(1.053066372871399 -0.011565825901925564 0.0)
(1.0551944971084595 -0.011986210942268372 0.0)
(1.0507683753967285 -0.011816366575658321 0.0)
(1.052963376045227 -0.012413770891726017 0.0)
(1.0474021434783936 -0.011709504760801792 0.0)
(1.0495214462280273 -0.0120677025988698 0.0)
(1.0457326173782349 -0.011712863110005856 0.0)
(1.047257423400879 -0.012348349206149578 0.0)
(1.0445646047592163 -0.011473988182842731 0.0)
(1.045166015625 -0.011991039849817753 0.0)
(1.0429399013519287 -0.01127164252102375 0.0)
(1.0434993505477905 -0.01184429693967104 0.0)
(1.1573541164398193 0.4788811206817627 0.0)
(1.048195719718933 0.014332405291497707 0.0)
(1.1808106899261475 0.477350115776062 0.0)
(1.0098439455032349 0.14385931193828583 0.0)
(1.1176235675811768 -0.2014143466949463 0.0)
(0.5744525194168091 -0.022258372977375984 0.0)
(0.7338192462921143 -0.07328584790229797 0.0)
(0.9599465131759644 0.1280379444360733 0.0)
(0.7833395600318909 -0.08294444531202316 0.0)
(-0.03242701292037964 -0.05824137106537819 0.0)
(1.1471507549285889 0.4563785195350647 0.0)
(0.9001383781433105 -0.10720027983188629 0.0)
(1.1839344501495361 -0.22854779660701752 0.0)
(1.0186097621917725 0.528203010559082 0.0)
(0.08252251148223877 -0.02777893655002117 0.0)
(0.6949872970581055 -0.06176850572228432 0.0)
(0.1962299942970276 0.020488079637289047 0.0)
(0.12635117769241333 0.01824861392378807 0.0)
(0.8421480059623718 0.6187527775764465 0.0)
(1.195521354675293 0.2740556597709656 0.0)
(-0.05687993764877319 0.010011190548539162 0.0)
(1.2127928733825684 0.45920994877815247 0.0)
(1.2174938917160034 0.44205379486083984 0.0)
(1.0048269033432007 -0.009744525887072086 0.0)
(1.2484959363937378 -0.29231858253479004 0.0)
(1.003750205039978 -0.012682446278631687 0.0)
(0.023447096347808838 0.0362689271569252 0.0)
(0.927539587020874 0.5518578886985779 0.0)
(-0.01045835018157959 0.05937826633453369 0.0)
(1.1029255390167236 -0.16249532997608185 0.0)
(0.7994236946105957 0.5861098766326904 0.0)
(1.0043821334838867 -0.010833170264959335 0.0)
(1.0048428773880005 -0.012890620157122612 0.0)
(1.0053094625473022 -0.010762572288513184 0.0)
(1.184998631477356 -0.4301464557647705 0.0)
(0.8710561990737915 0.5955775380134583 0.0)
(1.0101152658462524 -0.5658476948738098 0.0)
(0.4405820667743683 -0.3206125795841217 0.0)
(0.36615321040153503 0.10991466045379639 0.0)
(1.0376075506210327 0.015907593071460724 0.0)
(0.7482324242591858 0.5538986325263977 0.0)
(0.2926207184791565 -0.14447511732578278 0.0)
(0.30797988176345825 -0.11932167410850525 0.0)
(-0.03968644142150879 0.032724957913160324 0.0)
(1.0894722938537598 -0.5851478576660156 0.0)
(1.06633460521698 -0.5806313753128052 0.0)
(1.0400899648666382 0.021426303312182426 0.0)
(1.0392529964447021 0.020570989698171616 0.0)
(1.1057637929916382 -0.5678480267524719 0.0)
(0.7900550961494446 0.022244958207011223 0.0)
(-0.037739455699920654 0.04481083154678345 0.0)
(1.0318560600280762 -0.022284818813204765 0.0)
(1.0285531282424927 -0.022851843386888504 0.0)
(1.0339936017990112 -0.024132609367370605 0.0)
(0.1358853578567505 -0.012200651690363884 0.0)
(0.99923175573349 -0.12806542217731476 0.0)
(1.236344575881958 0.2866864800453186 0.0)
(1.2496891021728516 -0.2876157760620117 0.0)
(0.8072091937065125 0.5541815757751465 0.0)
(0.8651460409164429 0.5560299754142761 0.0)
(0.8346415162086487 0.538051962852478 0.0)
(0.895112931728363 0.5303890705108643 0.0)
(-0.04537820816040039 0.02979826182126999 0.0)
(-0.042937517166137695 0.042755477130413055 0.0)
(-0.047551631927490234 0.036857835948467255 0.0)
(-0.030729234218597412 -0.06158076226711273 0.0)
(1.0448272228240967 -0.024363111704587936 0.0)
(1.0467820167541504 -0.022919293493032455 0.0)
(0.3934333324432373 0.3291034698486328 0.0)
(0.391103059053421 0.2969399392604828 0.0)
(0.4232848882675171 0.3393137753009796 0.0)
(1.1087872982025146 0.4743443429470062 0.0)
(1.0812029838562012 0.4676235318183899 0.0)
(1.1220911741256714 0.45414021611213684 0.0)
(0.2036333680152893 -0.00977728608995676 0.0)
(1.192509651184082 -0.24093659222126007 0.0)
(0.8656851053237915 -0.09416265785694122 0.0)
(0.8714269399642944 -0.09848478436470032 0.0)
(0.9925665855407715 -0.1233585923910141 0.0)
(1.2148010730743408 0.3303282856941223 0.0)
(1.2406365871429443 0.35032761096954346 0.0)
(1.2323827743530273 0.32675114274024963 0.0)
(1.063124418258667 -0.014917189255356789 0.0)
(1.0657365322113037 -0.014979084953665733 0.0)
(1.02041494846344 -0.022183733060956 0.0)
(1.1117411851882935 0.18394452333450317 0.0)
(1.0688226222991943 -0.0015463866293430328 0.0)
(1.0678186416625977 -0.00045757024781778455 0.0)
(0.5481604933738708 0.5660485625267029 0.0)
(0.5404003262519836 0.5290764570236206 0.0)
(0.5840176343917847 0.5743403434753418 0.0)
(0.28495919704437256 -0.01488149631768465 0.0)
(0.27900421619415283 -0.015201292000710964 0.0)
(0.3735247254371643 -0.02037026360630989 0.0)
(0.049782514572143555 -0.036159221082925797 0.0)
(1.0091928243637085 -0.01380472257733345 0.0)
(1.0102111101150513 -0.013494559563696384 0.0)
(0.9909727573394775 0.5460078120231628 0.0)
(1.0396604537963867 0.019173983484506607 0.0)
(1.040097951889038 0.01965218223631382 0.0)
(1.0397204160690308 0.020094677805900574 0.0)
(1.0063939094543457 0.009821572341024876 0.0)
(1.0055797100067139 0.010739326477050781 0.0)
(1.039539098739624 0.02113809809088707 0.0)
(0.12884628772735596 -0.025012480095028877 0.0)
(0.14116007089614868 -0.020282413810491562 0.0)
(0.009061694145202637 -0.054627615958452225 0.0)
(0.29196661710739136 -0.017524780705571175 0.0)
(0.8036064505577087 -0.08380859345197678 0.0)
(0.5108474493026733 0.3767564296722412 0.0)
(0.3568010926246643 0.06331846117973328 0.0)
(0.3831588625907898 0.08450432121753693 0.0)
(0.21009421348571777 -0.01614878699183464 0.0)
(0.2842835783958435 -0.017225610092282295 0.0)
(0.48496583104133606 0.3288893401622772 0.0)
(1.0148142576217651 0.49464520812034607 0.0)
(1.0373674631118774 0.47556182742118835 0.0)
(0.7343103885650635 -0.5273808836936951 0.0)
(0.713163435459137 -0.5029263496398926 0.0)
(0.014176726341247559 0.04616235941648483 0.0)
(0.005710721015930176 0.05077768862247467 0.0)
(1.0286756753921509 0.14366500079631805 0.0)
(0.9922418594360352 0.1318555772304535 0.0)
(0.3425433933734894 -0.07047058641910553 0.0)
(1.0391838550567627 -0.014396317303180695 0.0)
(1.0383504629135132 -0.013197173364460468 0.0)
(0.05625045299530029 0.028805656358599663 0.0)
(1.1606868505477905 0.4391326308250427 0.0)
(0.45633062720298767 0.3165980279445648 0.0)
(0.6948959231376648 0.5868878960609436 0.0)
(0.6612336039543152 0.5865145921707153 0.0)
(0.720779299736023 0.5522286891937256 0.0)
(-0.051107048988342285 0.02332690730690956 0.0)
(0.11234337091445923 0.021631386131048203 0.0)
(1.060739278793335 -0.01705285906791687 0.0)
(1.0381524562835693 -0.009789234027266502 0.0)
(0.664206326007843 -0.48883989453315735 0.0)
(0.632556676864624 -0.4957246482372284 0.0)
(1.0072306394577026 0.010443372651934624 0.0)
(1.0374336242675781 -0.011329049244523048 0.0)
(-0.012524604797363281 -0.06174791231751442 0.0)
(1.2248260974884033 0.4037746787071228 0.0)
(-0.03655010461807251 0.047840360552072525 0.0)
(-0.04186415672302246 0.04610889405012131 0.0)
(0.5990415811538696 -0.045134928077459335 0.0)
(0.7057180404663086 -0.06087694689631462 0.0)
(1.043056607246399 -0.017794346436858177 0.0)
(1.041994571685791 -0.016739098355174065 0.0)
(1.1687240600585938 0.21813127398490906 0.0)
(1.1386926174163818 0.2026834934949875 0.0)
(0.3009953498840332 -0.1909869909286499 0.0)
(1.2141008377075195 -0.38716983795166016 0.0)
(0.7556297183036804 -0.01347653940320015 0.0)
(1.230072259902954 -0.3818480372428894 0.0)
(-0.04588878154754639 -0.04083811491727829 0.0)
(0.4413442313671112 -0.28702571988105774 0.0)
(1.2313592433929443 -0.27355149388313293 0.0)
(1.1167330741882324 0.17731793224811554 0.0)
(1.0399329662322998 -0.010240394622087479 0.0)
(1.0411313772201538 -0.011274272575974464 0.0)
(1.039963722229004 0.017815927043557167 0.0)
(1.0738952159881592 -0.005559810437262058 0.0)
(1.1864190101623535 0.4593236446380615 0.0)
(0.9091941118240356 0.027180206030607224 0.0)
(0.8385660648345947 0.027153484523296356 0.0)
(1.0726181268692017 -0.01023146603256464 0.0)
(1.0728354454040527 -0.0074700177647173405 0.0)
(1.0234861373901367 0.02191821299493313 0.0)
(1.0386171340942383 0.02204563468694687 0.0)
(0.9989043474197388 0.02326470986008644 0.0)
(0.07890981435775757 -0.03290903940796852 0.0)
(0.9556689858436584 0.5324826836585999 0.0)
(1.0309770107269287 -0.546803891658783 0.0)
(1.20081627368927 -0.22098736464977264 0.0)
(1.2504903078079224 -0.2741493880748749 0.0)
(1.115990161895752 -0.18151313066482544 0.0)
(1.222214698791504 0.26488643884658813 0.0)
(-0.058015525341033936 0.010832685977220535 0.0)
(1.1635223627090454 -0.4350082576274872 0.0)
(0.7754674553871155 0.5330463647842407 0.0)
(-0.022383928298950195 -0.06390974670648575 0.0)
(-0.028408586978912354 -0.06209556758403778 0.0)
(-0.017125725746154785 -0.061868295073509216 0.0)
(1.0078558921813965 0.011518937535583973 0.0)
(0.04832768440246582 0.03620358929038048 0.0)
(1.0516760349273682 0.014905902557075024 0.0)
(1.049809217453003 0.0153563367202878 0.0)
(1.0602452754974365 -0.5475176572799683 0.0)
(0.7832933068275452 0.08302897959947586 0.0)
(0.6268530488014221 0.0555582195520401 0.0)
(1.0686824321746826 0.00951899029314518 0.0)
(0.543808102607727 -0.4410662055015564 0.0)
(1.1104872226715088 -0.5378891229629517 0.0)
(0.5856388211250305 -0.46983957290649414 0.0)
(0.5726869106292725 -0.4416154623031616 0.0)
(1.1027864217758179 -0.1577373743057251 0.0)
(1.2385764122009277 0.28224506974220276 0.0)
(-0.05798262357711792 -0.02554595284163952 0.0)
(0.3626989424228668 -0.04697063937783241 0.0)
(0.3431129455566406 -0.025687851011753082 0.0)
(1.1803570985794067 0.4414789080619812 0.0)
(0.6159761548042297 -0.46624070405960083 0.0)
(-0.006993472576141357 -0.05615629628300667 0.0)
(1.1764087677001953 0.2023072987794876 0.0)
(0.31349217891693115 -0.16314539313316345 0.0)
(1.1548322439193726 -0.4546973705291748 0.0)
(1.0751333236694336 -0.004043116699904203 0.0)
(1.0752508640289307 -0.001882211770862341 0.0)
(1.2152409553527832 -0.23415568470954895 0.0)
(1.237054705619812 0.25948232412338257 0.0)
(1.2136563062667847 0.24361854791641235 0.0)
(0.03917807340621948 0.03784139081835747 0.0)
(0.5348950624465942 -0.41180408000946045 0.0)
(0.5044981241226196 -0.4048670828342438 0.0)
(1.0670042037963867 0.011643748730421066 0.0)
(1.0664277076721191 0.01176745817065239 0.0)
(0.4175390303134918 0.03242092952132225 0.0)
(1.0547263622283936 0.015450858511030674 0.0)
(1.0527797937393188 0.016024429351091385 0.0)
(0.9780327081680298 -0.5571545362472534 0.0)
(1.0018036365509033 -0.014694382436573505 0.0)
(0.8154592514038086 0.6097838282585144 0.0)
(0.3308045268058777 0.20941726863384247 0.0)
(0.02645021677017212 -0.044452253729104996 0.0)
(0.0232393741607666 -0.04935448244214058 0.0)
(0.04541081190109253 -0.040089741349220276 0.0)
(1.0429813861846924 -0.021055327728390694 0.0)
(1.0003199577331543 -0.014810343272984028 0.0)
(-0.0607793927192688 -0.006399759091436863 0.0)
(1.0384989976882935 0.015884697437286377 0.0)
(1.0394446849822998 0.017366167157888412 0.0)
(-0.06323224306106567 -0.01314588449895382 0.0)
(1.126345157623291 -0.4583596885204315 0.0)
(1.1159709692001343 -0.4812558591365814 0.0)
(-0.02696746587753296 0.058333493769168854 0.0)
(-0.0019808411598205566 0.039283253252506256 0.0)
(0.9991320371627808 -0.016240624710917473 0.0)
(1.0690690279006958 0.00479098130017519 0.0)
(1.0700509548187256 0.006532265804708004 0.0)
(0.7412327527999878 0.017811546102166176 0.0)
(0.7135175466537476 0.011120849289000034 0.0)
(0.906592845916748 -0.5656454563140869 0.0)
(0.46989530324935913 0.03804858773946762 0.0)
(0.4511275291442871 0.03652455657720566 0.0)
(0.9636324644088745 -0.023020828142762184 0.0)
(1.0266036987304688 -0.02299516275525093 0.0)
(1.0635950565338135 0.012498781085014343 0.0)
(1.0618772506713867 0.013601436279714108 0.0)
(1.2426360845565796 -0.2966161370277405 0.0)
(1.2453199625015259 -0.31088435649871826 0.0)
(1.064008355140686 0.01178914587944746 0.0)
(1.0627118349075317 0.013131335377693176 0.0)
(1.0424082279205322 -0.02236865647137165 0.0)
(1.0167776346206665 -0.02038189023733139 0.0)
(1.0183100700378418 -0.022472482174634933 0.0)
(0.38980594277381897 0.13194404542446136 0.0)
(0.37147051095962524 0.1597886085510254 0.0)
(1.0703318119049072 -0.013444563373923302 0.0)
(1.0712412595748901 -0.011698062531650066 0.0)
(-0.03724682331085205 0.038013771176338196 0.0)
(1.0028114318847656 -0.014486529864370823 0.0)
(1.0019291639328003 -0.014189786277711391 0.0)
(1.0033787488937378 -0.01415984332561493 0.0)
(1.24439537525177 -0.35746678709983826 0.0)
(1.2306965589523315 -0.3650316894054413 0.0)
(-0.03595840930938721 -0.058285925537347794 0.0)
(1.0412098169326782 -0.02783447690308094 0.0)
(1.1915068626403809 -0.41105297207832336 0.0)
(1.1665315628051758 -0.18267522752285004 0.0)
(-0.012485742568969727 0.05956101790070534 0.0)
(1.2453022003173828 -0.34258827567100525 0.0)
(1.047564148902893 0.015061307698488235 0.0)
(1.0464892387390137 0.014228380285203457 0.0)
(1.0397402048110962 0.012832856737077236 0.0)
(-0.0036132335662841797 0.057642146944999695 0.0)
(0.002298891544342041 0.0553310327231884 0.0)
(-0.008542835712432861 0.058787230402231216 0.0)
(1.0222517251968384 -0.02457866258919239 0.0)
(1.0246058702468872 -0.024361081421375275 0.0)
(0.7908211946487427 -0.5363792181015015 0.0)
(0.767916738986969 -0.5114048719406128 0.0)
(0.8515201807022095 -0.5364472270011902 0.0)
(0.8221940994262695 -0.5147289037704468 0.0)
(1.1527104377746582 -0.18421177566051483 0.0)
(-0.019563257694244385 0.061861831694841385 0.0)
(-0.02316504716873169 0.05775865912437439 0.0)
(1.0131254196166992 -0.01512999925762415 0.0)
(1.0121103525161743 -0.015564890578389168 0.0)
(1.0146815776824951 -0.017060536891222 0.0)
(0.5368444919586182 0.42626532912254333 0.0)
(0.5352687239646912 0.4576432406902313 0.0)
(1.039260745048523 0.012898353859782219 0.0)
(1.041824221611023 -0.02348790317773819 0.0)
(1.043443202972412 -0.02474737912416458 0.0)
(0.3240675926208496 -0.20785479247570038 0.0)
(0.47301217913627625 -0.36458951234817505 0.0)
(0.502398669719696 -0.3728993237018585 0.0)
(0.4716767966747284 -0.3296666741371155 0.0)
(0.40862494707107544 -0.2518776059150696 0.0)
(0.3797723054885864 -0.24045971035957336 0.0)
(1.0391592979431152 0.013666647486388683 0.0)
(1.0395218133926392 0.013867296278476715 0.0)
(1.038325309753418 0.013897080905735493 0.0)
(1.0086883306503296 -0.014982063323259354 0.0)
(1.0639814138412476 0.011700869537889957 0.0)
(-0.0425148606300354 -0.05159685015678406 0.0)
(1.0424587726593018 -0.019260425120592117 0.0)
(1.0430971384048462 -0.02060130424797535 0.0)
(1.042378306388855 -0.01897634007036686 0.0)
(1.0518592596054077 -0.021393543109297752 0.0)
(1.0590099096298218 0.015779098495841026 0.0)
(1.057142734527588 0.016634058207273483 0.0)
(-0.016733229160308838 0.0604095496237278 0.0)
(0.7168010473251343 -0.002688570646569133 0.0)
(0.6979678273200989 0.0041570342145860195 0.0)
(0.727229654788971 -0.007510317489504814 0.0)
(1.0404956340789795 0.023084159940481186 0.0)
(1.0400114059448242 0.022482678294181824 0.0)
(1.0604243278503418 -0.022638963535428047 0.0)
(1.0504344701766968 -0.02189847081899643 0.0)
(1.043737769126892 -0.02375376597046852 0.0)
(1.0547115802764893 -0.024995509535074234 0.0)
(1.0586116313934326 -0.024850264191627502 0.0)
(1.0433627367019653 -0.022327059879899025 0.0)
(1.0005989074707031 -0.01511989813297987 0.0)
(-0.06353479623794556 0.004733538720756769 0.0)
(0.15623712539672852 -0.03316042944788933 0.0)
(1.0437978506088257 -0.029261847957968712 0.0)
(1.0460211038589478 -0.027038749307394028 0.0)
(-0.0355793833732605 -0.05872989445924759 0.0)
(0.37386462092399597 -0.021201618015766144 0.0)
(0.3785456418991089 -0.020029408857226372 0.0)
(0.009587883949279785 -0.06827034801244736 0.0)
(0.9179218411445618 -0.10149277746677399 0.0)
(0.9954502582550049 -0.017944933846592903 0.0)
(0.993989884853363 -0.01680832728743553 0.0)
(0.9947541356086731 -0.018283715471625328 0.0)
(0.9926526546478271 -0.015085317194461823 0.0)
(0.9938098192214966 -0.01649121753871441 0.0)
(0.9911903142929077 -0.012363744899630547 0.0)
(0.9920257329940796 -0.01414850540459156 0.0)
(0.9892288446426392 -0.009036922827363014 0.0)
(0.9899685978889465 -0.011151574552059174 0.0)
(0.9878872036933899 -0.005789070390164852 0.0)
(0.9879132509231567 -0.00824334379285574 0.0)
(0.9874087572097778 -0.0018043427262455225 0.0)
(0.9867514967918396 -0.003889904823154211 0.0)
(0.9880313873291016 0.0015534067060798407 0.0)
(0.9870135188102722 -5.158386193215847e-05 0.0)
(0.9897083640098572 0.005423798691481352 0.0)
(0.9885222315788269 0.0034636978525668383 0.0)
(0.9912748336791992 0.008520502597093582 0.0)
(0.9899437427520752 0.007524840533733368 0.0)
(0.9920642375946045 0.011150594800710678 0.0)
(0.9908878207206726 0.01021143514662981 0.0)
(0.9936910271644592 0.013128114864230156 0.0)
(0.9919377565383911 0.012923264876008034 0.0)
(0.9954032897949219 0.014758343808352947 0.0)
(0.9944812059402466 0.014528047293424606 0.0)
(0.9977020025253296 0.015495398081839085 0.0)
(0.996587872505188 0.016346896067261696 0.0)
(0.9997040629386902 0.016265878453850746 0.0)
(0.9986673593521118 0.017008813098073006 0.0)
(1.0014727115631104 0.016092747449874878 0.0)
(1.0006266832351685 0.017002148553729057 0.0)
(1.002129316329956 0.014947210438549519 0.0)
(1.001453161239624 0.01640043593943119 0.0)
(1.0029650926589966 0.014480680227279663 0.0)
(1.0021367073059082 0.015605193562805653 0.0)
(1.0035245418548584 0.013467922806739807 0.0)
(1.003292202949524 0.014716221950948238 0.0)
(1.0043044090270996 0.012501989491283894 0.0)
(1.0040370225906372 0.01366987731307745 0.0)
(1.0048317909240723 0.01181749440729618 0.0)
(1.0056240558624268 0.011764204129576683 0.0)
(1.004922866821289 0.01242009736597538 0.0)
(0.5214321613311768 0.30360743403434753 0.0)
(1.0068498849868774 -0.012538952752947807 0.0)
(0.4211512804031372 0.2730584144592285 0.0)
(0.5405461192131042 0.35639843344688416 0.0)
(0.01969510316848755 -0.05146611109375954 0.0)
(1.2427124977111816 0.3121969997882843 0.0)
(0.4550417959690094 0.28158679604530334 0.0)
(0.1729709506034851 0.022332536056637764 0.0)
(0.7734344601631165 -0.021163638681173325 0.0)
(1.1503852605819702 0.4188476800918579 0.0)
(1.200131893157959 -0.3716806173324585 0.0)
(1.2127065658569336 0.23740731179714203 0.0)
(-0.057620465755462646 0.022253958508372307 0.0)
(1.2257941961288452 0.3874897062778473 0.0)
(1.2401058673858643 0.3832979202270508 0.0)
(1.0665490627288818 -0.016199227422475815 0.0)
(1.0690969228744507 -0.015125188045203686 0.0)
(1.043211579322815 0.013916291296482086 0.0)
(1.0414910316467285 0.013987394981086254 0.0)
(1.043027639389038 -0.024747399613261223 0.0)
(-0.055597901344299316 -0.03934389725327492 0.0)
(1.0686298608779907 0.0022267994936555624 0.0)
(1.0710358619689941 0.004020959138870239 0.0)
(1.2164608240127563 -0.35295405983924866 0.0)
(-0.07265043258666992 -0.012978623621165752 0.0)
(0.6762609481811523 -0.4557947516441345 0.0)
(1.2478809356689453 0.30498477816581726 0.0)
(1.014189600944519 0.01711335964500904 0.0)
(1.0170397758483887 0.01994110830128193 0.0)
(1.0157580375671387 0.019367292523384094 0.0)
(1.0198705196380615 0.021349728107452393 0.0)
(1.0182061195373535 0.021639036014676094 0.0)
(1.0248140096664429 0.02332497388124466 0.0)
(1.0224381685256958 0.02396235428750515 0.0)
(1.0290615558624268 0.024686310440301895 0.0)
(1.0269371271133423 0.02541591227054596 0.0)
(1.0338609218597412 0.02583194524049759 0.0)
(1.0312201976776123 0.026356706395745277 0.0)
(1.0391603708267212 0.026310132816433907 0.0)
(1.036400318145752 0.027039336040616035 0.0)
(1.0440702438354492 0.025790181010961533 0.0)
(1.0416669845581055 0.027606921270489693 0.0)
(1.0480155944824219 0.024040069431066513 0.0)
(1.0472235679626465 0.02746899425983429 0.0)
(1.053602695465088 0.02312227338552475 0.0)
(1.0521759986877441 0.025882530957460403 0.0)
(1.0589652061462402 0.021688763052225113 0.0)
(1.0563608407974243 0.02340693771839142 0.0)
(1.0603137016296387 0.01807374693453312 0.0)
(1.0617051124572754 0.02171894535422325 0.0)
(1.0632377862930298 0.015205157920718193 0.0)
(1.062201976776123 0.01726291887462139 0.0)
(1.063865065574646 0.01185985840857029 0.0)
(1.066433072090149 0.014945205301046371 0.0)
(1.0670071840286255 0.008986062370240688 0.0)
(1.0676912069320679 0.011244670487940311 0.0)
(1.0675016641616821 0.005260218866169453 0.0)
(1.0682240724563599 0.006972962990403175 0.0)
(1.0678666830062866 0.0023099796380847692 0.0)
(1.0694128274917603 0.0034404515754431486 0.0)
(1.0688838958740234 -0.00020342605421319604 0.0)
(1.0703541040420532 0.0006550630205310881 0.0)
(1.0686759948730469 -0.003048763144761324 0.0)
(1.0704878568649292 -0.0023647502530366182 0.0)
(1.0690791606903076 -0.0053519802168011665 0.0)
(1.071029543876648 -0.004493072163313627 0.0)
(1.0672823190689087 -0.007748115342110395 0.0)
(1.0689270496368408 -0.007036386989057064 0.0)
(1.0648393630981445 -0.00943452026695013 0.0)
(1.0676149129867554 -0.009602103382349014 0.0)
(1.0613985061645508 -0.010793679393827915 0.0)
(1.0646061897277832 -0.011001145467162132 0.0)
(1.0584673881530762 -0.011800131760537624 0.0)
(1.0606684684753418 -0.01213686354458332 0.0)
(1.0568771362304688 -0.01236927229911089 0.0)
(1.0581989288330078 -0.01301853358745575 0.0)
(1.0551520586013794 -0.013449404388666153 0.0)
(1.0547752380371094 -0.013149342499673367 0.0)
(1.0528477430343628 -0.01405482180416584 0.0)
(1.0553356409072876 -0.014674282632768154 0.0)
(1.0501508712768555 -0.013898205012083054 0.0)
(1.0531935691833496 -0.015354118309915066 0.0)
(1.047977089881897 -0.01362171582877636 0.0)
(1.0503995418548584 -0.014736153185367584 0.0)
(1.0454598665237427 -0.013178236782550812 0.0)
(1.0472618341445923 -0.014133237302303314 0.0)
(1.0439722537994385 -0.013004188425838947 0.0)
(1.0449467897415161 -0.013502581976354122 0.0)
(1.0407204627990723 0.019924264401197433 0.0)
(1.0406144857406616 0.019888347014784813 0.0)
(1.082495093345642 -0.5277163982391357 0.0)
(1.077117919921875 -0.008207496255636215 0.0)
(1.0627108812332153 -0.019375164061784744 0.0)
(1.0607801675796509 -0.021008385345339775 0.0)
(1.0649751424789429 -0.01877755858004093 0.0)
(-0.06437164545059204 0.013741484843194485 0.0)
(1.2064324617385864 0.4238688349723816 0.0)
(1.2131048440933228 0.4068504273891449 0.0)
(1.0245486497879028 -0.5115491151809692 0.0)
(0.08831006288528442 0.02782033011317253 0.0)
(0.15217936038970947 0.024363048374652863 0.0)
(0.07721549272537231 0.031800996512174606 0.0)
(0.2539755702018738 0.019314447417855263 0.0)
(0.3700152337551117 0.02787758596241474 0.0)
(0.2406982183456421 0.023306703194975853 0.0)
(1.183014154434204 -0.20395320653915405 0.0)
(1.1983082294464111 -0.20117084681987762 0.0)
(1.2173949480056763 -0.2202845960855484 0.0)
(1.1459248065948486 -0.4148310422897339 0.0)
(0.7726266384124756 0.5067908763885498 0.0)
(0.472140371799469 -0.2666229009628296 0.0)
(0.9568739533424377 -0.5738139748573303 0.0)
(1.0096466541290283 -0.01716315932571888 0.0)
(1.0110669136047363 -0.01728907786309719 0.0)
(1.170029878616333 -0.1727515310049057 0.0)
(0.5919278264045715 -0.4133654236793518 0.0)
(-0.06139177083969116 -0.034063730388879776 0.0)
(-0.04703783988952637 0.01867184415459633 0.0)
(1.229034185409546 -0.26372629404067993 0.0)
(-0.05155360698699951 0.03454713523387909 0.0)
(-0.059761226177215576 0.02803940512239933 0.0)
(-0.019653618335723877 0.05866000056266785 0.0)
(0.8661532998085022 -0.02223723940551281 0.0)
(-0.07401508092880249 0.009176179766654968 0.0)
(-0.07306885719299316 0.010652745142579079 0.0)
(-0.07268726825714111 -0.002928241854533553 0.0)
(-0.02834630012512207 0.05531245097517967 0.0)
(-0.02800685167312622 0.055856287479400635 0.0)
(1.2451953887939453 -0.2682475745677948 0.0)
(-0.03460186719894409 0.04499004781246185 0.0)
(-0.033829569816589355 0.052670177072286606 0.0)
(-0.03333026170730591 0.05287531763315201 0.0)
(-0.03563714027404785 0.047007035464048386 0.0)
(0.9092049598693848 -0.527627170085907 0.0)
(0.3390555679798126 0.018502963706851006 0.0)
(0.3608109652996063 -0.005515886005014181 0.0)
(0.3678623139858246 0.03990298882126808 0.0)
(1.1871771812438965 0.428583025932312 0.0)
(1.0490336418151855 -0.023860523477196693 0.0)
(0.3804026246070862 0.23915070295333862 0.0)
(0.999342143535614 -0.018499914556741714 0.0)
(0.3429430425167084 -0.11468584835529327 0.0)
(0.3613899350166321 -0.09178834408521652 0.0)
(1.2446534633636475 0.28628405928611755 0.0)
(0.3698112368583679 0.21029572188854218 0.0)
(0.8313161730766296 -0.02211778610944748 0.0)
(1.0074632167816162 -0.015177729539573193 0.0)
(0.41537749767303467 0.24301579594612122 0.0)
(1.0057580471038818 -0.012647682800889015 0.0)
(1.249295711517334 0.3280768096446991 0.0)
(0.4848805069923401 0.2584313750267029 0.0)
(-0.028282225131988525 0.05749526992440224 0.0)
(1.2416871786117554 0.3047662377357483 0.0)
(1.2406386137008667 0.2947929799556732 0.0)
(1.0504812002182007 -0.02675221674144268 0.0)
(1.0485364198684692 -0.02827787771821022 0.0)
(1.0534201860427856 -0.02713422104716301 0.0)
(0.9252631068229675 -0.02529170736670494 0.0)
(0.3898676037788391 0.18622177839279175 0.0)
(1.23655366897583 0.3290728032588959 0.0)
(1.2361067533493042 0.3161301016807556 0.0)
(1.175569772720337 -0.3935108184814453 0.0)
(1.1844583749771118 -0.37499767541885376 0.0)
(1.157135248184204 -0.39586275815963745 0.0)
(0.0009368062019348145 -0.05482397601008415 0.0)
(-0.039189159870147705 -0.055385053157806396 0.0)
(1.0071721076965332 -0.015166853554546833 0.0)
(1.1642980575561523 0.1865834891796112 0.0)
(-0.007869303226470947 0.05907999351620674 0.0)
(1.2334301471710205 -0.33183354139328003 0.0)
(1.233499526977539 -0.3164054751396179 0.0)
(1.2189282178878784 -0.33731546998023987 0.0)
(1.2114155292510986 0.21904361248016357 0.0)
(1.0699795484542847 0.0015041821170598269 0.0)
(0.11120468378067017 -0.02554340288043022 0.0)
(0.3426492512226105 -0.15652422606945038 0.0)
(0.36017701029777527 -0.1345662772655487 0.0)
(1.039093255996704 -0.01252626534551382 0.0)
(1.2151975631713867 -0.19569076597690582 0.0)
(-0.04752194881439209 -0.04819164797663689 0.0)
(-0.045105159282684326 -0.04964880272746086 0.0)
(0.056509315967559814 0.03472225368022919 0.0)
(0.44497033953666687 0.2159530520439148 0.0)
(0.4319077730178833 0.18663142621517181 0.0)
(0.4812380373477936 0.2213074266910553 0.0)
(0.9542617797851562 0.4973938465118408 0.0)
(0.8176572918891907 -0.02377556823194027 0.0)
(1.038547396659851 -0.010711578652262688 0.0)
(1.2254481315612793 -0.19218577444553375 0.0)
(1.0405151844024658 0.021977044641971588 0.0)
(1.0335569381713867 0.447025865316391 0.0)
(0.5228784084320068 0.26824331283569336 0.0)
(-0.031191527843475342 0.055266086012125015 0.0)
(-0.04027622938156128 0.051109492778778076 0.0)
(0.42574113607406616 0.0763622373342514 0.0)
(0.9284158945083618 -0.5814108848571777 0.0)
(0.37927812337875366 -0.02284258045256138 0.0)
(1.0444087982177734 0.014822105877101421 0.0)
(0.9842265844345093 0.47953248023986816 0.0)
(0.549870491027832 0.3165138363838196 0.0)
(0.7218477129936218 -0.46988818049430847 0.0)
(0.7030620574951172 -0.44831907749176025 0.0)
(1.150909662246704 0.25222447514533997 0.0)
(1.177797794342041 0.4076738655567169 0.0)
(1.0271801948547363 -0.026858704164624214 0.0)
(1.029767394065857 -0.026004180312156677 0.0)
(1.0632615089416504 0.14695803821086884 0.0)
(0.01444321870803833 -0.05131860822439194 0.0)
(0.9233748316764832 0.47870147228240967 0.0)
(0.5848032236099243 0.05214635282754898 0.0)
(0.555472731590271 0.04801824316382408 0.0)
(0.7045313119888306 0.5202042460441589 0.0)
(0.7714577913284302 -0.022617856040596962 0.0)
(1.2028740644454956 -0.35486942529678345 0.0)
(1.2349724769592285 0.24324865639209747 0.0)
(1.2323877811431885 0.23508696258068085 0.0)
(-0.06550610065460205 0.019071996212005615 0.0)
(-0.0703132152557373 0.01969822309911251 0.0)
(1.1576781272888184 0.40500855445861816 0.0)
(1.0395435094833374 -0.4918602406978607 0.0)
(0.9424576163291931 -0.5040336847305298 0.0)
(0.8437056541442871 -0.08070241659879684 0.0)
(0.4876740276813507 -0.0314558744430542 0.0)
(0.4830239713191986 -0.031122786924242973 0.0)
(0.6009639501571655 -0.043958697468042374 0.0)
(1.0416946411132812 0.015443299897015095 0.0)
(1.0431386232376099 -0.024589620530605316 0.0)
(1.0433062314987183 -0.023312000557780266 0.0)
(1.0419141054153442 -0.01612226292490959 0.0)
(1.0405086278915405 -0.014536174014210701 0.0)
(0.35743507742881775 -0.19807250797748566 0.0)
(0.8782234191894531 -0.5148252844810486 0.0)
(0.09591925144195557 -0.03245297074317932 0.0)
(1.0403751134872437 0.02348686382174492 0.0)
(1.0762674808502197 0.0001492353912908584 0.0)
(1.0746867656707764 0.0013751881197094917 0.0)
(0.8431506752967834 0.02847684547305107 0.0)
(1.04067063331604 0.022525841370224953 0.0)
(1.041326880455017 0.024164117872714996 0.0)
(0.9356736540794373 -0.09867236763238907 0.0)
(0.6739374995231628 0.06360100954771042 0.0)
(1.006112813949585 0.13126900792121887 0.0)
(0.3828582167625427 -0.2115650624036789 0.0)
(0.7235116958618164 0.4869822859764099 0.0)
(0.7496426701545715 0.4842197597026825 0.0)
(0.9705148339271545 -0.519479513168335 0.0)
(1.0440518856048584 -0.02277389168739319 0.0)
(1.0432703495025635 -0.02166098915040493 0.0)
(0.36543890833854675 -0.17316018044948578 0.0)
(0.7717477083206177 0.02589608170092106 0.0)
(0.7377476692199707 0.019041068851947784 0.0)
(1.0125705003738403 0.01651705987751484 0.0)
(1.0106751918792725 0.015072447247803211 0.0)
(1.042093276977539 0.01994604989886284 0.0)
(1.0424658060073853 -0.01237244438380003 0.0)
(1.0426762104034424 -0.012999427504837513 0.0)
(1.0816307067871094 -0.005654581356793642 0.0)
(1.0772329568862915 -0.0034940079785883427 0.0)
(0.6344007253646851 -0.43599826097488403 0.0)
(1.0641193389892578 -0.023960990831255913 0.0)
(1.004036784172058 0.023973902687430382 0.0)
(0.9822458624839783 0.02651720494031906 0.0)
(1.072655200958252 -0.4978785216808319 0.0)
(-0.015843689441680908 0.054490212351083755 0.0)
(1.0438201427459717 -0.01839604787528515 0.0)
(0.5824582576751709 -0.39024385809898376 0.0)
(0.5525336265563965 -0.3891792297363281 0.0)
(0.4700593948364258 -0.23908908665180206 0.0)
(0.43964287638664246 -0.23299871385097504 0.0)
(1.002598762512207 -0.1181476041674614 0.0)
(0.9880962371826172 -0.12026601284742355 0.0)
(-0.004869282245635986 -0.05667150765657425 0.0)
(1.2487990856170654 -0.26271554827690125 0.0)
(0.8099472522735596 0.4802071154117584 0.0)
(1.0532783269882202 0.017763521522283554 0.0)
(-0.0500713586807251 0.014249099418520927 0.0)
(0.5039471387863159 -0.2731291651725769 0.0)
(0.9976038336753845 -0.018298160284757614 0.0)
(-0.01673990488052368 -0.058991629630327225 0.0)
(1.0477797985076904 0.016678184270858765 0.0)
(0.4876207113265991 -0.03205719217658043 0.0)
(0.49915653467178345 -0.031095650047063828 0.0)
(1.067155122756958 0.013506324030458927 0.0)
(1.0671383142471313 0.01329702790826559 0.0)
(1.0398461818695068 0.020322684198617935 0.0)
(0.5996866226196289 0.055724531412124634 0.0)
(1.2405025959014893 -0.23434090614318848 0.0)
(0.6208947896957397 -0.409591943025589 0.0)
(-0.06968629360198975 -0.03118499368429184 0.0)
(-0.08746790885925293 -0.03828955069184303 0.0)
(1.0218943357467651 -0.02730434201657772 0.0)
(0.3954383134841919 -0.0917031541466713 0.0)
(0.834412693977356 0.4950564503669739 0.0)
(1.0076440572738647 -0.017367936670780182 0.0)
(1.0090348720550537 -0.017790844663977623 0.0)
(1.0436357259750366 -0.03234314173460007 0.0)
(1.041420578956604 0.017916526645421982 0.0)
(1.042414665222168 0.020232900977134705 0.0)
(1.2469947338104248 0.35147902369499207 0.0)
(1.071180820465088 0.009569947607815266 0.0)
(1.040704369544983 0.015094640664756298 0.0)
(0.19707447290420532 -0.017991242930293083 0.0)
(-0.016982078552246094 0.05795111879706383 0.0)
(0.04756730794906616 -0.046108074486255646 0.0)
(1.0397456884384155 0.015379679389297962 0.0)
(-0.029750525951385498 -0.05886027589440346 0.0)
(-0.03695881366729736 -0.055805791169404984 0.0)
(-0.021222591400146484 -0.05848498269915581 0.0)
(1.0831096172332764 -0.48045313358306885 0.0)
(1.236798644065857 -0.2720997929573059 0.0)
(1.2346395254135132 -0.2877940833568573 0.0)
(0.0009655952453613281 0.056837644428014755 0.0)
(-0.0037374496459960938 0.05566975846886635 0.0)
(1.138241171836853 0.17816203832626343 0.0)
(1.11789870262146 0.4284893274307251 0.0)
(1.1313583850860596 0.4120580852031708 0.0)
(1.2048335075378418 0.46279454231262207 0.0)
(1.0180743932724 -0.025775542482733727 0.0)
(1.0195162296295166 -0.02809964306652546 0.0)
(1.070098876953125 0.007122393231838942 0.0)
(1.015268325805664 -0.023754490539431572 0.0)
(1.03877592086792 -0.025072133168578148 0.0)
(1.049428105354309 0.016880681738257408 0.0)
(1.0511008501052856 0.017974266782402992 0.0)
(1.0496902465820312 0.01764681376516819 0.0)
(0.9999256134033203 -0.018733447417616844 0.0)
(1.001125454902649 -0.017165247350931168 0.0)
(0.5030691623687744 -0.3069068491458893 0.0)
(1.006005883216858 -0.014671890996396542 0.0)
(1.0058976411819458 -0.01582813449203968 0.0)
(0.8953663110733032 0.4958439767360687 0.0)
(0.9981216192245483 -0.019320828840136528 0.0)
(1.0617371797561646 0.01534957718104124 0.0)
(1.0616323947906494 0.016418736428022385 0.0)
(1.035206913948059 -0.027406232431530952 0.0)
(1.0330241918563843 -0.02831391431391239 0.0)
(1.0379668474197388 -0.0294489823281765 0.0)
(0.864607036113739 0.10212645679712296 0.0)
(1.224930763244629 0.21894966065883636 0.0)
(1.2170487642288208 0.20826148986816406 0.0)
(1.1202456951141357 -0.41599300503730774 0.0)
(1.0653343200683594 0.014520213007926941 0.0)
(1.0621232986450195 0.015065992251038551 0.0)
(1.2470351457595825 0.2728486657142639 0.0)
(1.2464708089828491 0.2646650969982147 0.0)
(1.2288035154342651 0.33831584453582764 0.0)
(1.075595736503601 -0.013870724476873875 0.0)
(1.0788230895996094 -0.01048948522657156 0.0)
(1.243066668510437 0.3364774286746979 0.0)
(0.5665807127952576 0.37203508615493774 0.0)
(0.5637966394424438 0.4035396873950958 0.0)
(0.09550273418426514 0.03294460475444794 0.0)
(1.2288286685943604 0.35150977969169617 0.0)
(0.6453280448913574 0.5520601272583008 0.0)
(0.6696028709411621 0.524876594543457 0.0)
(1.082602858543396 -0.14833040535449982 0.0)
(1.0911720991134644 -0.14391158521175385 0.0)
(1.166646957397461 -0.17061473429203033 0.0)
(0.4269198477268219 0.12816661596298218 0.0)
(0.44866153597831726 0.09616243839263916 0.0)
(0.4500787556171417 0.1547495275735855 0.0)
(1.2465131282806396 -0.2533996105194092 0.0)
(1.2473914623260498 -0.24633122980594635 0.0)
(-0.07424348592758179 -0.021237356588244438 0.0)
(0.10928434133529663 0.02996153198182583 0.0)
(0.9964913725852966 -0.018981678411364555 0.0)
(1.067577838897705 0.015111959539353848 0.0)
(0.4153553247451782 -0.0675705149769783 0.0)
(0.39641180634498596 -0.04696877673268318 0.0)
(1.0379129648208618 -0.03184889256954193 0.0)
(1.04053795337677 -0.034066710621118546 0.0)
(0.6100037693977356 0.5475772023200989 0.0)
(1.2407481670379639 0.3579673171043396 0.0)
(0.773907482624054 -0.47900423407554626 0.0)
(0.747873067855835 -0.4607841968536377 0.0)
(0.8251957297325134 -0.47933247685432434 0.0)
(0.8003706336021423 -0.4629676342010498 0.0)
(1.0716685056686401 0.009679663926362991 0.0)
(1.0141668319702148 -0.018996557220816612 0.0)
(1.01276695728302 -0.0192649457603693 0.0)
(1.0147284269332886 -0.020777912810444832 0.0)
(1.0018856525421143 -0.017244312912225723 0.0)
(1.0027559995651245 -0.016239475458860397 0.0)
(1.0426044464111328 -0.02559608593583107 0.0)
(1.0433933734893799 -0.02590707503259182 0.0)
(1.24647057056427 -0.24855409562587738 0.0)
(1.2454638481140137 -0.25388869643211365 0.0)
(1.2336252927780151 -0.20817390084266663 0.0)
(1.2301145792007446 -0.21412457525730133 0.0)
(0.6608117818832397 -0.43091124296188354 0.0)
(1.0430210828781128 -0.01957532949745655 0.0)
(1.0441596508026123 -0.021079162135720253 0.0)
(1.0437666177749634 -0.019551774486899376 0.0)
(1.0573736429214478 0.018158797174692154 0.0)
(1.0551913976669312 0.01841871626675129 0.0)
(-0.054667770862579346 -0.04228563606739044 0.0)
(1.0081901550292969 0.01335890218615532 0.0)
(1.0089731216430664 0.014787765219807625 0.0)
(0.048670172691345215 0.04010150209069252 0.0)
(0.028425157070159912 0.04365663602948189 0.0)
(0.7280285954475403 -0.009045865386724472 0.0)
(0.7412712574005127 -0.017551658675074577 0.0)
(0.8646542429924011 -0.028071915730834007 0.0)
(0.9125539064407349 -0.026577649638056755 0.0)
(1.0610668659210205 -0.027752185240387917 0.0)
(1.0633107423782349 -0.027153242379426956 0.0)
(1.0545575618743896 0.43200036883354187 0.0)
(1.0779001712799072 0.4399136006832123 0.0)
(1.0732247829437256 0.012300960719585419 0.0)
(1.068480134010315 0.012452150695025921 0.0)
(1.0071053504943848 0.013151834718883038 0.0)
(0.19731271266937256 -0.023809293285012245 0.0)
(0.6771215796470642 -0.4004071056842804 0.0)
(1.0681061744689941 0.01665918529033661 0.0)
(0.1763351559638977 -0.026967475190758705 0.0)
(0.26985520124435425 -0.02604697458446026 0.0)
(0.5532021522521973 0.2444569170475006 0.0)
(0.9925064444541931 -0.018785761669278145 0.0)
(0.9906309247016907 -0.016437752172350883 0.0)
(0.9913529753684998 -0.018537461757659912 0.0)
(0.9877744317054749 -0.012923297472298145 0.0)
(0.9880351424217224 -0.015945134684443474 0.0)
(0.9859775304794312 -0.009108000434935093 0.0)
(0.9862958788871765 -0.011752281337976456 0.0)
(0.984050989151001 -0.004464742261916399 0.0)
(0.9837080240249634 -0.007322880905121565 0.0)
(0.984104573726654 0.00029499910306185484 0.0)
(0.9827921986579895 -0.002153283916413784 0.0)
(0.9854999780654907 0.0048071821220219135 0.0)
(0.983832836151123 0.001910525606945157 0.0)
(0.9875484108924866 0.009069075807929039 0.0)
(0.9860792756080627 0.0072362967766821384 0.0)
(0.9886016249656677 0.012209819629788399 0.0)
(0.9870004057884216 0.011212245561182499 0.0)
(0.990578293800354 0.01499952096492052 0.0)
(0.9883596897125244 0.014265854842960835 0.0)
(0.9929302334785461 0.01692584715783596 0.0)
(0.9912493228912354 0.016621015965938568 0.0)
(0.9961426258087158 0.018077298998832703 0.0)
(0.9945230484008789 0.018552299588918686 0.0)
(0.998664379119873 0.018943579867482185 0.0)
(0.9975249767303467 0.019731558859348297 0.0)
(1.0003998279571533 0.018848927691578865 0.0)
(0.9997580647468567 0.0202628243714571 0.0)
(1.0021250247955322 0.018347101286053658 0.0)
(1.0008624792099 0.019611407071352005 0.0)
(1.0032596588134766 0.01737041585147381 0.0)
(1.0025721788406372 0.01853768713772297 0.0)
(1.0042859315872192 0.01648719422519207 0.0)
(1.0037962198257446 0.017845066264271736 0.0)
(1.005282998085022 0.015064247883856297 0.0)
(1.0047171115875244 0.016118831932544708 0.0)
(1.005721926689148 0.01357340533286333 0.0)
(0.5932163000106812 0.05098827928304672 0.0)
(1.0457173585891724 0.01632969081401825 0.0)
(1.0469770431518555 0.017233874648809433 0.0)
(1.0446162223815918 0.016412727534770966 0.0)
(0.8095496296882629 -0.03030390478670597 0.0)
(0.8578556180000305 -0.029938029125332832 0.0)
(1.0793137550354004 0.14422328770160675 0.0)
(0.5648201704025269 0.5049893856048584 0.0)
(0.17067021131515503 -0.0690779760479927 0.0)
(0.02940613031387329 -0.04937233030796051 0.0)
(0.9243669509887695 0.4443166255950928 0.0)
(-0.022554874420166016 0.05904976651072502 0.0)
(1.0694223642349243 0.01508992351591587 0.0)
(1.0692250728607178 0.014777268283069134 0.0)
(1.0681099891662598 0.016786979511380196 0.0)
(1.0660552978515625 -0.023060746490955353 0.0)
(1.0682973861694336 -0.0207976084202528 0.0)
(1.1876771450042725 -0.3402891457080841 0.0)
(0.9335787892341614 -0.46526962518692017 0.0)
(1.2164355516433716 0.3735201060771942 0.0)
(1.2185136079788208 0.3576606810092926 0.0)
(1.0263099670410156 -0.4641796946525574 0.0)
(1.0727064609527588 -0.01696472242474556 0.0)
(1.0746829509735107 -0.020413462072610855 0.0)
(1.0773590803146362 -0.016333529725670815 0.0)
(1.043247103691101 -0.025190338492393494 0.0)
(1.1521985530853271 0.3846287429332733 0.0)
(0.5328845977783203 -0.25292861461639404 0.0)
(0.8781961798667908 -0.47789064049720764 0.0)
(0.8530300259590149 -0.4635455012321472 0.0)
(0.15392130613327026 -0.03209993615746498 0.0)
(1.0473029613494873 -0.11838686466217041 0.0)
(1.0110830068588257 0.01769491657614708 0.0)
(1.043198823928833 0.02252556011080742 0.0)
(1.018526315689087 0.02361201122403145 0.0)
(1.0218571424484253 0.025907348841428757 0.0)
(1.0194958448410034 0.02574586123228073 0.0)
(1.0262373685836792 0.02731391414999962 0.0)
(1.0238378047943115 0.02800431102514267 0.0)
(1.0308386087417603 0.02911273203790188 0.0)
(1.028805136680603 0.029857371002435684 0.0)
(1.036525845527649 0.030421866104006767 0.0)
(1.0342097282409668 0.03132279962301254 0.0)
(1.0425480604171753 0.03139957785606384 0.0)
(1.0391448736190796 0.03192170336842537 0.0)
(1.0486884117126465 0.03125904127955437 0.0)
(1.0457663536071777 0.03315677121281624 0.0)
(1.0555915832519531 0.02952716313302517 0.0)
(1.0539029836654663 0.03380677476525307 0.0)
(1.0589326620101929 0.026617642492055893 0.0)
(1.0591685771942139 0.031210443004965782 0.0)
(1.063191294670105 0.024364778771996498 0.0)
(1.0622825622558594 0.026697620749473572 0.0)
(1.0683047771453857 0.02062835358083248 0.0)
(1.0670137405395508 0.02412753738462925 0.0)
(1.0701075792312622 0.017259882763028145 0.0)
(1.0718066692352295 0.02009027637541294 0.0)
(1.0715727806091309 0.012874709442257881 0.0)
(1.07166588306427 0.014927168376743793 0.0)
(1.0723443031311035 0.008341094478964806 0.0)
(1.072615623474121 0.010532884858548641 0.0)
(1.0746747255325317 0.0041277226991951466 0.0)
(1.075543999671936 0.006701071280986071 0.0)
(1.073062777519226 0.0007247089524753392 0.0)
(1.0766083002090454 0.0026173836085945368 0.0)
(1.0723322629928589 -0.0022801232989877462 0.0)
(1.0741782188415527 -0.001797278644517064 0.0)
(1.0719107389450073 -0.004981482867151499 0.0)
(1.0736526250839233 -0.0049640885554254055 0.0)
(1.0714023113250732 -0.00809237826615572 0.0)
(1.0735679864883423 -0.00795338861644268 0.0)
(1.0690693855285645 -0.010983971878886223 0.0)
(1.0738861560821533 -0.010900630615651608 0.0)
(1.0657943487167358 -0.012562321498990059 0.0)
(1.0699185132980347 -0.012416830286383629 0.0)
(1.0620380640029907 -0.01370344776660204 0.0)
(1.0641554594039917 -0.013540871441364288 0.0)
(1.0589513778686523 -0.014676015824079514 0.0)
(1.0599949359893799 -0.014718483202159405 0.0)
(1.0556493997573853 -0.014932266436517239 0.0)
(1.056848168373108 -0.015052075497806072 0.0)
(1.0538661479949951 -0.015607533045113087 0.0)
(1.054390788078308 -0.015854762867093086 0.0)
(1.053187608718872 -0.016257889568805695 0.0)
(1.0543851852416992 -0.017002034932374954 0.0)
(1.051161289215088 -0.01606692746281624 0.0)
(1.0527935028076172 -0.016898836940526962 0.0)
(1.0485912561416626 -0.015470367856323719 0.0)
(1.0497684478759766 -0.016381550580263138 0.0)
(1.0453523397445679 -0.014698745682835579 0.0)
(1.0473562479019165 -0.015938425436615944 0.0)
(1.041618824005127 0.02156607247889042 0.0)
(1.0377180576324463 0.022044029086828232 0.0)
(1.0004570484161377 -0.02069845423102379 0.0)
(-0.012347817420959473 0.05197446048259735 0.0)
(1.2010411024093628 0.39426231384277344 0.0)
(1.2066571712493896 0.3770456910133362 0.0)
(0.9910898208618164 -0.4970102906227112 0.0)
(0.2250659465789795 0.02607910707592964 0.0)
(0.19404375553131104 0.025425655767321587 0.0)
(0.0002993941307067871 -0.05220643803477287 0.0)
(-0.059245526790618896 -0.03984864056110382 0.0)
(-0.02859276533126831 -0.03698642551898956 0.0)
(-0.08273917436599731 -0.017169855535030365 0.0)
(-0.07214725017547607 -0.03337834030389786 0.0)
(-0.0666772723197937 -0.0352005772292614 0.0)
(1.0244109630584717 -0.030648123472929 0.0)
(1.0272886753082275 -0.029689760878682137 0.0)
(1.0407028198242188 -0.012198303826153278 0.0)
(0.8652423024177551 0.4776369631290436 0.0)
(1.0051703453063965 -0.013987468555569649 0.0)
(1.0431694984436035 -0.017176000401377678 0.0)
(1.043613076210022 -0.016793398186564445 0.0)
(-0.06164973974227905 0.029584167525172234 0.0)
(1.0460039377212524 -0.03403788432478905 0.0)
(1.0493682622909546 -0.03138313442468643 0.0)
(0.5997401475906372 0.5155882239341736 0.0)
(0.6197896003723145 0.4964778423309326 0.0)
(0.6585173010826111 0.4963027238845825 0.0)
(1.039239764213562 0.015315688215196133 0.0)
(0.061493098735809326 -0.03991103172302246 0.0)
(0.07320088148117065 -0.04050203412771225 0.0)
(0.059657394886016846 -0.04560525715351105 0.0)
(0.12990033626556396 -0.03418901190161705 0.0)
(1.0404634475708008 0.023517025634646416 0.0)
(1.2455418109893799 -0.22766242921352386 0.0)
(1.0056811571121216 -0.015931744128465652 0.0)
(1.109717845916748 -0.43550583720207214 0.0)
(1.0396174192428589 -0.012997097335755825 0.0)
(1.158047080039978 0.17371290922164917 0.0)
(1.2166272401809692 0.32880303263664246 0.0)
(0.7048404216766357 0.0046195415779948235 0.0)
(0.7062734365463257 0.012500730343163013 0.0)
(0.6946200728416443 -0.0026625513564795256 0.0)
(1.0043089389801025 -0.015880867838859558 0.0)
(0.13646459579467773 0.03240785375237465 0.0)
(0.8019899725914001 0.4483642876148224 0.0)
(0.26134926080703735 -0.018665600568056107 0.0)
(0.25812989473342896 -0.024017781019210815 0.0)
(0.3474223017692566 -0.023249207064509392 0.0)
(1.0772241353988647 0.010122377425432205 0.0)
(0.5597503185272217 0.47358548641204834 0.0)
(1.0060218572616577 0.014595736749470234 0.0)
(1.2039716243743896 0.34693947434425354 0.0)
(1.2029266357421875 0.3344862461090088 0.0)
(1.0022854804992676 -0.4619217813014984 0.0)
(1.0409313440322876 0.02135167457163334 0.0)
(1.0357965230941772 0.023798717185854912 0.0)
(1.0414183139801025 0.017101837322115898 0.0)
(1.0418744087219238 -0.01305889431387186 0.0)
(0.8639090657234192 0.4440418779850006 0.0)
(1.0063564777374268 -0.017631735652685165 0.0)
(1.0070350170135498 -0.0173336248844862 0.0)
(1.0822960138320923 -0.43276137113571167 0.0)
(1.0704615116119385 -0.4521905779838562 0.0)
(0.5907949805259705 0.4514281749725342 0.0)
(0.5885286927223206 0.4198134243488312 0.0)
(0.6136257648468018 0.46391475200653076 0.0)
(1.1099212169647217 -0.3967873454093933 0.0)
(1.2326979637145996 0.2919558584690094 0.0)
(1.1768980026245117 0.18690945208072662 0.0)
(0.3922801613807678 -0.13370171189308167 0.0)
(0.4120568633079529 -0.11455143243074417 0.0)
(0.980364203453064 0.4488260746002197 0.0)
(1.0074892044067383 0.43508678674697876 0.0)
(0.014241039752960205 0.05231793224811554 0.0)
(0.008817493915557861 0.05347831919789314 0.0)
(1.2400926351547241 -0.19403377175331116 0.0)
(1.0405666828155518 -0.014025123789906502 0.0)
(0.9963127374649048 -0.02139243111014366 0.0)
(-0.04667198657989502 -0.05060238018631935 0.0)
(-0.05356168746948242 -0.045487161725759506 0.0)
(-0.038890719413757324 -0.052806101739406586 0.0)
(1.0146691799163818 0.020666535943746567 0.0)
(1.0160162448883057 0.0237420666962862 0.0)
(1.0126938819885254 0.02023198828101158 0.0)
(0.8277779221534729 0.08761230111122131 0.0)
(0.5270083546638489 -0.34856167435646057 0.0)
(0.5518863201141357 -0.35925185680389404 0.0)
(0.5299848318099976 -0.31638213992118835 0.0)
(1.0036214590072632 -0.016251392662525177 0.0)
(0.6926669478416443 0.06066036969423294 0.0)
(1.07302725315094 0.0042290412820875645 0.0)
(1.0729777812957764 0.0036699583288282156 0.0)
(1.0712549686431885 0.006381121464073658 0.0)
(0.9940820932388306 -0.020236346870660782 0.0)
(0.9931943416595459 -0.02079883962869644 0.0)
(0.9951516389846802 -0.0217051412910223 0.0)
(1.0082627534866333 0.016174275428056717 0.0)
(1.00990629196167 0.017773082479834557 0.0)
(1.00713050365448 0.015988044440746307 0.0)
(-0.0508078932762146 0.041795890778303146 0.0)
(-0.05174911022186279 0.04131556674838066 0.0)
(-0.06076544523239136 0.03391103073954582 0.0)
(0.576149046421051 0.3047468066215515 0.0)
(-0.024368703365325928 0.057455915957689285 0.0)
(1.0408265590667725 0.025473903864622116 0.0)
(1.0397241115570068 0.02461087889969349 0.0)
(0.9982843995094299 -0.021895596757531166 0.0)
(0.9966932535171509 -0.02225777879357338 0.0)
(0.999768078327179 -0.021985765546560287 0.0)
(1.072995662689209 -0.026564229279756546 0.0)
(0.5504941940307617 0.20953816175460815 0.0)
(0.3714028298854828 -0.028355201706290245 0.0)
(0.3709816634654999 -0.026664523407816887 0.0)
(0.020909786224365234 0.04721134901046753 0.0)
(1.242196798324585 0.3730595111846924 0.0)
(-0.03909146785736084 0.05057942122220993 0.0)
(1.0452282428741455 0.01853713020682335 0.0)
(1.0437357425689697 0.018123896792531013 0.0)
(0.4457733929157257 0.03745832294225693 0.0)
(0.9490007162094116 0.10440827906131744 0.0)
(0.7432305216789246 -0.061049602925777435 0.0)
(0.8639033436775208 -0.08071078360080719 0.0)
(1.0472047328948975 0.018732527270913124 0.0)
(1.0456855297088623 0.01878887042403221 0.0)
(1.022658348083496 0.12617246806621552 0.0)
(1.1428124904632568 -0.37677323818206787 0.0)
(1.121333360671997 -0.37876027822494507 0.0)
(1.0745811462402344 0.014030026271939278 0.0)
(0.7120704054832458 -0.42226722836494446 0.0)
(0.6977702379226685 -0.3987258970737457 0.0)
(1.1822314262390137 0.3977862000465393 0.0)
(0.4109995365142822 -0.19774627685546875 0.0)
(0.9501767158508301 0.43273991346359253 0.0)
(0.8960963487625122 0.42617321014404297 0.0)
(0.7693234086036682 0.4479408860206604 0.0)
(0.7453782558441162 0.07827296108007431 0.0)
(0.899906575679779 -0.4565788805484772 0.0)
(0.8156125545501709 0.427211731672287 0.0)
(0.8412262201309204 0.424331933259964 0.0)
(0.35811761021614075 0.02901138737797737 0.0)
(1.171539545059204 -0.3430260419845581 0.0)
(1.1674115657806396 -0.35856691002845764 0.0)
(1.2397786378860474 0.23750509321689606 0.0)
(1.2376779317855835 0.22928521037101746 0.0)
(-0.08055108785629272 0.016721397638320923 0.0)
(-0.08022093772888184 0.012884095311164856 0.0)
(1.0424163341522217 0.023297101259231567 0.0)
(1.0569626092910767 0.02109268121421337 0.0)
(1.0482828617095947 0.019468242302536964 0.0)
(0.6115751266479492 -0.043065205216407776 0.0)
(0.7450915575027466 -0.057949237525463104 0.0)
(1.0434646606445312 -0.014253245666623116 0.0)
(1.0447454452514648 -0.015264305286109447 0.0)
(1.1340727806091309 0.37852582335472107 0.0)
(1.0052101612091064 -0.016207505017518997 0.0)
(0.5651260614395142 -0.263390451669693 0.0)
(0.24386835098266602 -0.027788711711764336 0.0)
(1.083121657371521 -0.12216024100780487 0.0)
(0.8792990446090698 0.09482238441705704 0.0)
(0.39485251903533936 -0.1594616174697876 0.0)
(0.4148865342140198 -0.1696915477514267 0.0)
(0.3748684227466583 0.09183895587921143 0.0)
(1.248345136642456 0.2536153793334961 0.0)
(0.01609337329864502 -0.05163752660155296 0.0)
(1.0439388751983643 0.023066096007823944 0.0)
(1.0536843538284302 -0.029119445011019707 0.0)
(1.0517427921295166 -0.031682297587394714 0.0)
(1.0577261447906494 -0.029899585992097855 0.0)
(1.1249665021896362 0.3915271461009979 0.0)
(0.3343697488307953 0.027833659201860428 0.0)
(0.5146992206573486 0.198331817984581 0.0)
(0.9862827658653259 -0.09884747117757797 0.0)
(0.8847516775131226 0.0910082682967186 0.0)
(1.0541813373565674 0.020822279155254364 0.0)
(1.0517990589141846 0.019614648073911667 0.0)
(1.049680471420288 0.019127579405903816 0.0)
(0.6105722188949585 -0.04137657955288887 0.0)
(1.002481460571289 -0.021146729588508606 0.0)
(1.0033906698226929 -0.01928231306374073 0.0)
(1.0809406042099 -0.0020713587291538715 0.0)
(1.079486608505249 -0.0004157301736995578 0.0)
(1.1910443305969238 -0.32244670391082764 0.0)
(1.107199788093567 -0.13585229218006134 0.0)
(1.0898113250732422 -0.13603083789348602 0.0)
(1.0508201122283936 0.40603160858154297 0.0)
(1.2277368307113647 -0.2660121023654938 0.0)
(0.43563881516456604 -0.20668351650238037 0.0)
(0.25431400537490845 0.02885974943637848 0.0)
(0.5965047478675842 -0.35950082540512085 0.0)
(1.0239605903625488 -0.03305745869874954 0.0)
(1.0188186168670654 -0.030300021171569824 0.0)
(1.020965337753296 -0.03300910070538521 0.0)
(-0.08637040853500366 -0.021289996802806854 0.0)
(-0.08296436071395874 -0.025662459433078766 0.0)
(0.5936927795410156 -0.04180771857500076 0.0)
(0.41620934009552 -0.018604954704642296 0.0)
(0.3987356424331665 -0.0008561520953662694 0.0)
(1.043725609779358 0.020845208317041397 0.0)
(1.0433465242385864 0.0198341254144907 0.0)
(1.0452938079833984 0.023038329556584358 0.0)
(1.0405747890472412 -0.03701210394501686 0.0)
(0.6373095512390137 -0.37990716099739075 0.0)
(0.6207376718521118 -0.3545956611633301 0.0)
(0.07790404558181763 -0.06879518926143646 0.0)
(1.0093872547149658 -0.019493065774440765 0.0)
(1.0116896629333496 -0.020830677822232246 0.0)
(1.0765719413757324 0.00755586102604866 0.0)
(-0.069172203540802 0.02360232174396515 0.0)
(-0.08050554990768433 0.0007958129863254726 0.0)
(-0.08556026220321655 0.007010047789663076 0.0)
(-0.08199822902679443 -0.00878819078207016 0.0)
(1.08634352684021 -0.0077225202694535255 0.0)
(1.0890674591064453 -0.3947293162345886 0.0)
(0.9721401333808899 -0.02677236869931221 0.0)
(0.04638385772705078 -0.04405767470598221 0.0)
(0.433981716632843 0.04463235288858414 0.0)
(-0.02335798740386963 -0.05659865215420723 0.0)
(1.2250170707702637 -0.2936568260192871 0.0)
(1.2221510410308838 -0.3061230480670929 0.0)
(0.0043447017669677734 0.05118823051452637 0.0)
(0.00205230712890625 0.05189382657408714 0.0)
(0.7915685772895813 -0.032325807958841324 0.0)
(0.44713258743286133 0.03488636016845703 0.0)
(0.3851490318775177 0.03257768973708153 0.0)
(0.9635559320449829 0.026229819282889366 0.0)
(0.9106235504150391 0.03143591433763504 0.0)
(1.041831612586975 0.025478124618530273 0.0)
(1.0374433994293213 -0.026346363127231598 0.0)
(1.0428314208984375 -0.026913166046142578 0.0)
(0.46923714876174927 0.031650085002183914 0.0)
(1.062811017036438 0.018405232578516006 0.0)
(1.062065839767456 0.01921853981912136 0.0)
(1.0848791599273682 -0.013001835905015469 0.0)
(1.08949613571167 -0.011087256483733654 0.0)
(1.2283252477645874 0.20977237820625305 0.0)
(1.2211368083953857 0.20140734314918518 0.0)
(1.193910002708435 0.18084311485290527 0.0)
(1.1687668561935425 0.1714368313550949 0.0)
(0.9829068183898926 -0.44138282537460327 0.0)
(1.005305528640747 -0.01809045672416687 0.0)
(1.004796028137207 -0.019799664616584778 0.0)
(1.0059318542480469 -0.019177164882421494 0.0)
(0.11447519063949585 0.033181268721818924 0.0)
(0.066925048828125 0.03526516258716583 0.0)
(0.21635115146636963 0.0282200425863266 0.0)
(1.225461721420288 0.30933043360710144 0.0)
(1.037023663520813 -0.44649940729141235 0.0)
(0.7619103789329529 0.08209037035703659 0.0)
(1.2065616846084595 -0.3231063187122345 0.0)
(1.2342469692230225 0.27885332703590393 0.0)
(1.239492654800415 0.2725418508052826 0.0)
(1.223224401473999 0.29878073930740356 0.0)
(1.014854907989502 -0.023604536429047585 0.0)
(1.0126233100891113 -0.02265988476574421 0.0)
(1.016027808189392 -0.025795528665184975 0.0)
(1.2126152515411377 -0.177311971783638 0.0)
(1.2404098510742188 -0.1870858520269394 0.0)
(0.44604602456092834 -0.1178411915898323 0.0)
(1.0066375732421875 0.40803971886634827 0.0)
(1.030367136001587 0.39634910225868225 0.0)
(-0.01289057731628418 0.05295426771044731 0.0)
(-0.02018028497695923 0.05451563373208046 0.0)
(1.2439910173416138 -0.20135492086410522 0.0)
(0.7747628688812256 0.027480734512209892 0.0)
(0.756036102771759 -0.4277327060699463 0.0)
(0.7397751212120056 -0.4128914773464203 0.0)
(0.7996352314949036 -0.4341335892677307 0.0)
(0.7757638692855835 -0.4182834327220917 0.0)
(0.6631861329078674 -0.3768220841884613 0.0)
(1.2443926334381104 -0.21473833918571472 0.0)
(1.2448183298110962 -0.21278522908687592 0.0)
(1.2449090480804443 -0.22901521623134613 0.0)
(1.0943483114242554 0.42257025837898254 0.0)
(1.0430912971496582 -0.026696063578128815 0.0)
(1.0410900115966797 -0.025191884487867355 0.0)
(0.4780358076095581 0.09210700541734695 0.0)
(1.2340307235717773 -0.24840059876441956 0.0)
(1.2282012701034546 -0.253875195980072 0.0)
(0.5639611482620239 -0.29480263590812683 0.0)
(1.0446783304214478 -0.018037691712379456 0.0)
(1.0457026958465576 -0.02032589726150036 0.0)
(1.0464210510253906 -0.020025169476866722 0.0)
(0.6153577566146851 0.051159996539354324 0.0)
(-0.010469675064086914 -0.05590549111366272 0.0)
(0.5879858136177063 0.25206565856933594 0.0)
(0.5942652225494385 0.2753734886646271 0.0)
(1.0677834749221802 0.018670732155442238 0.0)
(1.0656020641326904 0.018007079139351845 0.0)
(1.0791115760803223 0.0112851457670331 0.0)
(1.0787594318389893 0.014009708538651466 0.0)
(1.0326611995697021 -0.030863864347338676 0.0)
(1.0291810035705566 -0.03238743171095848 0.0)
(1.0347659587860107 -0.03324389457702637 0.0)
(-0.030301153659820557 0.056748274713754654 0.0)
(-0.03378450870513916 0.05458001047372818 0.0)
(0.7401576638221741 -0.018254218623042107 0.0)
(0.7454763054847717 -0.027519578114151955 0.0)
(0.601184606552124 0.32448703050613403 0.0)
(0.596996545791626 0.3541155159473419 0.0)
(-0.0422549843788147 0.04955391585826874 0.0)
(1.0658135414123535 -0.030786821618676186 0.0)
(1.0692009925842285 -0.029061704874038696 0.0)
(1.0422296524047852 -0.02407044544816017 0.0)
(1.0442924499511719 -0.023824218660593033 0.0)
(1.0438135862350464 -0.038842249661684036 0.0)
(1.0461971759796143 -0.036471761763095856 0.0)
(1.217283844947815 0.3151423931121826 0.0)
(1.0725202560424805 -0.41159895062446594 0.0)
(0.9281612634658813 0.03255632147192955 0.0)
(0.8444122672080994 0.03382900729775429 0.0)
(1.0423874855041504 0.02729731611907482 0.0)
(1.0404963493347168 0.02587740309536457 0.0)
(0.5011418461799622 0.04360899701714516 0.0)
(0.5037954449653625 0.066685751080513 0.0)
(0.9522300958633423 -0.4457455575466156 0.0)
(0.4630797207355499 -0.0915386900305748 0.0)
(0.4474022388458252 -0.0685594379901886 0.0)
(1.2438925504684448 -0.23530910909175873 0.0)
(-0.04752916097640991 0.04801046475768089 0.0)
(1.0257140398025513 -0.035790007561445236 0.0)
(1.02877938747406 -0.035055067390203476 0.0)
(-0.04928731918334961 0.04506269469857216 0.0)
(1.1215219497680664 0.14244316518306732 0.0)
(1.0813559293746948 0.12803597748279572 0.0)
(1.1898210048675537 0.3522488474845886 0.0)
(0.9862456321716309 -0.01882963441312313 0.0)
(0.9830785393714905 -0.013598475605249405 0.0)
(0.9830249547958374 -0.01748969778418541 0.0)
(0.9805871248245239 -0.008288955315947533 0.0)
(0.9809266328811646 -0.011501133441925049 0.0)
(0.9804054498672485 -0.002317749196663499 0.0)
(0.9784964919090271 -0.005828984547406435 0.0)
(0.981188178062439 0.003088930156081915 0.0)
(0.9789108037948608 -1.5334051568061113e-05 0.0)
(0.982963502407074 0.008731809444725513 0.0)
(0.9802549481391907 0.006272472441196442 0.0)
(0.9840142130851746 0.013218053616583347 0.0)
(0.9829361438751221 0.011621974408626556 0.0)
(0.9865025281906128 0.017387842759490013 0.0)
(0.9843345880508423 0.015715129673480988 0.0)
(0.9895113706588745 0.01970532536506653 0.0)
(0.9875662326812744 0.01945541799068451 0.0)
(0.9931061267852783 0.021064694970846176 0.0)
(0.991092324256897 0.02128320373594761 0.0)
(0.9971002340316772 0.022188056260347366 0.0)
(0.9951684474945068 0.02323697693645954 0.0)
(0.99921715259552 0.022403379902243614 0.0)
(0.9982438683509827 0.02402351424098015 0.0)
(1.0010737180709839 0.021933620795607567 0.0)
(0.9999604225158691 0.023908590897917747 0.0)
(1.003665566444397 0.021160557866096497 0.0)
(1.002377986907959 0.02272777631878853 0.0)
(1.0048882961273193 0.0196911059319973 0.0)
(1.0043565034866333 0.021275142207741737 0.0)
(1.005892276763916 0.017519712448120117 0.0)
(1.0069427490234375 0.017785558477044106 0.0)
(1.0053988695144653 0.019663479179143906 0.0)
(0.5815823078155518 -0.33906835317611694 0.0)
(1.0756257772445679 0.01692979224026203 0.0)
(1.071717381477356 0.01704959198832512 0.0)
(1.2420482635498047 0.25486448407173157 0.0)
(1.2360507249832153 0.2620406448841095 0.0)
(1.2388956546783447 0.24612626433372498 0.0)
(0.9571393132209778 0.40504592657089233 0.0)
(0.9835099577903748 0.3950835168361664 0.0)
(0.8972966074943542 -0.41955801844596863 0.0)
(0.8744121789932251 -0.07711658626794815 0.0)
(0.9994433522224426 -0.0984356552362442 0.0)
(0.9916367530822754 -0.41702815890312195 0.0)
(1.0870999097824097 -0.0042567262426018715 0.0)
(1.0842649936676025 -0.0019645499996840954 0.0)
(1.048256754875183 0.021356334909796715 0.0)
(-0.04378056526184082 0.04537840560078621 0.0)
(1.213724136352539 -0.2738121747970581 0.0)
(1.211934208869934 -0.28527185320854187 0.0)
(1.1618986129760742 0.37336981296539307 0.0)
(1.1294090747833252 0.359597772359848 0.0)
(0.36566513776779175 -0.030266471207141876 0.0)
(1.15855872631073 -0.13435669243335724 0.0)
(0.26100486516952515 0.029727846384048462 0.0)
(1.0226322412490845 0.030265312641859055 0.0)
(1.027808666229248 0.032224349677562714 0.0)
(1.0248653888702393 0.03262410685420036 0.0)
(1.032814860343933 0.03380661830306053 0.0)
(1.0303605794906616 0.034519296139478683 0.0)
(1.0395581722259521 0.03544430062174797 0.0)
(1.0361850261688232 0.036465324461460114 0.0)
(1.0467206239700317 0.03733689710497856 0.0)
(1.0428149700164795 0.03750571981072426 0.0)
(1.0544265508651733 0.03733661025762558 0.0)
(1.0497195720672607 0.03728733956813812 0.0)
(1.0611916780471802 0.03500088304281235 0.0)
(1.0579183101654053 0.03724205493927002 0.0)
(1.062289834022522 0.028808534145355225 0.0)
(1.0639407634735107 0.0334523469209671 0.0)
(1.0698308944702148 0.027197185903787613 0.0)
(1.0658953189849854 0.028066454455256462 0.0)
(1.0737963914871216 0.021835625171661377 0.0)
(1.0725550651550293 0.024957435205578804 0.0)
(1.075913429260254 0.01739199087023735 0.0)
(1.0754483938217163 0.019795751199126244 0.0)
(1.0763403177261353 0.011768299154937267 0.0)
(1.0774998664855957 0.014756126329302788 0.0)
(1.0783019065856934 0.007133228238672018 0.0)
(1.0789474248886108 0.009556638076901436 0.0)
(1.0779989957809448 0.002294977894052863 0.0)
(1.0804827213287354 0.0045364308170974255 0.0)
(1.0783545970916748 -0.0021237318869680166 0.0)
(1.0783452987670898 -0.0011085397563874722 0.0)
(1.0762639045715332 -0.0061409431509673595 0.0)
(1.0769298076629639 -0.00439921161159873 0.0)
(1.0742732286453247 -0.009778843261301517 0.0)
(1.0753966569900513 -0.008186985738575459 0.0)
(1.0749989748001099 -0.011991527862846851 0.0)
(1.0757472515106201 -0.011511540040373802 0.0)
(1.072142481803894 -0.014103062450885773 0.0)
(1.0748189687728882 -0.014021115377545357 0.0)
(1.0666427612304688 -0.015016088262200356 0.0)
(1.0713708400726318 -0.016216423362493515 0.0)
(1.0614899396896362 -0.0161388348788023 0.0)
(1.065842628479004 -0.017429625615477562 0.0)
(1.0589250326156616 -0.0173052791506052 0.0)
(1.0615496635437012 -0.018449051305651665 0.0)
(1.056262493133545 -0.01796678639948368 0.0)
(1.0584558248519897 -0.019113389775156975 0.0)
(1.0556570291519165 -0.018897157162427902 0.0)
(1.0559443235397339 -0.019343435764312744 0.0)
(1.0533888339996338 -0.018439022824168205 0.0)
(1.0522912740707397 -0.018787693232297897 0.0)
(1.051342248916626 -0.01854431815445423 0.0)
(1.0517343282699585 -0.018949223682284355 0.0)
(1.0491657257080078 -0.017369583249092102 0.0)
(1.0497715473175049 -0.018537726253271103 0.0)
(1.1766204833984375 -0.3104935884475708 0.0)
(1.0705546140670776 0.39202940464019775 0.0)
(1.0904209613800049 0.4000684916973114 0.0)
(1.1059213876724243 0.38432711362838745 0.0)
(0.5871696472167969 -0.30888763070106506 0.0)
(0.46012207865715027 -0.18555974960327148 0.0)
(0.8482003211975098 -0.4294387698173523 0.0)
(0.8727648854255676 -0.4062677025794983 0.0)
(0.822512149810791 -0.41821032762527466 0.0)
(-0.022040247917175293 0.05689120292663574 0.0)
(0.4863806664943695 0.14895017445087433 0.0)
(0.5012315511703491 0.11631731688976288 0.0)
(0.5173333287239075 0.16715306043624878 0.0)
(1.0348962545394897 0.02493961900472641 0.0)
(1.2148768901824951 0.2886759340763092 0.0)
(1.0392367839813232 0.02582508698105812 0.0)
(-0.04143708944320679 0.04871543124318123 0.0)
(1.171127200126648 0.34257426857948303 0.0)
(1.1791085004806519 0.3738792836666107 0.0)
(0.7127318382263184 -0.05486613139510155 0.0)
(0.7317525744438171 -0.05372149869799614 0.0)
(0.7026342153549194 0.45781075954437256 0.0)
(0.6357915997505188 -0.32536372542381287 0.0)
(1.2375972270965576 -0.21799439191818237 0.0)
(0.5544347763061523 -0.038260579109191895 0.0)
(1.0075571537017822 -0.01957732066512108 0.0)
(1.0090688467025757 -0.020384708419442177 0.0)
(0.7571008205413818 0.42362263798713684 0.0)
(0.893918514251709 0.39912304282188416 0.0)
(-0.027746737003326416 0.055503156036138535 0.0)
(-0.022490620613098145 0.0555284284055233 0.0)
(-0.03664475679397583 0.05032765865325928 0.0)
(1.2057265043258667 0.3051855266094208 0.0)
(1.2058875560760498 0.289703369140625 0.0)
(1.0813454389572144 -0.37559589743614197 0.0)
(1.0431451797485352 -0.014427282847464085 0.0)
(1.0427560806274414 0.023983903229236603 0.0)
(1.044187307357788 0.024312108755111694 0.0)
(1.0424718856811523 0.025742249563336372 0.0)
(0.966001033782959 -0.02987086772918701 0.0)
(0.9268050193786621 -0.030797002837061882 0.0)
(1.024524450302124 -0.028640294447541237 0.0)
(0.4580956697463989 0.03839848190546036 0.0)
(0.39301982522010803 0.03458152338862419 0.0)
(0.44570842385292053 -0.03137163817882538 0.0)
(-0.03554433584213257 -0.054466135799884796 0.0)
(0.4032311737537384 0.030292028561234474 0.0)
(1.1608014106750488 0.3496985137462616 0.0)
(0.8437296748161316 -0.03636494651436806 0.0)
(0.9143382906913757 -0.03496960178017616 0.0)
(-0.006937861442565918 -0.05510414019227028 0.0)
(0.6779069900512695 -0.048756420612335205 0.0)
(0.7026505470275879 0.42634719610214233 0.0)
(0.7251816987991333 0.41820135712623596 0.0)
(1.044054388999939 -0.014931303448975086 0.0)
(1.041854977607727 -0.014484132640063763 0.0)
(-0.07268202304840088 -0.03803174942731857 0.0)
(1.2386753559112549 -0.228714719414711 0.0)
(0.024580001831054688 -0.051726724952459335 0.0)
(0.9433300495147705 -0.40804556012153625 0.0)
(1.0355805158615112 -0.4208700656890869 0.0)
(1.051584005355835 -0.4025951325893402 0.0)
(1.014467477798462 -0.4102421998977661 0.0)
(0.7177174687385559 0.02356897108256817 0.0)
(0.7020840644836426 0.013337988406419754 0.0)
(0.5901305079460144 -0.24102962017059326 0.0)
(0.018851637840270996 0.04934151470661163 0.0)
(0.012029945850372314 0.049426402896642685 0.0)
(1.0521259307861328 0.020730018615722656 0.0)
(0.9774343371391296 0.10107780992984772 0.0)
(0.6825063824653625 -0.3489660918712616 0.0)
(0.6647442579269409 -0.3249863386154175 0.0)
(1.076767921447754 -0.026874268427491188 0.0)
(1.0775424242019653 -0.02308240532875061 0.0)
(-0.0757911205291748 0.025486495345830917 0.0)
(1.0192339420318604 0.027672627940773964 0.0)
(1.1541714668273926 -0.15727363526821136 0.0)
(1.154111623764038 -0.15329609811306 0.0)
(1.206604242324829 -0.17066384851932526 0.0)
(0.71345055103302 0.06252335757017136 0.0)
(0.8989784717559814 0.08855561167001724 0.0)
(0.6283155679702759 0.05345204845070839 0.0)
(0.4958032965660095 -0.21655158698558807 0.0)
(0.5276769399642944 -0.22161832451820374 0.0)
(0.4896465241909027 -0.18706154823303223 0.0)
(0.6168333292007446 -0.30070871114730835 0.0)
(1.078260898590088 0.003896530484780669 0.0)
(1.080810785293579 0.007193044293671846 0.0)
(-0.059810638427734375 0.03671082854270935 0.0)
(-0.05444526672363281 0.04211638867855072 0.0)
(-0.07226675748825073 0.030496975407004356 0.0)
(1.2435169219970703 -0.19889242947101593 0.0)
(1.2094917297363281 -0.31063151359558105 0.0)
(0.581878662109375 0.18782272934913635 0.0)
(1.0465750694274902 -0.022857816889882088 0.0)
(1.0458506345748901 -0.023399880155920982 0.0)
(1.0469677448272705 -0.021879667416214943 0.0)
(1.043457269668579 -0.015960264950990677 0.0)
(1.019432783126831 0.028287647292017937 0.0)
(0.9897737503051758 0.030781125649809837 0.0)
(1.0440101623535156 -0.01605711318552494 0.0)
(1.235527515411377 -0.20229022204875946 0.0)
(0.5330018401145935 -0.03643548861145973 0.0)
(0.5287979245185852 -0.04161379858851433 0.0)
(0.6755174398422241 -0.04985110089182854 0.0)
(0.7204791307449341 -0.36966338753700256 0.0)
(0.7110280990600586 -0.3470897972583771 0.0)
(1.1890720129013062 0.3234536945819855 0.0)
(1.172762393951416 0.3277505040168762 0.0)
(1.1917665004730225 0.3110746443271637 0.0)
(0.6313793659210205 -0.27371567487716675 0.0)
(1.141772985458374 0.34597787261009216 0.0)
(1.0455577373504639 0.02053239569067955 0.0)
(1.0477893352508545 0.021714909002184868 0.0)
(1.0445778369903564 0.020838970318436623 0.0)
(1.148953914642334 -0.36088940501213074 0.0)
(0.9121252298355103 0.38866615295410156 0.0)
(0.9376040697097778 0.3867543935775757 0.0)
(1.092379093170166 -0.11687580496072769 0.0)
(0.5523933172225952 0.14729493856430054 0.0)
(0.5815860629081726 0.157734215259552 0.0)
(0.8660239577293396 -0.0752963051199913 0.0)
(0.8464908599853516 0.388308048248291 0.0)
(0.8651820421218872 0.3844093978404999 0.0)
(0.9802840352058411 -0.3932170271873474 0.0)
(0.9595994353294373 -0.3877834677696228 0.0)
(1.2316837310791016 0.22659672796726227 0.0)
(1.0912549495697021 -0.004983733873814344 0.0)
(0.4938269853591919 -0.08941246569156647 0.0)
(1.0820722579956055 0.002174457535147667 0.0)
(1.1147011518478394 0.3513978123664856 0.0)
(0.05761611461639404 0.03961940109729767 0.0)
(0.03584820032119751 0.043092530220746994 0.0)
(0.3282914161682129 -0.03252020850777626 0.0)
(1.0093358755111694 0.018973752856254578 0.0)
(1.0078121423721313 0.01829286850988865 0.0)
(1.1681113243103027 -0.13494154810905457 0.0)
(1.2171099185943604 0.2782629132270813 0.0)
(1.060924768447876 -0.034118328243494034 0.0)
(1.0646768808364868 -0.03385799005627632 0.0)
(1.0467939376831055 -0.017543939873576164 0.0)
(1.0584986209869385 0.021556628867983818 0.0)
(1.053228497505188 -0.035597994923591614 0.0)
(1.0499088764190674 -0.03816266730427742 0.0)
(1.0585765838623047 -0.03669407591223717 0.0)
(1.0201232433319092 -0.03578878939151764 0.0)
(1.1609641313552856 -0.3120438754558563 0.0)
(1.1585969924926758 -0.3281841278076172 0.0)
(1.1009656190872192 0.365215927362442 0.0)
(1.0643366575241089 0.36999282240867615 0.0)
(1.0812586545944214 0.3571816682815552 0.0)
(1.0444079637527466 -0.02590350992977619 0.0)
(0.9928693771362305 -0.023547839373350143 0.0)
(1.0119974613189697 0.02108164317905903 0.0)
(1.0102475881576538 0.020568620413541794 0.0)
(1.0436432361602783 0.027144167572259903 0.0)
(1.0379058122634888 -0.03898913413286209 0.0)
(-0.09260207414627075 -0.015299429185688496 0.0)
(1.04433012008667 -0.01651657186448574 0.0)
(1.0024380683898926 -0.02342400886118412 0.0)
(1.0385706424713135 0.027071405202150345 0.0)
(1.039894700050354 0.02759387530386448 0.0)
(1.0377159118652344 0.028378844261169434 0.0)
(-0.08782601356506348 -0.027152594178915024 0.0)
(-0.08106160163879395 -0.03385182470083237 0.0)
(0.44518741965293884 -0.01792045868933201 0.0)
(0.45981281995773315 -0.04597517475485802 0.0)
(0.47126320004463196 0.001756251323968172 0.0)
(1.0813536643981934 -0.03004678711295128 0.0)
(1.0447577238082886 -0.042904242873191833 0.0)
(1.2350716590881348 -0.21154271066188812 0.0)
(1.0560967922210693 0.02341999113559723 0.0)
(1.0067850351333618 -0.021290723234415054 0.0)
(1.0076401233673096 -0.021679658442735672 0.0)
(1.045440435409546 -0.016405204311013222 0.0)
(0.025783419609069824 0.04697070270776749 0.0)
(1.2349196672439575 0.21757274866104126 0.0)
(0.5116790533065796 -0.11453711241483688 0.0)
(1.059575080871582 0.024460790678858757 0.0)
(1.0587557554244995 0.025065815076231956 0.0)
(1.0631444454193115 0.021884705871343613 0.0)
(1.0432049036026 0.028887970373034477 0.0)
(1.0422898530960083 0.028194494545459747 0.0)
(1.0345163345336914 -0.03616240993142128 0.0)
(-0.0887216329574585 -0.009726034477353096 0.0)
(0.7736164927482605 0.3987866938114166 0.0)
(0.7961426377296448 0.39651015400886536 0.0)
(1.2389802932739258 -0.18507330119609833 0.0)
(1.2451796531677246 -0.19167332351207733 0.0)
(1.0424033403396606 -0.029285501688718796 0.0)
(1.0416179895401 -0.027347590774297714 0.0)
(0.9148581027984619 -0.39973321557044983 0.0)
(1.0622962713241577 -0.3725190758705139 0.0)
(1.047437071800232 -0.3839816451072693 0.0)
(0.8548656105995178 0.035367004573345184 0.0)
(0.6676083207130432 0.4680827558040619 0.0)
(-0.06216913461685181 -0.042549069970846176 0.0)
(-0.05341464281082153 -0.047624822705984116 0.0)
(1.0453617572784424 0.02528688684105873 0.0)
(1.044030785560608 0.02661527693271637 0.0)
(-0.0021141767501831055 0.050560735166072845 0.0)
(0.5318937301635742 0.10516411066055298 0.0)
(0.5355610847473145 0.07427418231964111 0.0)
(0.5572308301925659 0.1177123561501503 0.0)
(0.20639687776565552 -0.029740601778030396 0.0)
(0.013480067253112793 -0.0526026152074337 0.0)
(1.0644309520721436 0.018911728635430336 0.0)
(0.6914718151092529 -0.0038772723637521267 0.0)
(0.7049401998519897 -0.009809724055230618 0.0)
(0.6464288830757141 0.44654300808906555 0.0)
(1.2332031726837158 -0.2360815405845642 0.0)
(1.0932915210723877 -0.012474849820137024 0.0)
(1.0938029289245605 -0.007300044409930706 0.0)
(1.0818464756011963 -0.018884895369410515 0.0)
(1.083324670791626 -0.022091371938586235 0.0)
(1.0884490013122559 -0.016892310231924057 0.0)
(1.224081039428711 0.20080143213272095 0.0)
(1.2190239429473877 0.19130408763885498 0.0)
(1.2003192901611328 0.1722363531589508 0.0)
(1.1810311079025269 0.1647474616765976 0.0)
(0.05581986904144287 -0.04528044909238815 0.0)
(0.6191439628601074 -0.24783018231391907 0.0)
(1.068513035774231 0.020723562687635422 0.0)
(0.5818243026733398 -0.2029799520969391 0.0)
(0.8597592711448669 -0.03589129075407982 0.0)
(1.0156248807907104 -0.027630578726530075 0.0)
(1.0172114372253418 -0.030622921884059906 0.0)
(1.0270037651062012 0.37281182408332825 0.0)
(0.4964449405670166 -0.13714599609375 0.0)
(1.0523943901062012 0.022378409281373024 0.0)
(1.05434250831604 0.023527083918452263 0.0)
(1.0508784055709839 0.022542443126440048 0.0)
(1.2145617008209229 -0.2467133104801178 0.0)
(1.018979549407959 0.02709273435175419 0.0)
(0.7922941446304321 -0.3838941752910614 0.0)
(1.1526296138763428 0.13738417625427246 0.0)
(1.1051833629608154 0.12584887444972992 0.0)
(1.043277621269226 -0.0272976104170084 0.0)
(1.0441639423370361 -0.02718527801334858 0.0)
(0.9983590841293335 -0.0250678900629282 0.0)
(0.9904073476791382 -0.02162455953657627 0.0)
(1.0472841262817383 -0.0201482605189085 0.0)
(1.0476891994476318 -0.01913091167807579 0.0)
(1.07847261428833 0.019280914217233658 0.0)
(-0.03964287042617798 -0.050469331443309784 0.0)
(1.083611011505127 0.007822603918612003 0.0)
(1.0810368061065674 0.010914060287177563 0.0)
(1.0150277614593506 0.024274321272969246 0.0)
(1.0169508457183838 0.027220414951443672 0.0)
(1.0125715732574463 0.023877056315541267 0.0)
(0.6354660391807556 0.27503836154937744 0.0)
(1.0456300973892212 0.3609674870967865 0.0)
(1.0811476707458496 0.015852319076657295 0.0)
(1.07805335521698 0.018413841724395752 0.0)
(1.0206801891326904 0.03027423843741417 0.0)
(0.7624513506889343 -0.02712690271437168 0.0)
(0.7925906181335449 -0.03814619779586792 0.0)
(1.113986849784851 -0.3622683882713318 0.0)
(1.093178391456604 -0.3597818613052368 0.0)
(0.6230595111846924 0.37122297286987305 0.0)
(0.6201035380363464 0.400665819644928 0.0)
(0.4614631235599518 -0.1395629644393921 0.0)
(0.9955140352249146 -0.024317363277077675 0.0)
(0.9934222102165222 -0.025004848837852478 0.0)
(0.9964739084243774 -0.025606544688344002 0.0)
(1.2029242515563965 -0.2944532334804535 0.0)
(0.6087153553962708 0.19648677110671997 0.0)
(0.6144126057624817 0.22247691452503204 0.0)
(0.535175085067749 0.020679214969277382 0.0)
(1.073720932006836 -0.03307404741644859 0.0)
(1.0781276226043701 -0.032474830746650696 0.0)
(0.08222776651382446 -0.04126306250691414 0.0)
(1.0005749464035034 -0.024880962446331978 0.0)
(0.9996716976165771 -0.025901293382048607 0.0)
(1.0019551515579224 -0.025106213986873627 0.0)
(1.0372729301452637 -0.042100805789232254 0.0)
(1.0411914587020874 -0.04491110146045685 0.0)
(1.0223783254623413 -0.038798682391643524 0.0)
(1.0248503684997559 -0.038409523665905 0.0)
(0.6479501128196716 0.4194861054420471 0.0)
(1.192817211151123 -0.2882978022098541 0.0)
(1.1783015727996826 -0.2957850694656372 0.0)
(0.990882158279419 -0.023596826940774918 0.0)
(0.7541594505310059 0.03318262845277786 0.0)
(0.7091655135154724 0.02646583877503872 0.0)
(0.5502213835716248 -0.19487011432647705 0.0)
(0.9871751070022583 -0.0202807504683733 0.0)
(-0.03420746326446533 -0.0498737208545208 0.0)
(-0.022075176239013672 -0.05302772298455238 0.0)
(0.6756947040557861 0.4065496027469635 0.0)
(0.07312256097793579 -0.044356632977724075 0.0)
(1.2027345895767212 -0.14925186336040497 0.0)
(1.1366597414016724 0.3276207149028778 0.0)
(1.2053794860839844 -0.14608275890350342 0.0)
(0.9766426086425781 -0.013311773538589478 0.0)
(0.9744923114776611 -0.0067416345700621605 0.0)
(0.9735133647918701 -0.010944369249045849 0.0)
(0.9755662083625793 5.218523438088596e-05 0.0)
(0.9734742641448975 -0.003641068469733 0.0)
(0.977002739906311 0.007677974179387093 0.0)
(0.973871111869812 0.004259240347892046 0.0)
(0.9794930815696716 0.013741041533648968 0.0)
(0.9765975475311279 0.011113116517663002 0.0)
(0.9816992282867432 0.01932426542043686 0.0)
(0.9789325594902039 0.016952602192759514 0.0)
(0.9856647253036499 0.022598210722208023 0.0)
(0.9832655191421509 0.022086935117840767 0.0)
(0.9890232682228088 0.024592380970716476 0.0)
(0.9869483709335327 0.02464418113231659 0.0)
(0.9942049980163574 0.026277830824255943 0.0)
(0.992218017578125 0.027049941942095757 0.0)
(0.9979299902915955 0.026862625032663345 0.0)
(0.9962459802627563 0.02812930941581726 0.0)
(1.0005031824111938 0.026662759482860565 0.0)
(0.9994361400604248 0.02783106081187725 0.0)
(1.0029361248016357 0.025247709825634956 0.0)
(1.002543568611145 0.026930861175060272 0.0)
(1.0053222179412842 0.02335173636674881 0.0)
(1.0047537088394165 0.02592877857387066 0.0)
(1.0736455917358398 0.018881918862462044 0.0)
(1.0702955722808838 0.019023915752768517 0.0)
(0.9825601577758789 0.03150482848286629 0.0)
(0.9351099133491516 0.03613698109984398 0.0)
(0.5091521739959717 -0.06535614281892776 0.0)
(0.49210086464881897 -0.04480266571044922 0.0)
(0.663390576839447 -0.2739734947681427 0.0)
(1.2088860273361206 0.26924657821655273 0.0)
(0.17035013437271118 -0.03216253221035004 0.0)
(1.0924025774002075 -0.00013004666834603995 0.0)
(0.5430407524108887 -0.1111086830496788 0.0)
(1.0840001106262207 0.00267615239135921 0.0)
(1.0848157405853271 0.000853271980304271 0.0)
(1.0861767530441284 0.0060850875452160835 0.0)
(1.1099121570587158 0.33266377449035645 0.0)
(0.07416033744812012 0.03674281761050224 0.0)
(0.5531004667282104 -0.037958353757858276 0.0)
(0.010821759700775146 0.05196201428771019 0.0)
(1.0200690031051636 0.03265859931707382 0.0)
(1.011836290359497 -0.03040911816060543 0.0)
(0.9699397087097168 -0.0327359177172184 0.0)
(1.0361101627349854 -0.030139943584799767 0.0)
(0.8423265814781189 -0.07170169055461884 0.0)
(0.8553330898284912 -0.07561029493808746 0.0)
(0.9889796376228333 -0.02600446157157421 0.0)
(1.0298242568969727 0.03768033906817436 0.0)
(1.0367952585220337 0.04032747447490692 0.0)
(1.0324370861053467 0.040710896253585815 0.0)
(1.0433917045593262 0.0410856232047081 0.0)
(1.03993821144104 0.042075395584106445 0.0)
(1.0506035089492798 0.04112149402499199 0.0)
(1.0473084449768066 0.042844515293836594 0.0)
(1.0590016841888428 0.04022514820098877 0.0)
(1.0548348426818848 0.04179034009575844 0.0)
(1.064131736755371 0.036379531025886536 0.0)
(1.062388300895691 0.04004554823040962 0.0)
(1.0687792301177979 0.031208304688334465 0.0)
(1.0702214241027832 0.0364546924829483 0.0)
(1.0742614269256592 0.026786450296640396 0.0)
(1.0739184617996216 0.03060363419353962 0.0)
(1.0798509120941162 0.022294435650110245 0.0)
(1.0785775184631348 0.0248431209474802 0.0)
(1.0830817222595215 0.016861291602253914 0.0)
(1.0834605693817139 0.020098723471164703 0.0)
(1.082513689994812 0.010014618746936321 0.0)
(1.0838803052902222 0.013270550407469273 0.0)
(1.084151268005371 0.003929799888283014 0.0)
(1.0835986137390137 0.006332757882773876 0.0)
(1.0826358795166016 -0.0007655909867025912 0.0)
(1.0842490196228027 0.0012886791955679655 0.0)
(1.0783900022506714 -0.004512456711381674 0.0)
(1.0818146467208862 -0.003676517168059945 0.0)
(1.0773690938949585 -0.00955814030021429 0.0)
(1.0802435874938965 -0.008531571365892887 0.0)
(1.0763157606124878 -0.013123066164553165 0.0)
(1.0784679651260376 -0.012419939041137695 0.0)
(1.0765758752822876 -0.01584406942129135 0.0)
(1.0759811401367188 -0.014884823933243752 0.0)
(1.0727499723434448 -0.01816430315375328 0.0)
(1.075653314590454 -0.018763870000839233 0.0)
(1.0676695108413696 -0.019428404048085213 0.0)
(1.0722185373306274 -0.02054145187139511 0.0)
(1.0644161701202393 -0.020564261823892593 0.0)
(1.0689436197280884 -0.02198955789208412 0.0)
(1.0608844757080078 -0.021190449595451355 0.0)
(1.064414381980896 -0.022944103926420212 0.0)
(1.057470679283142 -0.021276796236634254 0.0)
(1.0595089197158813 -0.022400446236133575 0.0)
(1.0539740324020386 -0.02071058563888073 0.0)
(1.0552303791046143 -0.021698374301195145 0.0)
(1.0519990921020508 -0.020514056086540222 0.0)
(1.0532047748565674 -0.02216763235628605 0.0)
(1.0502732992172241 -0.019915107637643814 0.0)
(1.048876166343689 -0.019896643236279488 0.0)
(1.0512691736221313 -0.021411046385765076 0.0)
(1.0770899057388306 0.3383690118789673 0.0)
(1.0464551448822021 -0.025548918172717094 0.0)
(1.0467309951782227 -0.024434635415673256 0.0)
(0.6533862352371216 0.3574807643890381 0.0)
(0.6793608069419861 0.37648317217826843 0.0)
(0.5003578662872314 -0.015235605649650097 0.0)
(-0.10231870412826538 -0.018268641084432602 0.0)
(0.4502097964286804 0.03807298094034195 0.0)
(1.0496727228164673 -0.04448460787534714 0.0)
(1.0516347885131836 -0.04252021014690399 0.0)
(1.2256076335906982 -0.2143295705318451 0.0)
(1.0457111597061157 0.02340121567249298 0.0)
(1.2034989595413208 -0.25282183289527893 0.0)
(1.2019479274749756 -0.2651161253452301 0.0)
(0.13837069272994995 0.031105702742934227 0.0)
(0.22295421361923218 0.029884200543165207 0.0)
(0.12221390008926392 0.03367559239268303 0.0)
(1.0449965000152588 0.027780020609498024 0.0)
(-0.0008182525634765625 0.050906259566545486 0.0)
(0.5308569669723511 -0.007994604296982288 0.0)
(-0.09206712245941162 0.0034976291935890913 0.0)
(-0.09570801258087158 -0.007011811248958111 0.0)
(0.7293480634689331 0.38193055987358093 0.0)
(0.7678126096725464 -0.36793792247772217 0.0)
(0.7388538718223572 -0.3798397183418274 0.0)
(0.9844913482666016 -0.02356354519724846 0.0)
(0.9867607355117798 -0.026335882022976875 0.0)
(0.9802632331848145 -0.0198704581707716 0.0)
(0.977262556552887 -0.017752593383193016 0.0)
(0.9813635945320129 -0.02259046398103237 0.0)
(1.1380043029785156 -0.34535107016563416 0.0)
(1.1426148414611816 -0.3300381600856781 0.0)
(1.1214673519134521 -0.3460749089717865 0.0)
(1.2271066904067993 -0.19674628973007202 0.0)
(-0.034860432147979736 -0.03221186250448227 0.0)
(-0.059689879417419434 -0.04509264975786209 0.0)
(-0.046428143978118896 -0.0476020984351635 0.0)
(0.9338829517364502 -0.03722911328077316 0.0)
(0.982293426990509 -0.03518727049231529 0.0)
(0.6699996590614319 0.00646137585863471 0.0)
(1.0887221097946167 -0.02897915244102478 0.0)
(1.089174747467041 -0.02496596798300743 0.0)
(1.005323886871338 -0.022794824093580246 0.0)
(1.0043835639953613 -0.023805873468518257 0.0)
(1.0063377618789673 -0.022843237966299057 0.0)
(0.6408647298812866 -0.22053484618663788 0.0)
(1.2276558876037598 0.2343873232603073 0.0)
(1.0664620399475098 0.021257717162370682 0.0)
(1.0636096000671387 0.020899979397654533 0.0)
(1.2137508392333984 -0.23689118027687073 0.0)
(0.5369875431060791 -0.06189294159412384 0.0)
(0.5546123385429382 -0.0844821035861969 0.0)
(0.5513229370117188 -0.032102957367897034 0.0)
(1.0121394395828247 -0.02425193227827549 0.0)
(1.0103856325149536 -0.02296966314315796 0.0)
(1.0132993459701538 -0.026775019243359566 0.0)
(0.9878417253494263 0.36996912956237793 0.0)
(1.0087947845458984 0.3611927330493927 0.0)
(0.013845264911651611 -0.0520646870136261 0.0)
(0.041357457637786865 -0.0485866516828537 0.0)
(0.6068052053451538 -0.17991557717323303 0.0)
(1.2279086112976074 0.21341559290885925 0.0)
(1.1917260885238647 0.2853257954120636 0.0)
(0.678997814655304 -0.2977617084980011 0.0)
(1.0318007469177246 -0.037338174879550934 0.0)
(1.0311640501022339 -0.04114636033773422 0.0)
(1.0272948741912842 -0.04111852869391441 0.0)
(1.0345267057418823 -0.04383125528693199 0.0)
(0.8152416944503784 -0.38712939620018005 0.0)
(-0.0849158763885498 0.020349303260445595 0.0)
(-0.08516454696655273 0.014335772953927517 0.0)
(1.0452574491500854 0.024711936712265015 0.0)
(1.0766985416412354 0.021294133737683296 0.0)
(1.0757670402526855 0.02207080088555813 0.0)
(1.0630050897598267 0.022152967751026154 0.0)
(1.0692020654678345 0.020270124077796936 0.0)
(1.046278476715088 0.025362994521856308 0.0)
(1.0455570220947266 0.027565976604819298 0.0)
(0.2105761170387268 -0.02795959822833538 0.0)
(1.0459794998168945 0.022925810888409615 0.0)
(1.0238903760910034 0.035691335797309875 0.0)
(1.0267140865325928 0.038200993090867996 0.0)
(1.0222549438476562 0.036085810512304306 0.0)
(1.043569803237915 0.34062108397483826 0.0)
(1.0616868734359741 0.32910963892936707 0.0)
(0.5613937377929688 0.027656830847263336 0.0)
(0.9456154704093933 -0.08999866992235184 0.0)
(0.9108281135559082 -0.3695026934146881 0.0)
(0.3695484697818756 -0.028510544449090958 0.0)
(0.5242626667022705 -0.03402521833777428 0.0)
(0.7425633072853088 -0.058088723570108414 0.0)
(1.2187992334365845 -0.15848633646965027 0.0)
(1.1218950748443604 0.32180067896842957 0.0)
(1.0609873533248901 0.027979440987110138 0.0)
(1.1905781030654907 0.3682350218296051 0.0)
(1.2161686420440674 -0.1462555229663849 0.0)
(1.062954068183899 0.024529870599508286 0.0)
(1.0623929500579834 0.025787539780139923 0.0)
(1.0066916942596436 0.02108624204993248 0.0)
(1.0087566375732422 0.021400168538093567 0.0)
(1.006645679473877 0.023426011204719543 0.0)
(0.9587671160697937 0.040095407515764236 0.0)
(-0.10548758506774902 -0.012284931726753712 0.0)
(0.6792559623718262 -0.2491060048341751 0.0)
(0.6682624816894531 -0.2262602299451828 0.0)
(0.9495766162872314 0.36036065220832825 0.0)
(0.9694344997406006 0.35463669896125793 0.0)
(1.22895348072052 0.24437670409679413 0.0)
(1.1652250289916992 -0.28213000297546387 0.0)
(1.04628586769104 0.02293894626200199 0.0)
(1.0475009679794312 0.02324109524488449 0.0)
(1.0465131998062134 0.024667605757713318 0.0)
(1.089932918548584 0.0020444446709007025 0.0)
(0.5588253140449524 -0.13698993623256683 0.0)
(0.4463631510734558 -0.15950196981430054 0.0)
(0.8777631521224976 0.35754600167274475 0.0)
(0.9020968675613403 0.35969990491867065 0.0)
(0.9511908292770386 -0.3588578402996063 0.0)
(1.2238810062408447 -0.1569155603647232 0.0)
(0.8697278499603271 0.040117789059877396 0.0)
(0.7783992290496826 0.03861767053604126 0.0)
(1.0589697360992432 0.02882503904402256 0.0)
(1.0550810098648071 0.026509897783398628 0.0)
(-0.1009020209312439 -0.006437815260142088 0.0)
(1.1530855894088745 -0.2878095507621765 0.0)
(1.1497159004211426 -0.3002757132053375 0.0)
(0.9276251792907715 -0.3507453501224518 0.0)
(0.5414087772369385 -0.16433636844158173 0.0)
(1.0059058666229248 -0.02694862149655819 0.0)
(1.0090728998184204 0.021443646401166916 0.0)
(0.06273353099822998 0.03901258856058121 0.0)
(0.0423053503036499 0.04415438696742058 0.0)
(0.6084976196289062 0.1377161294221878 0.0)
(0.13614022731781006 -0.03708162531256676 0.0)
(0.9380388259887695 -0.08426881581544876 0.0)
(0.7500526309013367 -0.05917268991470337 0.0)
(0.7062785029411316 0.0604710653424263 0.0)
(0.6255626082420349 0.05278715863823891 0.0)
(0.018315017223358154 0.048007987439632416 0.0)
(1.017636775970459 0.032693732529878616 0.0)
(1.0163395404815674 0.029711639508605003 0.0)
(1.068623661994934 -0.03853113204240799 0.0)
(1.0713396072387695 -0.036910172551870346 0.0)
(1.0425233840942383 0.029966499656438828 0.0)
(1.040831446647644 0.029507892206311226 0.0)
(1.2182915210723877 -0.20785841345787048 0.0)
(0.9786296486854553 0.09820451587438583 0.0)
(0.8964008092880249 0.08655209839344025 0.0)
(1.068131685256958 -0.11303441971540451 0.0)
(1.2186729907989502 -0.1996949464082718 0.0)
(0.9905605316162109 -0.02851106785237789 0.0)
(0.9929713606834412 -0.02793598175048828 0.0)
(0.5893324017524719 0.011499478481709957 0.0)
(1.084154725074768 -0.03750695660710335 0.0)
(1.0473003387451172 -0.027044478803873062 0.0)
(0.7063944339752197 0.3648608326911926 0.0)
(0.8651642203330994 -0.37643811106681824 0.0)
(0.885191023349762 -0.35987383127212524 0.0)
(0.8353973031044006 -0.3678111135959625 0.0)
(0.634859025478363 0.3093045651912689 0.0)
(0.6519303321838379 0.25622695684432983 0.0)
(0.7247768640518188 -0.3218582272529602 0.0)
(1.094287395477295 0.3264225423336029 0.0)
(1.227766990661621 0.20436352491378784 0.0)
(0.6820334196090698 0.017430409789085388 0.0)
(0.6726378798484802 0.0066687725484371185 0.0)
(1.010568380355835 0.3391832411289215 0.0)
(1.0265814065933228 0.3305250108242035 0.0)
(0.8045827746391296 0.36866557598114014 0.0)
(0.8305660486221313 0.36604857444763184 0.0)
(1.0784989595413208 0.023468410596251488 0.0)
(1.0174064636230469 -0.03572569414973259 0.0)
(-0.008429467678070068 -0.05107056722044945 0.0)
(0.37292155623435974 0.032186925411224365 0.0)
(0.6342253684997559 -0.19465477764606476 0.0)
(1.0082093477249146 -0.024156711995601654 0.0)
(1.0097064971923828 -0.024627184495329857 0.0)
(-0.09437525272369385 -0.024970123544335365 0.0)
(1.0508131980895996 -0.05026049539446831 0.0)
(1.0138709545135498 -0.37999236583709717 0.0)
(1.2169538736343384 -0.22293232381343842 0.0)
(1.020935297012329 -0.04137083515524864 0.0)
(0.2694737911224365 -0.04487022012472153 0.0)
(1.1913365125656128 -0.27159348130226135 0.0)
(1.0417977571487427 -0.03014088049530983 0.0)
(1.0431725978851318 -0.02913699857890606 0.0)
(0.9951561093330383 -0.3682548403739929 0.0)
(-0.013271510601043701 0.05356111377477646 0.0)
(1.0295259952545166 -0.37297096848487854 0.0)
(0.7553619742393494 0.37200042605400085 0.0)
(1.221805453300476 -0.22867342829704285 0.0)
(0.013134121894836426 0.04459546133875847 0.0)
(0.5604281425476074 0.05910667032003403 0.0)
(1.1488349437713623 0.12943577766418457 0.0)
(1.1051429510116577 0.11857771873474121 0.0)
(1.0511338710784912 0.025011617690324783 0.0)
(1.053478479385376 0.026339754462242126 0.0)
(1.0492243766784668 0.024499867111444473 0.0)
(0.6586368083953857 0.3230656683444977 0.0)
(0.6900163888931274 0.31034183502197266 0.0)
(0.7144832611083984 0.3328433632850647 0.0)
(0.6359209418296814 0.1438739001750946 0.0)
(0.6358884572982788 0.17235998809337616 0.0)
(0.03940683603286743 0.04730464890599251 0.0)
(0.03496217727661133 0.04520136117935181 0.0)
(1.092357873916626 -0.036692727357149124 0.0)
(1.0945507287979126 -0.03279244154691696 0.0)
(0.8329664468765259 -0.3378903567790985 0.0)
(0.684066116809845 0.2617310583591461 0.0)
(0.701012134552002 0.2820889949798584 0.0)
(1.0147271156311035 -0.037410296499729156 0.0)
(1.016472578048706 -0.040972985327243805 0.0)
(1.015368103981018 -0.03187078982591629 0.0)
(0.2563881278038025 0.03062046691775322 0.0)
(-0.08362144231796265 -0.037413522601127625 0.0)
(-0.07248681783676147 -0.040009431540966034 0.0)
(0.7027332782745361 -0.011930974200367928 0.0)
(0.7176176309585571 -0.0224613044410944 0.0)
(0.5751839876174927 -0.029967352747917175 0.0)
(0.594141960144043 -0.009640333242714405 0.0)
(1.0033652782440186 -0.027645684778690338 0.0)
(1.0712645053863525 0.022992778569459915 0.0)
(1.1004773378372192 -0.006405417807400227 0.0)
(1.09304678440094 -0.01924949325621128 0.0)
(1.0950666666030884 -0.0137533750385046 0.0)
(1.147963047027588 0.31543293595314026 0.0)
(1.16457998752594 0.31373313069343567 0.0)
(1.2172802686691284 0.16528351604938507 0.0)
(1.2009756565093994 0.15364661812782288 0.0)
(1.0011873245239258 -0.028668729588389397 0.0)
(1.2171440124511719 0.2290298342704773 0.0)
(1.2228193283081055 0.21787118911743164 0.0)
(1.0673880577087402 0.024129556491971016 0.0)
(1.0714144706726074 0.025576837360858917 0.0)
(1.0664805173873901 0.025423869490623474 0.0)
(1.2018189430236816 -0.23049314320087433 0.0)
(1.1885555982589722 0.27311915159225464 0.0)
(1.2017521858215332 0.26568955183029175 0.0)
(0.026434659957885742 0.049765653908252716 0.0)
(0.6074880957603455 -0.15014173090457916 0.0)
(0.5891620516777039 -0.13166774809360504 0.0)
(0.96953284740448 -0.03594793751835823 0.0)
(1.0555295944213867 -0.3501681089401245 0.0)
(0.6455056071281433 0.227182075381279 0.0)
(0.708628237247467 -0.2940998375415802 0.0)
(-0.09245222806930542 0.007904091849923134 0.0)
(1.2251578569412231 0.18901368975639343 0.0)
(1.219332218170166 0.17934246361255646 0.0)
(1.0466535091400146 -0.02947077713906765 0.0)
(1.0486171245574951 -0.029037956148386 0.0)
(-0.05107170343399048 0.04466850310564041 0.0)
(1.2228436470031738 0.2598925530910492 0.0)
(1.0418612957000732 -0.05040918290615082 0.0)
(1.0469908714294434 -0.05280420184135437 0.0)
(0.8610358238220215 -0.07218357920646667 0.0)
(1.0745731592178345 0.023958764970302582 0.0)
(1.2331311702728271 -0.16804561018943787 0.0)
(1.0839307308197021 0.012284213677048683 0.0)
(1.0846877098083496 0.015911802649497986 0.0)
(1.0378026962280273 0.031381867825984955 0.0)
(1.031331181526184 0.0316421277821064 0.0)
(1.0797463655471802 0.0208862517029047 0.0)
(1.079655647277832 0.0234071034938097 0.0)
(0.8309614658355713 -0.0370393805205822 0.0)
(0.9223756790161133 -0.03964177891612053 0.0)
(1.085675835609436 -0.3439590632915497 0.0)
(1.0636831521987915 -0.34011679887771606 0.0)
(1.0482311248779297 -0.023234957829117775 0.0)
(1.0490530729293823 -0.024393446743488312 0.0)
(1.049511432647705 -0.022264476865530014 0.0)
(1.1142692565917969 -0.11745340377092361 0.0)
(1.0619053840637207 -0.10566367208957672 0.0)
(1.1890581846237183 -0.13736706972122192 0.0)
(0.9972596168518066 -0.029384154826402664 0.0)
(0.9956237077713013 -0.029716048389673233 0.0)
(0.9993079304695129 -0.02993052639067173 0.0)
(1.0455021858215332 0.030355770140886307 0.0)
(1.0449974536895752 0.030699441209435463 0.0)
(1.1017134189605713 -0.0021433536894619465 0.0)
(1.0988132953643799 0.000636543903965503 0.0)
(1.2226076126098633 -0.15432877838611603 0.0)
(0.8979774713516235 -0.07576408237218857 0.0)
(1.183058738708496 0.2939726710319519 0.0)
(1.1174705028533936 0.3053636848926544 0.0)
(1.0224602222442627 -0.04489869251847267 0.0)
(1.0267701148986816 -0.04560535028576851 0.0)
(0.9677749872207642 -0.003858869895339012 0.0)
(0.9695488810539246 0.0054398635402321815 0.0)
(0.9664690494537354 0.0009644632809795439 0.0)
(0.9715284705162048 0.012907891534268856 0.0)
(0.966972827911377 0.009992613457143307 0.0)
(0.9750304818153381 0.020969543606042862 0.0)
(0.9713568091392517 0.017809120938181877 0.0)
(0.9801207780838013 0.026504376903176308 0.0)
(0.9765987396240234 0.024651648476719856 0.0)
(0.9849592447280884 0.0289858840405941 0.0)
(0.9813907742500305 0.028686881065368652 0.0)
(0.990801215171814 0.030155854299664497 0.0)
(0.9879001379013062 0.03156018629670143 0.0)
(0.9957048296928406 0.03165378421545029 0.0)
(0.9937145709991455 0.0332474522292614 0.0)
(1.0001616477966309 0.030894944444298744 0.0)
(0.9988587498664856 0.03273653984069824 0.0)
(1.0026942491531372 0.029714131727814674 0.0)
(1.0022668838500977 0.031768061220645905 0.0)
(1.0055572986602783 0.02867382951080799 0.0)
(1.0049872398376465 0.030279479920864105 0.0)
(1.0471649169921875 0.028128845617175102 0.0)
(-0.11879390478134155 -0.01185875479131937 0.0)
(0.9925613403320312 -0.3477522134780884 0.0)
(1.0474188327789307 0.024917511269450188 0.0)
(-0.027381420135498047 0.05286317691206932 0.0)
(1.0059210062026978 -0.026689676567912102 0.0)
(1.0067310333251953 -0.02542991004884243 0.0)
(0.96854567527771 -0.34122034907341003 0.0)
(0.14276790618896484 -0.0336158387362957 0.0)
(0.9705492258071899 -0.07976841926574707 0.0)
(1.0609374046325684 -0.04107653349637985 0.0)
(1.0643302202224731 -0.04076923802495003 0.0)
(1.0576331615447998 -0.04473237320780754 0.0)
(1.2359931468963623 -0.18085455894470215 0.0)
(1.0513300895690918 -0.027087261900305748 0.0)
(1.0494779348373413 -0.024841874837875366 0.0)
(0.8039754629135132 -0.3263328969478607 0.0)
(1.058764100074768 0.31144317984580994 0.0)
(0.6141467094421387 0.026166312396526337 0.0)
(0.9218413829803467 -0.32563674449920654 0.0)
(1.0404216051101685 0.04643465578556061 0.0)
(1.0482258796691895 0.04686399921774864 0.0)
(1.0447157621383667 0.048538729548454285 0.0)
(1.0565868616104126 0.04652613028883934 0.0)
(1.0531033277511597 0.04895305633544922 0.0)
(1.0643292665481567 0.043692756444215775 0.0)
(1.0611460208892822 0.04765912517905235 0.0)
(1.0711634159088135 0.03975389152765274 0.0)
(1.0703551769256592 0.0445626936852932 0.0)
(1.0761685371398926 0.033332839608192444 0.0)
(1.0773297548294067 0.038956183940172195 0.0)
(1.0819854736328125 0.02756575681269169 0.0)
(1.081286907196045 0.03126667067408562 0.0)
(1.0865252017974854 0.02188538946211338 0.0)
(1.086138129234314 0.025741303339600563 0.0)
(1.0882568359375 0.015144397504627705 0.0)
(1.0904593467712402 0.01872284710407257 0.0)
(1.0898377895355225 0.008211291395127773 0.0)
(1.0913950204849243 0.01131307054311037 0.0)
(1.090242624282837 0.0012145473156124353 0.0)
(1.0913680791854858 0.004163309466093779 0.0)
(1.0863986015319824 -0.004296823870390654 0.0)
(1.088878870010376 -0.002205354394391179 0.0)
(1.084083080291748 -0.010132646188139915 0.0)
(1.0876389741897583 -0.008402000181376934 0.0)
(1.0822086334228516 -0.014368155039846897 0.0)
(1.085813283920288 -0.013603698462247849 0.0)
(1.0784722566604614 -0.017107918858528137 0.0)
(1.0844199657440186 -0.017284290865063667 0.0)
(1.076530933380127 -0.02040855959057808 0.0)
(1.0799493789672852 -0.020959649235010147 0.0)
(1.0742292404174805 -0.022700931876897812 0.0)
(1.0758628845214844 -0.02310367301106453 0.0)
(1.0732989311218262 -0.02545652911067009 0.0)
(1.07084059715271 -0.023892255499958992 0.0)
(1.0676674842834473 -0.025383660569787025 0.0)
(1.0684024095535278 -0.02554599568247795 0.0)
(1.061646819114685 -0.02490752749145031 0.0)
(1.063228964805603 -0.025883760303258896 0.0)
(1.0578243732452393 -0.02512381225824356 0.0)
(1.0582103729248047 -0.025402119383215904 0.0)
(1.054332971572876 -0.024479657411575317 0.0)
(1.0531635284423828 -0.024413827806711197 0.0)
(-0.03579944372177124 0.04970230162143707 0.0)
(1.179720401763916 -0.1529565155506134 0.0)
(-0.08753794431686401 0.019731376320123672 0.0)
(0.818147599697113 -0.04320460930466652 0.0)
(1.0895397663116455 0.30890294909477234 0.0)
(1.1010093688964844 0.29942455887794495 0.0)
(1.075592041015625 0.02641279809176922 0.0)
(1.0771417617797852 0.026970094069838524 0.0)
(1.1945092678070068 -0.1606469750404358 0.0)
(-0.020205020904541016 -0.04920922964811325 0.0)
(0.654897928237915 -0.17644524574279785 0.0)
(-0.04303258657455444 -0.04595639556646347 0.0)
(-0.017532765865325928 0.05142151191830635 0.0)
(1.0567690134048462 -0.052511781454086304 0.0)
(1.0600817203521729 -0.049233339726924896 0.0)
(0.7631685137748718 0.34671953320503235 0.0)
(1.2092196941375732 -0.21698085963726044 0.0)
(1.208390712738037 -0.2093852311372757 0.0)
(1.2005784511566162 -0.22102709114551544 0.0)
(1.2330784797668457 -0.18905749917030334 0.0)
(1.2310841083526611 -0.19154764711856842 0.0)
(1.0357915163040161 -0.3480100631713867 0.0)
(1.171773076057434 0.29642412066459656 0.0)
(0.584966778755188 0.09729258716106415 0.0)
(0.6094419956207275 0.10840166360139847 0.0)
(1.2245762348175049 0.19976654648780823 0.0)
(1.2245322465896606 0.19195646047592163 0.0)
(0.5862150192260742 0.06963938474655151 0.0)
(-0.10226947069168091 -0.025105969980359077 0.0)
(-0.11172604560852051 -0.021096568554639816 0.0)
(-0.09474200010299683 -0.03212738782167435 0.0)
(0.5086605548858643 -0.16332411766052246 0.0)
(1.1771297454833984 -0.26350104808807373 0.0)
(1.1670112609863281 -0.268450528383255 0.0)
(0.9849562644958496 -0.030514586716890335 0.0)
(0.1884227991104126 0.03134840354323387 0.0)
(0.12308329343795776 0.03592608869075775 0.0)
(1.189441442489624 -0.23489899933338165 0.0)
(1.1900554895401 -0.2453480064868927 0.0)
(1.0030266046524048 -0.029553165659308434 0.0)
(1.0936297178268433 -0.022711966186761856 0.0)
(0.5839516520500183 -0.08237054944038391 0.0)
(0.6014677286148071 -0.10139299184083939 0.0)
(0.5940171480178833 -0.05861515924334526 0.0)
(0.049107253551483154 -0.04736208915710449 0.0)
(1.0167680978775024 -0.03870543837547302 0.0)
(1.0266779661178589 -0.3315124213695526 0.0)
(1.0066266059875488 -0.3302946388721466 0.0)
(1.2211201190948486 0.25159522891044617 0.0)
(0.8083443641662598 -0.29293039441108704 0.0)
(0.42044925689697266 0.033413294702768326 0.0)
(1.2229079008102417 -0.17308324575424194 0.0)
(0.7433717250823975 0.32290583848953247 0.0)
(1.076485276222229 -0.10275997966527939 0.0)
(1.2081151008605957 0.24576467275619507 0.0)
(-0.006813108921051025 0.05178379639983177 0.0)
(1.003867268562317 -0.031523462384939194 0.0)
(-0.08415323495864868 0.02735188417136669 0.0)
(1.0900839567184448 0.005351783242076635 0.0)
(1.0882847309112549 0.00760280154645443 0.0)
(1.0119709968566895 0.025284945964813232 0.0)
(1.013769268989563 0.02941981516778469 0.0)
(1.0103840827941895 0.023396460339426994 0.0)
(-0.07236731052398682 0.03450300544500351 0.0)
(0.020724773406982422 0.0460582934319973 0.0)
(0.00988239049911499 0.048980165272951126 0.0)
(1.0357022285461426 -0.03321540355682373 0.0)
(1.0139827728271484 -0.03361944854259491 0.0)
(1.0433176755905151 -0.03307525813579559 0.0)
(0.8783480525016785 -0.3331072926521301 0.0)
(0.8533669114112854 -0.319810152053833 0.0)
(-0.0851561427116394 0.03158142417669296 0.0)
(1.2106508016586304 -0.19347329437732697 0.0)
(-0.0986555814743042 0.0062604681588709354 0.0)
(-0.09801715612411499 0.013900252059102058 0.0)
(-0.10740715265274048 0.00032435270259156823 0.0)
(1.0122923851013184 -0.02751915715634823 0.0)
(1.0111182928085327 -0.027810832485556602 0.0)
(1.013548493385315 -0.03140735253691673 0.0)
(-0.05985349416732788 0.03981921821832657 0.0)
(-0.0583949089050293 0.04349076375365257 0.0)
(-0.06807130575180054 0.037181347608566284 0.0)
(1.197089672088623 0.2518594563007355 0.0)
(0.6944006681442261 0.029517343267798424 0.0)
(0.6743398904800415 0.019207989796996117 0.0)
(0.7278257608413696 0.2760944366455078 0.0)
(1.0207816362380981 -0.0492677316069603 0.0)
(0.9659678339958191 -0.008798180148005486 0.0)
(0.9688990116119385 -0.012661616317927837 0.0)
(0.6852229237556458 -0.20322978496551514 0.0)
(0.6789233088493347 -0.1853184700012207 0.0)
(1.0629938840866089 0.028133073821663857 0.0)
(1.0622519254684448 0.029487891122698784 0.0)
(1.0138269662857056 0.03736533224582672 0.0)
(1.007580280303955 0.0253751203417778 0.0)
(1.009437918663025 0.026172125712037086 0.0)
(1.00816810131073 0.028622403740882874 0.0)
(1.0489468574523926 0.02804923988878727 0.0)
(1.0472590923309326 0.030574796721339226 0.0)
(1.0461992025375366 0.031164245679974556 0.0)
(-0.12049472332000732 -0.0038577578961849213 0.0)
(1.0327978134155273 -0.03479219973087311 0.0)
(1.0254842042922974 0.04287124425172806 0.0)
(1.136040210723877 -0.301855206489563 0.0)
(1.1325016021728516 -0.3159424960613251 0.0)
(0.7075235843658447 -0.24741610884666443 0.0)
(0.9742903709411621 0.3313523828983307 0.0)
(0.9922390580177307 0.3257896304130554 0.0)
(0.15591716766357422 -0.048892371356487274 0.0)
(1.0030187368392944 -0.03379744291305542 0.0)
(0.9714093804359436 0.0900731012225151 0.0)
(0.6627060770988464 0.17804645001888275 0.0)
(0.6665315628051758 0.20501238107681274 0.0)
(1.1109683513641357 -0.1041593924164772 0.0)
(1.0003293752670288 -0.033386778086423874 0.0)
(0.9098039269447327 0.3437593877315521 0.0)
(0.9344996213912964 0.3407607674598694 0.0)
(-0.11414402723312378 0.0011029844172298908 0.0)
(1.2253684997558594 -0.16148167848587036 0.0)
(0.25005877017974854 -0.02843403071165085 0.0)
(0.36965084075927734 -0.0315144844353199 0.0)
(0.05903667211532593 0.04211793467402458 0.0)
(0.07336807250976562 0.04217971861362457 0.0)
(0.7486679553985596 0.29483339190483093 0.0)
(0.6989051699638367 0.05843375250697136 0.0)
(0.8695579171180725 0.07700158655643463 0.0)
(0.6010335087776184 0.04370128735899925 0.0)
(1.1009076833724976 -0.030032826587557793 0.0)
(1.100475788116455 -0.024655424058437347 0.0)
(1.0163973569869995 0.03492509946227074 0.0)
(1.0755137205123901 -0.04223855957388878 0.0)
(1.0791865587234497 -0.039965368807315826 0.0)
(1.0517539978027344 -0.027743352577090263 0.0)
(1.0404096841812134 0.031246716156601906 0.0)
(0.6930714845657349 0.2097199708223343 0.0)
(0.7014201283454895 0.23162102699279785 0.0)
(1.0429078340530396 0.30269527435302734 0.0)
(0.6384577751159668 0.013552237302064896 0.0)
(1.044191837310791 0.032524581998586655 0.0)
(1.0424177646636963 0.03137172758579254 0.0)
(0.9381071925163269 -0.30969682335853577 0.0)
(-0.03027665615081787 0.051931094378232956 0.0)
(1.0530807971954346 -0.025024114176630974 0.0)
(0.6611297726631165 0.12292743474245071 0.0)
(1.0275077819824219 0.309903085231781 0.0)
(1.0113590955734253 -0.03295707702636719 0.0)
(1.0122047662734985 -0.03623553365468979 0.0)
(1.0592659711837769 0.031180480495095253 0.0)
(0.867478609085083 0.3369382619857788 0.0)
(1.097944974899292 -0.04107324033975601 0.0)
(1.1130841970443726 -0.3301786780357361 0.0)
(1.1175776720046997 -0.31704723834991455 0.0)
(1.098449945449829 -0.33036598563194275 0.0)
(1.0148961544036865 -0.04405371844768524 0.0)
(1.0171175003051758 -0.047509707510471344 0.0)
(1.0726792812347412 0.02914409525692463 0.0)
(1.0718073844909668 0.028087308630347252 0.0)
(1.213392734527588 0.21163643896579742 0.0)
(0.6521183252334595 -0.004225794691592455 0.0)
(0.8445212244987488 0.3354746699333191 0.0)
(0.6551302075386047 -0.1517353057861328 0.0)
(0.6397476196289062 -0.1358083188533783 0.0)
(1.101956844329834 -0.015111780725419521 0.0)
(1.1043237447738647 -0.020035333931446075 0.0)
(1.1045695543289185 -0.011237766593694687 0.0)
(-0.01272273063659668 -0.049095213413238525 0.0)
(0.01914876699447632 -0.04639542102813721 0.0)
(-0.07390254735946655 -0.0402640737593174 0.0)
(-0.05509543418884277 -0.04213431850075722 0.0)
(0.9687256217002869 -0.017665207386016846 0.0)
(0.9738328456878662 -0.020734060555696487 0.0)
(1.1941521167755127 -0.21255344152450562 0.0)
(1.0087053775787354 -0.02637207694351673 0.0)
(0.7893017530441284 0.3437381088733673 0.0)
(1.2012882232666016 -0.20135796070098877 0.0)
(1.1943461894989014 -0.20390942692756653 0.0)
(1.075894832611084 0.3022119700908661 0.0)
(1.0216100215911865 0.03891351446509361 0.0)
(1.0235463380813599 0.04278498515486717 0.0)
(1.0180668830871582 0.03825845196843147 0.0)
(0.04666757583618164 0.044175636023283005 0.0)
(1.0463398694992065 -0.033018168061971664 0.0)
(1.047357439994812 -0.031332772225141525 0.0)
(1.1057231426239014 -0.003669238416478038 0.0)
(0.6377455592155457 0.08839302510023117 0.0)
(0.6620112061500549 0.09734510630369186 0.0)
(0.8633249402046204 0.04438444599509239 0.0)
(0.8970701694488525 -0.31690841913223267 0.0)
(1.0878328084945679 0.011684546247124672 0.0)
(1.1512926816940308 0.1249045580625534 0.0)
(1.100819706916809 0.11327365040779114 0.0)
(1.1414246559143066 -0.2748914957046509 0.0)
(1.0585155487060547 -0.058409348130226135 0.0)
(0.6117111444473267 0.05316198244690895 0.0)
(1.205673098564148 -0.192918062210083 0.0)
(1.1791455745697021 -0.2501109540462494 0.0)
(0.986774206161499 -0.03371300920844078 0.0)
(0.9903392195701599 -0.033348239958286285 0.0)
(0.7114618420600891 -0.02402782067656517 0.0)
(0.7509211301803589 -0.03264050558209419 0.0)
(0.9794700145721436 -0.027022669091820717 0.0)
(0.9745057821273804 -0.025028934702277184 0.0)
(0.9810421466827393 -0.030157461762428284 0.0)
(0.6223422288894653 -0.025522399693727493 0.0)
(0.6419563889503479 -0.014134143479168415 0.0)
(1.228330135345459 -0.15819863975048065 0.0)
(0.8527213335037231 -0.29447993636131287 0.0)
(0.8320717215538025 -0.28147071599960327 0.0)
(-0.02053779363632202 0.05069402605295181 0.0)
(1.21756911277771 0.1535087674856186 0.0)
(1.199979543685913 0.14659717679023743 0.0)
(1.2073777914047241 0.23443292081356049 0.0)
(0.9626123905181885 -0.31708067655563354 0.0)
(1.1817749738693237 0.26835644245147705 0.0)
(1.1632083654403687 0.28355124592781067 0.0)
(1.1679449081420898 0.2728893458843231 0.0)
(0.09759646654129028 -0.04160774499177933 0.0)
(1.0243566036224365 -0.04120991751551628 0.0)
(1.0394272804260254 -0.31168344616889954 0.0)
(0.7199202179908752 -0.26948660612106323 0.0)
(0.3468227684497833 0.03217073529958725 0.0)
(0.21769380569458008 0.031628623604774475 0.0)
(1.0762529373168945 0.02831117808818817 0.0)
(1.2256358861923218 0.1769113391637802 0.0)
(1.222547173500061 0.17106427252292633 0.0)
(1.2320936918258667 -0.14697198569774628 0.0)
(1.156792163848877 -0.2582372725009918 0.0)
(1.1438171863555908 -0.2612948715686798 0.0)
(1.219517707824707 -0.13569340109825134 0.0)
(1.0341604948043823 -0.048443008214235306 0.0)
(1.0299170017242432 -0.04912491515278816 0.0)
(1.0381971597671509 -0.052331309765577316 0.0)
(1.0504776239395142 -0.03063902258872986 0.0)
(1.0522522926330566 -0.030422206968069077 0.0)
(-0.03846806287765503 0.05158497765660286 0.0)
(1.0479636192321777 -0.05895678699016571 0.0)
(1.0531926155090332 -0.06147591397166252 0.0)
(1.0880787372589111 0.01782284677028656 0.0)
(1.0871797800064087 0.02027192711830139 0.0)
(1.141381859779358 0.29707077145576477 0.0)
(1.1492643356323242 0.2844196557998657 0.0)
(1.0332014560699463 0.036050304770469666 0.0)
(1.081430196762085 0.026537705212831497 0.0)
(1.080779790878296 0.029579030349850655 0.0)
(0.8054810166358948 -0.055225249379873276 0.0)
(1.0010864734649658 -0.08298040181398392 0.0)
(1.0060101747512817 -0.03252008929848671 0.0)
(1.0327926874160767 0.04526020213961601 0.0)
(0.9103578925132751 -0.044079218059778214 0.0)
(1.0104645490646362 -0.04647943750023842 0.0)
(-0.09758466482162476 0.022233834490180016 0.0)
(-0.10382205247879028 0.013709813356399536 0.0)
(1.0685391426086426 -0.3192877471446991 0.0)
(1.084149956703186 -0.31580615043640137 0.0)
(1.0588717460632324 -0.30856814980506897 0.0)
(1.2204242944717407 -0.16918063163757324 0.0)
(1.0983189344406128 0.004926650319248438 0.0)
(1.09356689453125 0.006468323525041342 0.0)
(1.23114013671875 -0.17219257354736328 0.0)
(1.06256103515625 0.03206532448530197 0.0)
(1.0618958473205566 0.032751962542533875 0.0)
(0.991603434085846 0.03832097351551056 0.0)
(0.9422968029975891 0.043921176344156265 0.0)
(1.2306468486785889 -0.16389283537864685 0.0)
(1.1246559619903564 0.2946511209011078 0.0)
(1.0854547023773193 -0.045485612004995346 0.0)
(1.0941946506500244 -0.044315923005342484 0.0)
(1.2149548530578613 0.20130954682826996 0.0)
(1.1089907884597778 -0.013165544718503952 0.0)
(1.1112709045410156 -0.006585392635315657 0.0)
(1.0288848876953125 0.04569252207875252 0.0)
(1.0361928939819336 0.04838860034942627 0.0)
(0.9595688581466675 -0.010073033161461353 0.0)
(1.234602928161621 -0.18243196606636047 0.0)
(0.9620535373687744 0.011406016536056995 0.0)
(0.9674268960952759 0.021512052044272423 0.0)
(0.961532473564148 0.017823094502091408 0.0)
(0.972564160823822 0.029491247609257698 0.0)
(0.9681891202926636 0.02695070579648018 0.0)
(0.9791355133056641 0.034106891602277756 0.0)
(0.9755852818489075 0.03352533280849457 0.0)
(0.9872874617576599 0.03535839915275574 0.0)
(0.9826909303665161 0.03706375136971474 0.0)
(0.9932088851928711 0.03764979913830757 0.0)
(0.9901548624038696 0.039222508668899536 0.0)
(0.9996621012687683 0.036269593983888626 0.0)
(0.997538149356842 0.03845927491784096 0.0)
(1.0033597946166992 0.03523677960038185 0.0)
(1.0018408298492432 0.03723090514540672 0.0)
(1.0063430070877075 0.03385434299707413 0.0)
(1.005717158317566 0.03592332825064659 0.0)
(-0.12668287754058838 0.00017287590890191495 0.0)
(0.7211929559707642 -0.22504210472106934 0.0)
(0.7105509638786316 -0.20407210290431976 0.0)
(0.665428876876831 0.022865228354930878 0.0)
(0.11169993877410889 0.034481581300497055 0.0)
(0.1732282042503357 0.029719533398747444 0.0)
(0.09132266044616699 0.03721719980239868 0.0)
(0.9980984926223755 -0.03527627885341644 0.0)
(-0.06844902038574219 0.03809565305709839 0.0)
(1.007367491722107 -0.03639177605509758 0.0)
(0.7679756879806519 0.2906053364276886 0.0)
(1.0541962385177612 -0.02781052514910698 0.0)
(1.2341527938842773 -0.18151940405368805 0.0)
(1.0399314165115356 0.03272239491343498 0.0)
(1.0383632183074951 0.03467043116688728 0.0)
(1.0405809879302979 0.28597894310951233 0.0)
(1.2210421562194824 -0.18444424867630005 0.0)
(1.0525457859039307 0.029316812753677368 0.0)
(1.0550930500030518 0.03029128722846508 0.0)
(1.0510022640228271 0.02892788127064705 0.0)
(0.7757607698440552 -0.3384617269039154 0.0)
(1.2227509021759033 -0.15814700722694397 0.0)
(0.9343634247779846 -0.2855985462665558 0.0)
(1.05180823802948 -0.02447768859565258 0.0)
(1.0480191707611084 -0.021617822349071503 0.0)
(-0.03675800561904907 0.04979848861694336 0.0)
(1.0545833110809326 0.0549808144569397 0.0)
(1.0636143684387207 0.05282147228717804 0.0)
(1.0597630739212036 0.05574749410152435 0.0)
(1.0747312307357788 0.050162699073553085 0.0)
(1.0702447891235352 0.05432920157909393 0.0)
(1.080718755722046 0.042923539876937866 0.0)
(1.0814592838287354 0.05023955926299095 0.0)
(1.0858036279678345 0.034508250653743744 0.0)
(1.0858403444290161 0.040254976600408554 0.0)
(1.0897811651229858 0.027554430067539215 0.0)
(1.0895605087280273 0.03200830891728401 0.0)
(1.093247890472412 0.02009012922644615 0.0)
(1.0936275720596313 0.023460334166884422 0.0)
(1.095768690109253 0.01251622661948204 0.0)
(1.0972994565963745 0.016022931784391403 0.0)
(1.0957950353622437 0.004331917501986027 0.0)
(1.098384976387024 0.008036691695451736 0.0)
(1.0938870906829834 -0.003343963995575905 0.0)
(1.098191261291504 -0.0008771210559643805 0.0)
(1.0917471647262573 -0.010550989769399166 0.0)
(1.096440076828003 -0.008211866952478886 0.0)
(1.089370846748352 -0.015694739297032356 0.0)
(1.094355583190918 -0.015060343779623508 0.0)
(1.0871944427490234 -0.019335312768816948 0.0)
(1.090746283531189 -0.01927347481250763 0.0)
(1.0811809301376343 -0.02274281531572342 0.0)
(1.0876998901367188 -0.023426713421940804 0.0)
(1.0779685974121094 -0.0253248680382967 0.0)
(1.0826343297958374 -0.02618063986301422 0.0)
(1.0730797052383423 -0.0266726091504097 0.0)
(1.0754188299179077 -0.02765086106956005 0.0)
(1.0707135200500488 -0.02833637408912182 0.0)
(1.0707173347473145 -0.028651848435401917 0.0)
(1.063625454902649 -0.02815135382115841 0.0)
(1.0607105493545532 -0.027107788249850273 0.0)
(1.058597445487976 -0.027972981333732605 0.0)
(1.0608006715774536 -0.029096107929944992 0.0)
(1.0550271272659302 -0.027310235425829887 0.0)
(1.0541791915893555 -0.02822168543934822 0.0)
(1.0557138919830322 -0.028391903266310692 0.0)
(1.0094823837280273 -0.03790801391005516 0.0)
(1.231728196144104 -0.17744489014148712 0.0)
(1.2152711153030396 -0.18334855139255524 0.0)
(1.2243852615356445 -0.1767425388097763 0.0)
(1.208925485610962 0.19304142892360687 0.0)
(1.096803069114685 0.2828103005886078 0.0)
(0.6543375849723816 -0.003705170238390565 0.0)
(0.6485207080841064 0.00885998085141182 0.0)
(0.6666578054428101 -0.014369187876582146 0.0)
(1.1825551986694336 -0.21767190098762512 0.0)
(1.1752110719680786 -0.20689639449119568 0.0)
(1.1889684200286865 -0.194793701171875 0.0)
(1.1774708032608032 -0.19742637872695923 0.0)
(1.0039507150650024 -0.036954328417778015 0.0)
(1.024125099182129 -0.05430854111909866 0.0)
(1.0288450717926025 -0.0531964972615242 0.0)
(1.179886817932129 -0.22684961557388306 0.0)
(-0.11424630880355835 0.008791613392531872 0.0)
(1.1083343029022217 0.0016778078861534595 0.0)
(1.1029187440872192 0.0032922683749347925 0.0)
(1.1047608852386475 -0.037783414125442505 0.0)
(1.1035406589508057 -0.03229709342122078 0.0)
(0.8851475715637207 0.3167595863342285 0.0)
(0.905044674873352 0.3215121924877167 0.0)
(0.7447855472564697 0.0441158227622509 0.0)
(0.6832262277603149 0.03262386471033096 0.0)
(1.2218313217163086 0.1845710575580597 0.0)
(1.2109297513961792 0.1861702799797058 0.0)
(1.2213025093078613 0.17756734788417816 0.0)
(0.8950947523117065 -0.2917928695678711 0.0)
(1.0636149644851685 -0.05972481518983841 0.0)
(0.6840267181396484 0.12931226193904877 0.0)
(0.6848677396774292 0.15668821334838867 0.0)
(1.1288771629333496 -0.27641043066978455 0.0)
(1.124770164489746 -0.288368821144104 0.0)
(0.6401900053024292 0.06271815299987793 0.0)
(1.0000817775726318 -0.3054194450378418 0.0)
(0.9766017198562622 -0.30131766200065613 0.0)
(1.1816521883010864 0.25391557812690735 0.0)
(1.0682973861694336 0.028014060109853745 0.0)
(1.0708789825439453 0.029693227261304855 0.0)
(1.066397786140442 0.029468456283211708 0.0)
(1.0357011556625366 0.05342627689242363 0.0)
(1.0309171676635742 -0.28981736302375793 0.0)
(1.0109951496124268 -0.2878063917160034 0.0)
(0.9950395822525024 -0.0340842567384243 0.0)
(0.8343215584754944 0.3136991262435913 0.0)
(1.0365148782730103 -0.04177023842930794 0.0)
(1.2273306846618652 -0.17421063780784607 0.0)
(1.204211950302124 0.2152935415506363 0.0)
(1.0728579759597778 0.0311687383800745 0.0)
(1.0737195014953613 0.03169277310371399 0.0)
(0.05671006441116333 0.044208452105522156 0.0)
(1.1923532485961914 -0.120663583278656 0.0)
(1.0685144662857056 -0.04662409797310829 0.0)
(1.0648467540740967 -0.050154320895671844 0.0)
(1.0728871822357178 -0.04517388716340065 0.0)
(1.22502863407135 -0.14496487379074097 0.0)
(1.230576515197754 -0.1325765699148178 0.0)
(1.2018475532531738 -0.183660089969635 0.0)
(-0.0051403045654296875 0.05181039124727249 0.0)
(-0.014239251613616943 0.05073519051074982 0.0)
(0.8039080500602722 0.31772473454475403 0.0)
(1.1353318691253662 -0.11722393333911896 0.0)
(0.7639151215553284 -0.2860540747642517 0.0)
(0.7897782325744629 -0.2778233587741852 0.0)
(0.745974600315094 -0.2658848464488983 0.0)
(0.795844316482544 -0.25179561972618103 0.0)
(1.0071808099746704 -0.03105246275663376 0.0)
(1.0719424486160278 0.28590285778045654 0.0)
(1.05845046043396 0.27798232436180115 0.0)
(1.0862364768981934 0.27611270546913147 0.0)
(0.012140214443206787 0.05040538311004639 0.0)
(1.200466513633728 0.2258148491382599 0.0)
(1.0446372032165527 -0.035021234303712845 0.0)
(1.0436310768127441 -0.03702858090400696 0.0)
(1.0455100536346436 -0.034516919404268265 0.0)
(1.1893317699432373 0.24681493639945984 0.0)
(1.1699411869049072 -0.2414265125989914 0.0)
(1.1697725057601929 -0.23188139498233795 0.0)
(1.1582905054092407 -0.24598905444145203 0.0)
(1.0905163288116455 0.012626211158931255 0.0)
(1.0957891941070557 0.0110936863347888 0.0)
(1.0903699398040771 0.017269335687160492 0.0)
(0.9604229927062988 0.0007309481152333319 0.0)
(0.9564661979675293 -0.005437017884105444 0.0)
(1.0123050212860107 0.029734183102846146 0.0)
(1.0141706466674805 0.03410965949296951 0.0)
(1.011035442352295 0.02934328280389309 0.0)
(0.09388583898544312 -0.04435085505247116 0.0)
(0.087860107421875 0.03854794055223465 0.0)
(0.7558010816574097 -0.23981574177742004 0.0)
(0.7795559763908386 -0.23536746203899384 0.0)
(0.7440226078033447 -0.2216164469718933 0.0)
(-0.12025600671768188 0.007766007445752621 0.0)
(1.0529663562774658 -0.030972059816122055 0.0)
(1.0555665493011475 -0.03111838363111019 0.0)
(0.9454095959663391 0.08285803347826004 0.0)
(1.0417381525039673 0.03308049216866493 0.0)
(0.6930475234985352 -0.1645585149526596 0.0)
(0.9370474815368652 0.04932093620300293 0.0)
(0.12352913618087769 0.03550148755311966 0.0)
(0.09202331304550171 0.03808283805847168 0.0)
(0.04730510711669922 -0.04547084867954254 0.0)
(0.9947682619094849 0.3042652904987335 0.0)
(1.0132349729537964 0.2980257570743561 0.0)
(1.047097086906433 0.03417553752660751 0.0)
(1.0457135438919067 0.03385110944509506 0.0)
(-0.12791305780410767 0.00433714734390378 0.0)
(-0.13403117656707764 -0.0065589407458901405 0.0)
(0.6862500905990601 0.0795641764998436 0.0)
(0.6657938957214355 0.04292154684662819 0.0)
(0.04046398401260376 0.04775029420852661 0.0)
(1.1965569257736206 -0.13187175989151 0.0)
(1.120361089706421 -0.26425182819366455 0.0)
(1.0104427337646484 -0.04225292056798935 0.0)
(0.9413184523582458 0.3192406892776489 0.0)
(0.9568747878074646 0.3152787983417511 0.0)
(0.6059411764144897 -0.032957352697849274 0.0)
(0.8096020221710205 -0.0534529983997345 0.0)
(1.101039171218872 -0.05072183907032013 0.0)
(-0.048362016677856445 0.04565649852156639 0.0)
(1.1863110065460205 0.23418229818344116 0.0)
(1.1934552192687988 0.225600466132164 0.0)
(1.0218147039413452 -0.05779469013214111 0.0)
(0.7771264314651489 0.25868624448776245 0.0)
(0.1479802131652832 -0.03704782575368881 0.0)
(0.2356218695640564 -0.026917589828372 0.0)
(1.227516770362854 -0.13772858679294586 0.0)
(1.1079400777816772 0.2734530568122864 0.0)
(1.1221438646316528 0.27914959192276 0.0)
(1.0400428771972656 0.03903399780392647 0.0)
(1.0356826782226562 0.04001149162650108 0.0)
(0.8739307522773743 -0.27889952063560486 0.0)
(1.0549817085266113 0.03278930112719536 0.0)
(1.2203172445297241 -0.1585036963224411 0.0)
(1.2247599363327026 -0.16335712373256683 0.0)
(1.2226879596710205 -0.14817291498184204 0.0)
(0.951078474521637 -0.26975855231285095 0.0)
(0.682072639465332 -0.14267337322235107 0.0)
(0.0350990891456604 0.04372755438089371 0.0)
(1.0313693284988403 0.054104071110486984 0.0)
(1.0279909372329712 0.05061624199151993 0.0)
(1.1196225881576538 -0.008578778244554996 0.0)
(1.1632429361343384 -0.2108345925807953 0.0)
(0.6481691002845764 -0.11106712371110916 0.0)
(0.6287329196929932 -0.09519655257463455 0.0)
(0.9579074382781982 0.007165702525526285 0.0)
(-0.04963839054107666 -0.045966509729623795 0.0)
(-0.02193385362625122 -0.04786524176597595 0.0)
(0.6651126146316528 -0.024283528327941895 0.0)
(1.0023359060287476 -0.03914574906229973 0.0)
(1.0092344284057617 -0.02775089256465435 0.0)
(1.193483829498291 -0.1864723414182663 0.0)
(0.9721549153327942 -0.2765789330005646 0.0)
(1.109670877456665 -0.023221243172883987 0.0)
(1.1109397411346436 -0.027961870655417442 0.0)
(1.1133259534835815 -0.017311666160821915 0.0)
(1.0610945224761963 0.03537649288773537 0.0)
(1.059300184249878 0.03550693765282631 0.0)
(1.0768190622329712 -0.05098569393157959 0.0)
(1.0821115970611572 -0.04947192966938019 0.0)
(1.0173007249832153 0.04127797856926918 0.0)
(1.0492699146270752 -0.03402048349380493 0.0)
(1.0503554344177246 -0.03346312418580055 0.0)
(0.7097168564796448 0.16110756993293762 0.0)
(0.713563859462738 0.18493948876857758 0.0)
(0.9931188821792603 -0.034700386226177216 0.0)
(1.0678372383117676 -0.056378357112407684 0.0)
(1.045267105102539 0.05454907566308975 0.0)
(1.0659061670303345 -0.067864790558815 0.0)
(-0.09901601076126099 -0.03235843777656555 0.0)
(1.156552791595459 0.11594895273447037 0.0)
(1.090111255645752 0.1026272103190422 0.0)
(1.0661128759384155 0.032185349613428116 0.0)
(1.0635758638381958 0.033720921725034714 0.0)
(1.0105998516082764 0.03457387909293175 0.0)
(0.9122275710105896 -0.2785171866416931 0.0)
(0.7540799975395203 -0.036406874656677246 0.0)
(0.8257672190666199 -0.04348962381482124 0.0)
(0.9782854318618774 -0.034782275557518005 0.0)
(1.0520203113555908 0.03208665922284126 0.0)
(1.05446457862854 0.03357752412557602 0.0)
(1.0496968030929565 0.03205615282058716 0.0)
(1.0377012491226196 -0.05718521401286125 0.0)
(1.0421918630599976 -0.061426468193531036 0.0)
(0.8361111879348755 -0.25552862882614136 0.0)
(0.8165794610977173 -0.24270641803741455 0.0)
(1.1338920593261719 -0.25074514746665955 0.0)
(1.1235623359680176 -0.25245994329452515 0.0)
(1.212672472000122 0.1457950919866562 0.0)
(1.2056576013565063 0.13939526677131653 0.0)
(-0.11995410919189453 -0.018430406227707863 0.0)
(1.2235403060913086 0.16597069799900055 0.0)
(1.2208912372589111 0.1642247885465622 0.0)
(1.1611695289611816 -0.22167430818080902 0.0)
(1.0401818752288818 -0.2752801775932312 0.0)
(1.0460405349731445 -0.04024677723646164 0.0)
(0.8470409512519836 0.28914180397987366 0.0)
(1.0437883138656616 -0.04355594515800476 0.0)
(0.7398947477340698 0.24969394505023956 0.0)
(1.2061659097671509 -0.17563991248607635 0.0)
(0.9990230798721313 -0.03889365866780281 0.0)
(1.075000524520874 0.03412647545337677 0.0)
(1.2139568328857422 -0.11423604190349579 0.0)
(1.0503249168395996 0.05699729174375534 0.0)
(1.0218534469604492 0.0461718924343586 0.0)
(1.0190616846084595 0.04593784362077713 0.0)
(-0.08498835563659668 -0.037369504570961 0.0)
(1.2287932634353638 -0.13341641426086426 0.0)
(0.797660768032074 0.2956119775772095 0.0)
(0.9864638447761536 -0.049098268151283264 0.0)
(1.0258702039718628 -0.04803941398859024 0.0)
(1.054585576057434 -0.06962750107049942 0.0)
(1.060492992401123 -0.0725836381316185 0.0)
(1.0902851819992065 0.02446182444691658 0.0)
(1.0894138813018799 0.026421483606100082 0.0)
(1.167940378189087 0.2492469698190689 0.0)
(1.083229899406433 0.032910097390413284 0.0)
(1.0796623229980469 0.035556428134441376 0.0)
(1.0145273208618164 -0.0516095906496048 0.0)
(1.0162004232406616 -0.05695004016160965 0.0)
(1.1430553197860718 -0.09849034249782562 0.0)
(1.1957889795303345 0.20735640823841095 0.0)
(0.958876371383667 -0.017208712175488472 0.0)
(0.9644342660903931 -0.021331265568733215 0.0)
(1.0652494430541992 -0.2905842959880829 0.0)
(1.198451280593872 0.19441291689872742 0.0)
(-0.10373276472091675 0.021819746121764183 0.0)
(-0.08355247974395752 0.030285440385341644 0.0)
(-0.11574864387512207 0.01573961228132248 0.0)
(1.2225333452224731 -0.16869400441646576 0.0)
(1.211142897605896 -0.175922229886055 0.0)
(0.8375329971313477 0.05055396258831024 0.0)
(0.7418149709701538 0.04710239917039871 0.0)
(1.0102238655090332 0.0379200279712677 0.0)
(1.0138403177261353 0.040776535868644714 0.0)
(1.0075663328170776 0.03841269761323929 0.0)
(0.6802472472190857 0.0030519363936036825 0.0)
(1.0153858661651611 0.2780315577983856 0.0)
(1.0312713384628296 0.27540668845176697 0.0)
(0.7085338830947876 0.08916980773210526 0.0)
(0.7070554494857788 0.11176325380802155 0.0)
(1.2160412073135376 -0.17047034204006195 0.0)
(1.1077449321746826 -0.04658078774809837 0.0)
(1.1108200550079346 -0.04146001487970352 0.0)
(0.7630912065505981 0.24600113928318024 0.0)
(1.0242063999176025 0.0512726828455925 0.0)
(1.0574434995651245 -0.27559471130371094 0.0)
(1.1204776763916016 -0.0039112805388867855 0.0)
(1.1151659488677979 0.0018424796871840954 0.0)
(1.040499210357666 0.057004574686288834 0.0)
(0.9805200099945068 -0.039365991950035095 0.0)
(0.9849645495414734 -0.038320064544677734 0.0)
(0.8658504486083984 0.2807430326938629 0.0)
(0.8858307600021362 0.28943637013435364 0.0)
(0.7268967628479004 0.2320612370967865 0.0)
(0.8562672734260559 0.07081931084394455 0.0)
(0.6729205250740051 0.051426805555820465 0.0)
(1.043686866760254 0.03738374263048172 0.0)
(1.0458807945251465 0.036075688898563385 0.0)
(1.042910099029541 0.03927260637283325 0.0)
(0.028682291507720947 -0.04887264594435692 0.0)
(-0.08636736869812012 -0.03905700892210007 0.0)
(-0.06555181741714478 -0.04218784719705582 0.0)
(0.0441211462020874 0.0429016575217247 0.0)
(1.0087321996688843 0.03225509077310562 0.0)
(0.9635821580886841 0.03246188163757324 0.0)
(0.9723671674728394 0.039135657250881195 0.0)
(0.9665821194648743 0.03755509853363037 0.0)
(0.9811446070671082 0.043123938143253326 0.0)
(0.976459264755249 0.04365271329879761 0.0)
(0.98981773853302 0.04438340291380882 0.0)
(0.9858493804931641 0.046019356697797775 0.0)
(0.9984585046768188 0.042952489107847214 0.0)
(0.9951289892196655 0.04504970833659172 0.0)
(1.0034610033035278 0.04123358428478241 0.0)
(1.0064011812210083 0.04151571914553642 0.0)
(1.0019078254699707 0.04360117018222809 0.0)
(0.7036268711090088 0.0006384393200278282 0.0)
(0.6889067888259888 0.05207875743508339 0.0)
(1.2238644361495972 -0.11963717639446259 0.0)
(0.7131884694099426 -0.16400146484375 0.0)
(0.9782957434654236 0.28454747796058655 0.0)
(1.1317765712738037 0.26641085743904114 0.0)
(0.7989187240600586 0.2529119849205017 0.0)
(1.009188175201416 -0.04584980010986328 0.0)
(1.003782033920288 -0.04436780512332916 0.0)
(1.0101165771484375 -0.05075454339385033 0.0)
(0.22084397077560425 0.02788827195763588 0.0)
(0.17463082075119019 0.03170096129179001 0.0)
(0.7235676050186157 -0.1829347312450409 0.0)
(-0.04800790548324585 0.040099043399095535 0.0)
(0.8119089007377625 0.273149311542511 0.0)
(1.0251402854919434 -0.06421146541833878 0.0)
(0.9719069004058838 -0.030185537412762642 0.0)
(0.964528501033783 -0.0265650637447834 0.0)
(0.9728277921676636 -0.03425653278827667 0.0)
(0.9568625092506409 0.021518206223845482 0.0)
(1.218070149421692 -0.1341543048620224 0.0)
(0.9444951415061951 0.07757576555013657 0.0)
(1.21390700340271 -0.1563345342874527 0.0)
(1.2121796607971191 -0.16175931692123413 0.0)
(0.9486858248710632 -0.24725231528282166 0.0)
(0.6888716220855713 -0.12377667427062988 0.0)
(-0.1375144124031067 -0.0018762412946671247 0.0)
(1.1497347354888916 -0.22632639110088348 0.0)
(1.1490033864974976 -0.23628182709217072 0.0)
(1.0082045793533325 0.029970044270157814 0.0)
(1.1272000074386597 0.2523491680622101 0.0)
(1.2141327857971191 -0.14742234349250793 0.0)
(1.2125264406204224 -0.13713707029819489 0.0)
(1.2098596096038818 -0.14958210289478302 0.0)
(1.0735198259353638 0.06090117245912552 0.0)
(1.0856624841690063 0.05640970915555954 0.0)
(1.0822381973266602 0.06267350912094116 0.0)
(1.0918495655059814 0.04542411491274834 0.0)
(1.0901938676834106 0.052966490387916565 0.0)
(1.097598910331726 0.03598305955529213 0.0)
(1.0964224338531494 0.04262164980173111 0.0)
(1.102785348892212 0.027721794322133064 0.0)
(1.1030364036560059 0.033230822533369064 0.0)
(1.1060302257537842 0.018281465396285057 0.0)
(1.1052861213684082 0.0222800113260746 0.0)
(1.1059032678604126 0.009182309731841087 0.0)
(1.1071100234985352 0.013355767354369164 0.0)
(1.1052309274673462 4.054323653690517e-05 0.0)
(1.1080782413482666 0.0021002041175961494 0.0)
(1.1031221151351929 -0.008716601878404617 0.0)
(1.1055809259414673 -0.008173812180757523 0.0)
(1.098585605621338 -0.016660500317811966 0.0)
(1.1034663915634155 -0.015328251756727695 0.0)
(1.0935577154159546 -0.02137204259634018 0.0)
(1.0996521711349487 -0.020550521090626717 0.0)
(1.0893828868865967 -0.025997376069426537 0.0)
(1.0943962335586548 -0.026533257216215134 0.0)
(1.0836788415908813 -0.029046669602394104 0.0)
(1.0878541469573975 -0.029950853437185287 0.0)
(1.0772892236709595 -0.031044766306877136 0.0)
(1.0825775861740112 -0.03186854347586632 0.0)
(1.0707082748413086 -0.03213203325867653 0.0)
(1.0752137899398804 -0.033385246992111206 0.0)
(1.0633845329284668 -0.03151145949959755 0.0)
(1.0671956539154053 -0.03241903334856033 0.0)
(1.0590405464172363 -0.030879586935043335 0.0)
(1.0601359605789185 -0.031662456691265106 0.0)
(1.054925560951233 -0.029426490887999535 0.0)
(1.0553631782531738 -0.030463892966508865 0.0)
(1.057255744934082 -0.031208433210849762 0.0)
(1.1712255477905273 -0.18781085312366486 0.0)
(1.0633299350738525 -0.26123201847076416 0.0)
(1.105386734008789 -0.3025714159011841 0.0)
(1.1108992099761963 -0.2886735200881958 0.0)
(1.0910723209381104 -0.30203479528427124 0.0)
(1.0812585353851318 -0.28860440850257874 0.0)
(1.0322173833847046 -0.05795485898852348 0.0)
(1.2309099435806274 -0.12354958057403564 0.0)
(1.1050703525543213 0.009998360648751259 0.0)
(1.0994375944137573 0.012671074829995632 0.0)
(0.9214321970939636 0.3067655563354492 0.0)
(-0.0025241971015930176 -0.02722020074725151 0.0)
(0.6340335011482239 0.023592235520482063 0.0)
(0.64106285572052 0.009929774329066277 0.0)
(1.0740798711776733 -0.06888492405414581 0.0)
(-0.11161071062088013 -0.02606729045510292 0.0)
(0.9119631052017212 -0.2531794309616089 0.0)
(1.073775053024292 -0.05594038590788841 0.0)
(1.2002743482589722 -0.1691533476114273 0.0)
(1.0219242572784424 0.05373129993677139 0.0)
(0.6770782470703125 -0.04101233184337616 0.0)
(0.9517898559570312 0.009010948240756989 0.0)
(1.0479381084442139 -0.045173242688179016 0.0)
(1.034067153930664 -0.256396621465683 0.0)
(1.162981390953064 0.2576020658016205 0.0)
(0.621518075466156 -0.05335718020796776 0.0)
(0.6399853229522705 -0.06892000138759613 0.0)
(-0.07210749387741089 -0.028226736932992935 0.0)
(1.0713688135147095 0.03225446864962578 0.0)
(1.071360468864441 0.033035825937986374 0.0)
(1.0681893825531006 0.033326297998428345 0.0)
(1.0051485300064087 -0.2664147615432739 0.0)
(1.0163557529449463 -0.25276732444763184 0.0)
(0.9861942529678345 -0.26180973649024963 0.0)
(1.047869324684143 -0.04072576388716698 0.0)
(1.048702597618103 -0.04215981066226959 0.0)
(1.0483856201171875 -0.03728771582245827 0.0)
(0.578079342842102 0.04236719757318497 0.0)
(0.3928176462650299 0.03129352256655693 0.0)
(0.9957554936408997 -0.04123372584581375 0.0)
(1.0717930793762207 0.03591781482100487 0.0)
(1.072986125946045 0.03671867027878761 0.0)
(1.1875561475753784 0.212417334318161 0.0)
(1.0299469232559204 0.0583459697663784 0.0)
(1.0241127014160156 0.05863569676876068 0.0)
(0.9923000931739807 -0.03947887942194939 0.0)
(1.0500521659851074 0.06244885176420212 0.0)
(1.1892850399017334 -0.17682135105133057 0.0)
(1.1785004138946533 -0.17785197496414185 0.0)
(1.0162174701690674 0.048212744295597076 0.0)
(1.0173841714859009 0.05318600311875343 0.0)
(1.0131891965866089 0.046329859644174576 0.0)
(-0.004846394062042236 0.04648565873503685 0.0)
(-0.021461963653564453 0.04162592068314552 0.0)
(0.7737405896186829 0.2239803820848465 0.0)
(-0.13794630765914917 -0.01012400072067976 0.0)
(0.831957221031189 0.27015766501426697 0.0)
(1.0389673709869385 0.061883702874183655 0.0)
(1.0443099737167358 0.06491129100322723 0.0)
(1.0331461429595947 0.06325069814920425 0.0)
(1.1916323900222778 0.19043081998825073 0.0)
(0.9485517740249634 -0.0058230143040418625 0.0)
(0.8737249970436096 -0.2560400664806366 0.0)
(0.8920240998268127 -0.24205420911312103 0.0)
(0.8574333190917969 -0.24438540637493134 0.0)
(1.1066968441009521 -0.2631155252456665 0.0)
(1.101367712020874 -0.27522239089012146 0.0)
(-0.1166570782661438 -0.02621668204665184 0.0)
(-0.10681438446044922 -0.03149489685893059 0.0)
(0.01876610517501831 0.04389553144574165 0.0)
(1.0014246702194214 0.04818248376250267 0.0)
(0.9567351341247559 0.02896147221326828 0.0)
(0.7273316383361816 0.1192181184887886 0.0)
(0.7279671430587769 0.14222534000873566 0.0)
(0.059866368770599365 -0.04070945084095001 0.0)
(1.2039778232574463 -0.16240140795707703 0.0)
(0.7247053980827332 -0.14492428302764893 0.0)
(0.712559700012207 0.03836151957511902 0.0)
(1.1159145832061768 -0.03567476198077202 0.0)
(1.116750955581665 -0.030546102672815323 0.0)
(1.2295606136322021 -0.11025015264749527 0.0)
(1.2188177108764648 -0.12280234694480896 0.0)
(0.9706044793128967 -0.04057744890451431 0.0)
(1.0099622011184692 -0.032165929675102234 0.0)
(-0.06458771228790283 0.035042233765125275 0.0)
(1.0313313007354736 -0.06406967341899872 0.0)
(1.181086778640747 0.19460654258728027 0.0)
(1.022933006286621 -0.06957586854696274 0.0)
(0.40140649676322937 -0.03221497684717178 0.0)
(0.5950175523757935 -0.034736670553684235 0.0)
(0.1322169303894043 -0.041151437908411026 0.0)
(1.0367180109024048 0.044120799750089645 0.0)
(1.2161332368850708 -0.12712720036506653 0.0)
(1.1074707508087158 0.25643810629844666 0.0)
(1.0621116161346436 0.03708069771528244 0.0)
(1.1149160861968994 -0.05368683487176895 0.0)
(1.0418559312820435 -0.0675397664308548 0.0)
(1.0475311279296875 -0.07332078367471695 0.0)
(0.9306038022041321 -0.24084468185901642 0.0)
(0.7144998908042908 -0.12297723442316055 0.0)
(-0.13316631317138672 0.006664720829576254 0.0)
(1.1418625116348267 -0.21511684358119965 0.0)
(1.0498785972595215 -0.022492822259664536 0.0)
(1.0498911142349243 -0.03770690783858299 0.0)
(1.0575470924377441 -0.2462393194437027 0.0)
(1.0801810026168823 -0.26068931818008423 0.0)
(0.7528551816940308 -0.3181454837322235 0.0)
(1.1136882305145264 0.00841701589524746 0.0)
(1.1099331378936768 0.009697369299829006 0.0)
(-0.13419198989868164 -0.01897275075316429 0.0)
(0.32691919803619385 0.027957865968346596 0.0)
(0.9874926209449768 0.2655385434627533 0.0)
(1.0035912990570068 0.2656526267528534 0.0)
(1.0770032405853271 -0.0778508111834526 0.0)
(1.1569185256958008 -0.20080401003360748 0.0)
(1.1595678329467773 -0.18986085057258606 0.0)
(1.1432881355285645 -0.20379456877708435 0.0)
(1.0582172870635986 0.2608885169029236 0.0)
(0.7031810283660889 -0.040550462901592255 0.0)
(-0.09061294794082642 0.02826838195323944 0.0)
(1.0499322414398193 0.03534461185336113 0.0)
(1.0500738620758057 0.03652608022093773 0.0)
(1.1345784664154053 0.10543697327375412 0.0)
(1.0816069841384888 0.09824810922145844 0.0)
(1.1205101013183594 -0.018217282369732857 0.0)
(1.1229267120361328 -0.01221013069152832 0.0)
(1.052043080329895 -0.03510221466422081 0.0)
(1.0521801710128784 -0.03257659450173378 0.0)
(1.0874581336975098 -0.055984530597925186 0.0)
(1.0963302850723267 -0.055764973163604736 0.0)
(0.6750581860542297 -0.10509509593248367 0.0)
(0.7372546792030334 0.18882116675376892 0.0)
(0.7420710921287537 0.2083723545074463 0.0)
(1.0599838495254517 0.039079003036022186 0.0)
(1.0768816471099854 -0.06300514936447144 0.0)
(0.7316828966140747 0.053048767149448395 0.0)
(1.2200591564178467 0.17083896696567535 0.0)
(0.9899299144744873 -0.041556231677532196 0.0)
(0.9654346704483032 -0.23554466664791107 0.0)
(0.9443657398223877 0.002632628660649061 0.0)
(1.2013683319091797 0.13025906682014465 0.0)
(0.7161399126052856 -0.02075733058154583 0.0)
(0.06900763511657715 0.0407426655292511 0.0)
(1.0612690448760986 0.06189051270484924 0.0)
(0.7868099808692932 -0.21229895949363708 0.0)
(0.8235230445861816 -0.04914989322423935 0.0)
(0.9179769158363342 -0.049695003777742386 0.0)
(1.1920256614685059 -0.17014886438846588 0.0)
(0.9051326513290405 0.2778439521789551 0.0)
(0.9238131642341614 0.2895926833152771 0.0)
(1.0554063320159912 0.03726310282945633 0.0)
(1.0573747158050537 0.03942927345633507 0.0)
(1.0532734394073486 0.037978820502758026 0.0)
(0.9825935363769531 -0.24125143885612488 0.0)
(0.8194431066513062 -0.22093090415000916 0.0)
(0.8041301965713501 -0.20871195197105408 0.0)
(0.874642550945282 0.25120773911476135 0.0)
(1.1153621673583984 -0.24009104073047638 0.0)
(1.2163516283035278 0.13881315290927887 0.0)
(0.002576291561126709 -0.014711420983076096 0.0)
(0.9502843022346497 0.017054909840226173 0.0)
(1.0515707731246948 -0.04945105314254761 0.0)
(1.2162939310073853 0.16024623811244965 0.0)
(1.215500831604004 0.15444856882095337 0.0)
(1.042737603187561 -0.24386157095432281 0.0)
(0.9719820022583008 -0.045962218195199966 0.0)
(0.9781767725944519 -0.045455452054739 0.0)
(1.1815284490585327 0.20497404038906097 0.0)
(1.2047408819198608 0.17582166194915771 0.0)
(1.2115216255187988 0.16788087785243988 0.0)
(0.7297430038452148 0.07436428219079971 0.0)
(0.9967257976531982 -0.045602645725011826 0.0)
(1.0015541315078735 -0.046601302921772 0.0)
(0.8481529355049133 0.05443137139081955 0.0)
(1.0716052055358887 0.039215411990880966 0.0)
(1.1382347345352173 -0.238335520029068 0.0)
(1.1912696361541748 0.18047447502613068 0.0)
(1.1957886219024658 0.1757224053144455 0.0)
(0.7942153811454773 0.2213217169046402 0.0)
(0.8061349391937256 0.23499706387519836 0.0)
(1.0802100896835327 0.03981710225343704 0.0)
(1.0777111053466797 0.04133579134941101 0.0)
(1.0935122966766357 0.018551090732216835 0.0)
(1.0992481708526611 0.016858329996466637 0.0)
(1.0933277606964111 0.022972719743847847 0.0)
(1.0246461629867554 -0.04933938384056091 0.0)
(1.046923041343689 -0.053709883242845535 0.0)
(1.0620671510696411 -0.08124993741512299 0.0)
(1.070473074913025 -0.08374278247356415 0.0)
(1.1573964357376099 -0.09284288436174393 0.0)
(1.0918381214141846 0.030978798866271973 0.0)
(1.090045690536499 0.03373900428414345 0.0)
(1.1667972803115845 0.23916389048099518 0.0)
(-0.14465588331222534 -0.007632426451891661 0.0)
(0.8440162539482117 0.24130704998970032 0.0)
(0.8616448044776917 0.23556986451148987 0.0)
(1.1550384759902954 0.2365012913942337 0.0)
(0.6488934755325317 -0.017960842698812485 0.0)
(0.6053033471107483 -0.00541473925113678 0.0)
(0.6842172741889954 -0.03050052374601364 0.0)
(1.014033555984497 -0.060429830104112625 0.0)
(1.0150665044784546 -0.0681389644742012 0.0)
(1.0827968120574951 0.2603989541530609 0.0)
(1.0713481903076172 0.25333109498023987 0.0)
(1.0967999696731567 0.251223623752594 0.0)
(1.1275631189346313 -0.002285994589328766 0.0)
(0.9460020065307617 -0.014385998249053955 0.0)
(0.9530688524246216 -0.020228810608386993 0.0)
(-0.1185753345489502 0.011313865892589092 0.0)
(0.13299888372421265 0.03580915927886963 0.0)
(0.10854607820510864 0.036140892654657364 0.0)
(0.6567080616950989 0.03933214768767357 0.0)
(0.624200701713562 0.02755892090499401 0.0)
(0.7201517820358276 0.01812072843313217 0.0)
(1.0555976629257202 0.0659516230225563 0.0)
(1.0880259275436401 -0.27314993739128113 0.0)
(1.0973659753799438 -0.24920682609081268 0.0)
(1.1024819612503052 -0.24214820563793182 0.0)
(1.0845307111740112 -0.2484719306230545 0.0)
(1.117005467414856 0.24821965396404266 0.0)
(0.7538527846336365 -0.1993725299835205 0.0)
(0.7424747347831726 -0.18135090172290802 0.0)
(1.0327963829040527 0.25929808616638184 0.0)
(1.0485669374465942 0.25285983085632324 0.0)
(1.0055164098739624 0.05180126801133156 0.0)
(0.941657543182373 0.05601916462182999 0.0)
(1.2209711074829102 0.1660958230495453 0.0)
(0.7643731832504272 0.2090308964252472 0.0)
(1.0211471319198608 -0.07325118035078049 0.0)
(1.1288353204727173 -0.0160970538854599 0.0)
(1.1324330568313599 -0.0065707615576684475 0.0)
(1.1045984029769897 -0.06296208500862122 0.0)
(1.1129539012908936 -0.05924113467335701 0.0)
(1.0682764053344727 0.06463715434074402 0.0)
(1.2131662368774414 -0.10200896114110947 0.0)
(1.083900809288025 -0.0628618374466896 0.0)
(-0.07126963138580322 -0.04199986159801483 0.0)
(0.020516693592071533 0.041213370859622955 0.0)
(0.9504218101501465 0.03501216694712639 0.0)
(0.7753896713256836 0.18791629374027252 0.0)
(0.9753960371017456 0.05068071931600571 0.0)
(0.9859482049942017 0.05354726314544678 0.0)
(0.9798769950866699 0.055685099214315414 0.0)
(0.9956949949264526 0.05247398838400841 0.0)
(0.9917225241661072 0.05631124973297119 0.0)
(1.057645320892334 0.07449718564748764 0.0)
(-0.14144480228424072 -0.01633138582110405 0.0)
(1.2237250804901123 -0.10955478996038437 0.0)
(1.2215406894683838 -0.11271511018276215 0.0)
(0.22083044052124023 -0.03115076757967472 0.0)
(0.36228856444358826 -0.027952559292316437 0.0)
(0.942784309387207 0.27418938279151917 0.0)
(1.215269923210144 0.16166448593139648 0.0)
(1.2140486240386963 0.16246381402015686 0.0)
(0.8266840577125549 0.0615890808403492 0.0)
(1.026111364364624 -0.0761912539601326 0.0)
(1.0081861019134521 -0.053992677479982376 0.0)
(1.0030707120895386 -0.05208234116435051 0.0)
(1.0085663795471191 -0.05932670831680298 0.0)
(1.0354018211364746 -0.06928054988384247 0.0)
(1.1776472330093384 0.18474914133548737 0.0)
(0.9600098729133606 -0.03155279532074928 0.0)
(0.9519948959350586 -0.028178734704852104 0.0)
(0.9620104432106018 -0.03909355774521828 0.0)
(0.9460453391075134 0.25526416301727295 0.0)
(1.2177449464797974 -0.09116668999195099 0.0)
(1.121180772781372 -0.0234414953738451 0.0)
(1.0645171403884888 0.0372808575630188 0.0)
(1.1221129894256592 -0.04683847352862358 0.0)
(1.1210962533950806 -0.039153046905994415 0.0)
(1.2054181098937988 -0.12303667515516281 0.0)
(1.1140998601913452 0.2332950085401535 0.0)
(1.0683053731918335 0.03784073144197464 0.0)
(1.0689003467559814 0.03747976943850517 0.0)
(1.0661513805389404 0.0383291095495224 0.0)
(-0.13516861200332642 0.00670956214889884 0.0)
(0.774570643901825 -0.1963384449481964 0.0)
(1.1422978639602661 0.2707503139972687 0.0)
(0.7438309192657471 0.010366011410951614 0.0)
(1.0860263109207153 0.06815920025110245 0.0)
(1.011812448501587 -0.23481175303459167 0.0)
(0.995768666267395 -0.23047947883605957 0.0)
(1.0975639820098877 0.059684090316295624 0.0)
(1.0936968326568604 0.06476756930351257 0.0)
(1.10433828830719 0.04725809395313263 0.0)
(1.1035438776016235 0.0559195950627327 0.0)
(1.1106531620025635 0.03637225180864334 0.0)
(1.1102077960968018 0.04250317066907883 0.0)
(1.1140838861465454 0.02604549191892147 0.0)
(1.1140836477279663 0.030794290825724602 0.0)
(1.1145920753479004 0.013441567309200764 0.0)
(1.1173985004425049 0.0172825176268816 0.0)
(1.1134752035140991 0.001762195723131299 0.0)
(1.1167902946472168 0.0039695557206869125 0.0)
(1.1106106042861938 -0.008850852958858013 0.0)
(1.1133296489715576 -0.006978965364396572 0.0)
(1.109039306640625 -0.016362614929676056 0.0)
(1.1117929220199585 -0.016339031979441643 0.0)
(1.1038601398468018 -0.02485554851591587 0.0)
(1.1090550422668457 -0.022808469831943512 0.0)
(1.097291350364685 -0.028575796633958817 0.0)
(1.1046473979949951 -0.02832929790019989 0.0)
(1.090743064880371 -0.034033939242362976 0.0)
(1.0965323448181152 -0.03405502066016197 0.0)
(1.0823506116867065 -0.03657760098576546 0.0)
(1.08786141872406 -0.03800221532583237 0.0)
(1.0741239786148071 -0.037252914160490036 0.0)
(1.0784056186676025 -0.03858990594744682 0.0)
(1.0659228563308716 -0.03593853488564491 0.0)
(1.0705350637435913 -0.03830498084425926 0.0)
(1.0608446598052979 -0.03439446911215782 0.0)
(1.063470721244812 -0.03584057465195656 0.0)
(1.0521527528762817 -0.04004861041903496 0.0)
(1.051058292388916 -0.04198591411113739 0.0)
(1.052767276763916 -0.03799073398113251 0.0)
(1.0376797914505005 -0.2275138646364212 0.0)
(1.0228397846221924 -0.2238934487104416 0.0)
(0.25139522552490234 0.033474937081336975 0.0)
(0.22074460983276367 0.03281927481293678 0.0)
(-0.015082180500030518 -0.046744924038648605 0.0)
(1.1712285280227661 0.2074192464351654 0.0)
(-0.11550849676132202 0.02200392261147499 0.0)
(0.7534787654876709 0.16829249262809753 0.0)
(0.7704368829727173 0.17005763947963715 0.0)
(1.0665020942687988 -0.2333182990550995 0.0)
(0.7502244710922241 0.0840538963675499 0.0)
(0.7488160729408264 0.10372549295425415 0.0)
(0.9888125658035278 -0.046576157212257385 0.0)
(0.9838306307792664 -0.048390887677669525 0.0)
(0.9936819076538086 -0.04912921413779259 0.0)
(0.9625937342643738 -0.21525761485099792 0.0)
(0.9365261793136597 0.004565482493489981 0.0)
(1.2153656482696533 0.12612974643707275 0.0)
(1.1977579593658447 0.11956539750099182 0.0)
(0.7382289171218872 -0.025087902322411537 0.0)
(0.7512025237083435 -0.008808532729744911 0.0)
(1.0707645416259766 0.07313114404678345 0.0)
(1.079784631729126 0.07613132894039154 0.0)
(1.0655237436294556 0.07832563668489456 0.0)
(0.058495938777923584 0.04412735626101494 0.0)
(1.0895960330963135 -0.07122057676315308 0.0)
(1.0856311321258545 -0.07765030115842819 0.0)
(1.098949670791626 -0.06876716017723083 0.0)
(1.1347339153289795 0.2420230507850647 0.0)
(0.7048683166503906 -0.0793338268995285 0.0)
(0.7146533131599426 -0.05581067129969597 0.0)
(0.8940880298614502 0.24326229095458984 0.0)
(0.9107358455657959 0.2546084225177765 0.0)
(1.055046558380127 -0.04827094078063965 0.0)
(1.0534398555755615 -0.04522191360592842 0.0)
(0.9215328693389893 0.07050073146820068 0.0)
(0.943227231502533 0.02140606939792633 0.0)
(0.9422575235366821 0.030722681432962418 0.0)
(0.9353291988372803 0.015857260674238205 0.0)
(-0.02845442295074463 -0.04775473475456238 0.0)
(-0.10743522644042969 0.02311284840106964 0.0)
(-0.12221670150756836 0.017666885629296303 0.0)
(1.2044873237609863 0.16241349279880524 0.0)
(1.069650650024414 0.041631877422332764 0.0)
(1.068750262260437 0.0410834476351738 0.0)
(0.961349606513977 0.04571264982223511 0.0)
(0.9666175842285156 0.05208669602870941 0.0)
(0.9532586336135864 0.04325515776872635 0.0)
(0.9290447235107422 -0.21902811527252197 0.0)
(0.7330836653709412 0.055440910160541534 0.0)
(0.6598743200302124 0.043329011648893356 0.0)
(1.1280354261398315 -0.22693614661693573 0.0)
(1.1297541856765747 -0.21697957813739777 0.0)
(1.1178553104400635 -0.22775766253471375 0.0)
(1.0210679769515991 0.06292957067489624 0.0)
(1.1727603673934937 -0.16843074560165405 0.0)
(1.1260619163513184 0.008944336324930191 0.0)
(1.1203572750091553 0.012201115489006042 0.0)
(0.34338992834091187 0.03975475952029228 0.0)
(0.7433037161827087 -0.14541390538215637 0.0)
(-0.15328162908554077 -0.010927288793027401 0.0)
(0.7322395443916321 -0.1096700131893158 0.0)
(0.7276296615600586 -0.09340197592973709 0.0)
(1.186153531074524 -0.16233845055103302 0.0)
(0.05135071277618408 -0.04328395053744316 0.0)
(-0.10675036907196045 -0.03320251777768135 0.0)
(-0.08840197324752808 -0.033827461302280426 0.0)
(-0.07585358619689941 0.03114349953830242 0.0)
(1.045283317565918 0.042509496212005615 0.0)
(1.0438274145126343 0.04659777134656906 0.0)
(1.0899162292480469 -0.08594726026058197 0.0)
(0.9465208649635315 -0.20892973244190216 0.0)
(-0.13476777076721191 -0.023262346163392067 0.0)
(1.201158881187439 -0.14831675589084625 0.0)
(1.1982277631759644 -0.15620943903923035 0.0)
(1.078805685043335 -0.2345355749130249 0.0)
(0.7507343292236328 0.14792227745056152 0.0)
(1.0838543176651 -0.09297575801610947 0.0)
(1.0087051391601562 0.0446736104786396 0.0)
(0.06863093376159668 0.04129323363304138 0.0)
(1.051666498184204 0.07893911004066467 0.0)
(1.043877124786377 0.07203252613544464 0.0)
(1.003112554550171 0.04878883808851242 0.0)
(1.0014902353286743 0.05252985283732414 0.0)
(-0.1546229124069214 -0.010947873815894127 0.0)
(1.205376386642456 -0.1131180077791214 0.0)
(1.2255194187164307 -0.09917901456356049 0.0)
(1.2091314792633057 -0.10887452960014343 0.0)
(1.023328185081482 -0.06656093895435333 0.0)
(0.07718867063522339 0.04392125830054283 0.0)
(0.9283424615859985 0.2440357357263565 0.0)
(1.1491644382476807 -0.08003329485654831 0.0)
(1.2098066806793213 0.15878768265247345 0.0)
(1.202956199645996 -0.1349582076072693 0.0)
(1.1983129978179932 -0.14031444489955902 0.0)
(0.6201180219650269 0.04366135224699974 0.0)
(1.024086833000183 -0.08324368298053741 0.0)
(0.8362812995910645 -0.04392073675990105 0.0)
(1.1787086725234985 0.17852191627025604 0.0)
(1.069920539855957 0.23782049119472504 0.0)
(1.229788899421692 -0.09429282695055008 0.0)
(1.047314167022705 -0.08058304339647293 0.0)
(1.0542348623275757 -0.08576822280883789 0.0)
(1.129199743270874 -0.02519761398434639 0.0)
(1.1345462799072266 -0.01814531534910202 0.0)
(1.0473480224609375 0.039042435586452484 0.0)
(1.0501689910888672 0.03802870959043503 0.0)
(1.0477653741836548 0.04146140068769455 0.0)
(1.0627065896987915 0.040532827377319336 0.0)
(1.0601340532302856 0.04006225988268852 0.0)
(1.1285918951034546 -0.050637099891901016 0.0)
(1.2006996870040894 -0.12678885459899902 0.0)
(1.0155458450317383 0.054912254214286804 0.0)
(1.0160224437713623 0.061275165528059006 0.0)
(0.9926337003707886 -0.21261437237262726 0.0)
(0.899795651435852 -0.058827534317970276 0.0)
(0.99089115858078 -0.05715051293373108 0.0)
(0.9701339602470398 -0.053097352385520935 0.0)
(0.7579713463783264 0.024045594036579132 0.0)
(0.7532449960708618 0.04377984628081322 0.0)
(1.1747934818267822 0.22833983600139618 0.0)
(0.7510195374488831 -0.1644410789012909 0.0)
(1.0565690994262695 -0.03283290937542915 0.0)
(1.0582871437072754 -0.03383351117372513 0.0)
(0.9120508432388306 -0.20996128022670746 0.0)
(1.1368739604949951 -0.19400633871555328 0.0)
(1.0064352750778198 0.2534928321838379 0.0)
(1.0254766941070557 0.2504558265209198 0.0)
(1.1350035667419434 0.22894607484340668 0.0)
(1.1540576219558716 -0.18017315864562988 0.0)
(1.1606817245483398 -0.17027103900909424 0.0)
(1.1424965858459473 -0.1822959929704666 0.0)
(1.121934175491333 -0.20742307603359222 0.0)
(0.8955287933349609 0.21962380409240723 0.0)
(1.1647592782974243 0.19508105516433716 0.0)
(1.1660044193267822 0.18637341260910034 0.0)
(1.1420438289642334 -0.006347839254885912 0.0)
(1.06022047996521 0.045106906443834305 0.0)
(1.1204694509506226 -0.06685739010572433 0.0)
(1.1292612552642822 -0.059789545834064484 0.0)
(0.7926263213157654 0.18944376707077026 0.0)
(0.8010409474372864 0.2022663950920105 0.0)
(0.0005402565002441406 0.04212488979101181 0.0)
(1.0613343715667725 -0.21834972500801086 0.0)
(1.0490096807479858 -0.21667784452438354 0.0)
(0.21590179204940796 -0.03871458023786545 0.0)
(1.0485272407531738 -0.05526672303676605 0.0)
(-0.02251267433166504 0.03944069892168045 0.0)
(1.0115755796432495 -0.07416865229606628 0.0)
(1.0137317180633545 -0.0822155699133873 0.0)
(0.9768015146255493 -0.20669327676296234 0.0)
(0.9303916692733765 -7.912763976491988e-05 0.0)
(-0.034400105476379395 -0.04532093554735184 0.0)
(0.0013933777809143066 -0.041848842054605484 0.0)
(1.10145902633667 -0.22463303804397583 0.0)
(1.0883619785308838 -0.2217147797346115 0.0)
(1.2210733890533447 0.13019125163555145 0.0)
(0.7367100715637207 -0.055090609937906265 0.0)
(0.745347261428833 -0.04309340938925743 0.0)
(1.190122127532959 -0.15373128652572632 0.0)
(1.1698083877563477 0.2175215780735016 0.0)
(1.1533689498901367 0.22635751962661743 0.0)
(1.1605979204177856 0.21611009538173676 0.0)
(1.1432068347930908 0.2236175686120987 0.0)
(1.1239173412322998 0.22422005236148834 0.0)
(1.0573961734771729 0.0435166135430336 0.0)
(0.7718936204910278 0.05410130321979523 0.0)
(0.7694868445396423 0.07250532507896423 0.0)
(1.1257325410842896 -0.1960945576429367 0.0)
(0.8955709934234619 -0.21994251012802124 0.0)
(0.8793947100639343 0.21163132786750793 0.0)
(1.1405216455459595 0.00888404343277216 0.0)
(1.1335307359695435 0.011875342577695847 0.0)
(1.0590424537658691 -0.05616409704089165 0.0)
(1.0559347867965698 -0.05121113732457161 0.0)
(1.108371615409851 0.015709465369582176 0.0)
(1.104607343673706 0.018747340887784958 0.0)
(0.8161617517471313 -0.18551141023635864 0.0)
(1.2174638509750366 0.1446295976638794 0.0)
(0.6614618897438049 -0.03463269770145416 0.0)
(0.7083035707473755 -0.04607480391860008 0.0)
(1.070687174797058 0.04638680815696716 0.0)
(0.9574599266052246 -0.047072358429431915 0.0)
(0.9605807065963745 -0.054106611758470535 0.0)
(-0.15035265684127808 0.0005060179973952472 0.0)
(0.7279231548309326 0.0616387240588665 0.0)
(1.194416880607605 0.1637832671403885 0.0)
(1.1986273527145386 0.15996117889881134 0.0)
(0.8547349572181702 -0.21787220239639282 0.0)
(0.8740349411964417 -0.20662148296833038 0.0)
(0.8415126204490662 -0.2080087512731552 0.0)
(1.1763349771499634 -0.16024601459503174 0.0)
(1.0338499546051025 -0.07512446492910385 0.0)
(0.8311759829521179 0.22666485607624054 0.0)
(0.14362692832946777 -0.03520553559064865 0.0)
(0.7610452175140381 -0.1291522979736328 0.0)
(0.7582738399505615 -0.1155070960521698 0.0)
(1.0775620937347412 0.04669654741883278 0.0)
(1.0769422054290771 0.05052024871110916 0.0)
(1.0962333679199219 0.026168501004576683 0.0)
(1.1026434898376465 0.0253964401781559 0.0)
(1.0960592031478882 0.029877448454499245 0.0)
(1.0927867889404297 0.03899548947811127 0.0)
(1.0875717401504517 0.04288528859615326 0.0)
(1.0743447542190552 -0.0932939425110817 0.0)
(0.5925291776657104 -0.00624252250418067 0.0)
(0.5824359655380249 0.011834525503218174 0.0)
(0.606412947177887 -0.02184424363076687 0.0)
(1.0309741497039795 0.06915448606014252 0.0)
(1.0357204675674438 0.07539685070514679 0.0)
(1.023573637008667 0.06988825649023056 0.0)
(1.0448472499847412 0.049806274473667145 0.0)
(1.0361400842666626 0.0526958666741848 0.0)
(-0.059931159019470215 0.0329117625951767 0.0)
(1.0954327583312988 0.23586542904376984 0.0)
(1.082146167755127 0.2301550954580307 0.0)
(1.1035683155059814 0.22820068895816803 0.0)
(0.6663682460784912 -0.061412934213876724 0.0)
(0.9611581563949585 0.2465043067932129 0.0)
(0.9780735969543457 0.24917584657669067 0.0)
(0.1655179262161255 0.03789331763982773 0.0)
(0.14163494110107422 0.037703342735767365 0.0)
(1.0490554571151733 0.23757141828536987 0.0)
(1.0605419874191284 0.2307186871767044 0.0)
(0.4923880696296692 0.03795310854911804 0.0)
(0.938072681427002 0.06379702687263489 0.0)
(0.8476614356040955 0.06827614456415176 0.0)
(1.2175061702728271 0.13941170275211334 0.0)
(0.8048602938652039 -0.17323808372020721 0.0)
(0.7824587821960449 -0.1755899041891098 0.0)
(1.100325345993042 -0.08453727513551712 0.0)
(0.9468258023262024 -0.1880749762058258 0.0)
(1.088638186454773 -0.10275021195411682 0.0)
(-0.1273207664489746 0.020211515948176384 0.0)
(-0.15777963399887085 -0.007364558521658182 0.0)
(0.04798609018325806 0.04132949560880661 0.0)
(-0.004630386829376221 0.03989651799201965 0.0)
(0.9927607774734497 0.06458436697721481 0.0)
(1.2190673351287842 -0.09554161131381989 0.0)
(1.1957041025161743 -0.10893794894218445 0.0)
(1.2126226425170898 -0.09875621646642685 0.0)
(0.5555527210235596 -0.0322866216301918 0.0)
(0.788443386554718 -0.0406000055372715 0.0)
(1.1883004903793335 -0.1396653801202774 0.0)
(1.1867108345031738 -0.1459268480539322 0.0)
(1.0649702548980713 -0.09924487769603729 0.0)
(1.0270177125930786 -0.0911555290222168 0.0)
(1.1295195817947388 -0.03217604383826256 0.0)
(0.9453495144844055 -0.03534705564379692 0.0)
(0.946537435054779 -0.04484272748231888 0.0)
(1.2283992767333984 -0.08130568265914917 0.0)
(1.0515731573104858 0.04659821465611458 0.0)
(1.0549063682556152 0.04625905677676201 0.0)
(1.04978609085083 0.05005842074751854 0.0)
(1.152022123336792 0.25940993428230286 0.0)
(1.1379284858703613 -0.04336143285036087 0.0)
(1.1376545429229736 -0.0346333272755146 0.0)
(1.1919673681259155 -0.12358156591653824 0.0)
(1.011083960533142 0.0630844384431839 0.0)
(0.9226174354553223 0.0022484061773866415 0.0)
(0.9749448299407959 -0.0586564801633358 0.0)
(0.9826059341430664 -0.05691751092672348 0.0)
(0.7783002257347107 0.017686188220977783 0.0)
(1.1040589809417725 0.09208707511425018 0.0)
(1.0997543334960938 0.07350533455610275 0.0)
(1.0543591976165771 -0.03182048350572586 0.0)
(1.1106958389282227 0.06233067065477371 0.0)
(1.1085586547851562 0.07090076804161072 0.0)
(1.1195192337036133 0.04833514243364334 0.0)
(1.1191051006317139 0.056322790682315826 0.0)
(1.1240578889846802 0.03329619765281677 0.0)
(1.1283059120178223 0.043013736605644226 0.0)
(1.1248104572296143 0.018328098580241203 0.0)
(1.1300349235534668 0.02547285333275795 0.0)
(1.1241836547851562 0.004285367205739021 0.0)
(1.1298508644104004 0.011885176412761211 0.0)
(1.119759440422058 -0.00863963644951582 0.0)
(1.1240742206573486 -0.0051952931098639965 0.0)
(1.1166638135910034 -0.016918500885367393 0.0)
(1.1193015575408936 -0.01729073002934456 0.0)
(1.1146057844161987 -0.025345250964164734 0.0)
(1.1168453693389893 -0.02505059726536274 0.0)
(1.109207272529602 -0.03220145404338837 0.0)
(1.1147798299789429 -0.030561136081814766 0.0)
(1.1004912853240967 -0.03777765482664108 0.0)
(1.1071600914001465 -0.03808397427201271 0.0)
(1.091360092163086 -0.04215944930911064 0.0)
(1.096479892730713 -0.043404363095760345 0.0)
(1.078148365020752 -0.04283987358212471 0.0)
(1.0849204063415527 -0.04528094455599785 0.0)
(1.0687028169631958 -0.0424531064927578 0.0)
(1.0737909078598022 -0.04423240199685097 0.0)
(1.0618032217025757 -0.03900644928216934 0.0)
(1.0641769170761108 -0.041204631328582764 0.0)
(0.29134249687194824 0.025436637923121452 0.0)
(0.2343258261680603 0.030223805457353592 0.0)
(1.1251654624938965 0.20982365310192108 0.0)
(0.9121555089950562 0.2102484107017517 0.0)
(0.9283325672149658 0.22273868322372437 0.0)
(0.6831957697868347 -0.08314581215381622 0.0)
(0.7671964168548584 0.11161449551582336 0.0)
(0.7669366002082825 0.13077960908412933 0.0)
(1.0602651834487915 0.047261931002140045 0.0)
(1.052632212638855 -0.03366590291261673 0.0)
(0.4280315637588501 -0.02808254584670067 0.0)
(1.1193965673446655 -0.18363778293132782 0.0)
(1.0834012031555176 -0.20913100242614746 0.0)
(-0.15963608026504517 0.0031355437822639942 0.0)
(0.7714234590530396 -0.013087484054267406 0.0)
(0.7844628691673279 0.00033482315484434366 0.0)
(0.7436411380767822 -0.0764482170343399 0.0)
(1.1070704460144043 -0.0782894715666771 0.0)
(1.0684497356414795 0.04379767179489136 0.0)
(1.067362666130066 0.042906470596790314 0.0)
(1.1337084770202637 -0.06913227587938309 0.0)
(1.2085216045379639 -0.0736992359161377 0.0)
(1.0546153783798218 -0.04284687712788582 0.0)
(1.0556422472000122 -0.04037740081548691 0.0)
(1.148829698562622 0.2456510215997696 0.0)
(1.0550851821899414 -0.03659423813223839 0.0)
(0.7824355959892273 0.054147060960531235 0.0)
(0.5311593413352966 0.033847875893116 0.0)
(-0.13521170616149902 -0.022151261568069458 0.0)
(1.1194496154785156 0.01786862686276436 0.0)
(1.1151421070098877 0.021200502291321754 0.0)
(1.069052815437317 0.05051195248961449 0.0)
(1.069634199142456 0.050694577395915985 0.0)
(0.6197134256362915 0.05626288428902626 0.0)
(0.572739839553833 0.03425811603665352 0.0)
(0.5631802082061768 0.036247871816158295 0.0)
(0.5755996108055115 0.013074318878352642 0.0)
(1.1079392433166504 -0.21890293061733246 0.0)
(0.8351477980613708 -0.18497835099697113 0.0)
(1.1104705333709717 -0.20943740010261536 0.0)
(1.169468641281128 -0.15352638065814972 0.0)
(1.1032400131225586 -0.19680733978748322 0.0)
(1.1080509424209595 -0.18528150022029877 0.0)
(1.0908432006835938 -0.19809478521347046 0.0)
(1.055648684501648 -0.03311476111412048 0.0)
(1.1763970851898193 0.16851793229579926 0.0)
(1.184340000152588 0.16128531098365784 0.0)
(1.1591154336929321 0.09231383353471756 0.0)
(1.0182807445526123 -0.20789112150669098 0.0)
(1.0052775144577026 -0.20234254002571106 0.0)
(1.2112400531768799 0.13923539221286774 0.0)
(0.7724292278289795 -0.16205526888370514 0.0)
(1.0388163328170776 -0.0841221883893013 0.0)
(1.143307089805603 0.2094629853963852 0.0)
(1.1337780952453613 0.20393601059913635 0.0)
(1.152723789215088 0.20807553827762604 0.0)
(0.9130229949951172 -0.19003881514072418 0.0)
(0.9376048445701599 -0.017117872834205627 0.0)
(0.9763777256011963 -0.18724246323108673 0.0)
(0.962827205657959 -0.18101419508457184 0.0)
(-0.0829768180847168 -0.038004398345947266 0.0)
(0.8766756653785706 0.19407296180725098 0.0)
(0.8363782167434692 0.2045467644929886 0.0)
(0.8203582167625427 0.1969093382358551 0.0)
(0.8546245694160461 0.19129736721515656 0.0)
(0.13837003707885742 -0.030741091817617416 0.0)
(-0.06655126810073853 0.03639888018369675 0.0)
(-0.0294608473777771 0.04043174535036087 0.0)
(-0.08998727798461914 0.026417534798383713 0.0)
(0.9314146041870117 -0.01099537406116724 0.0)
(0.9217001795768738 -0.01351998932659626 0.0)
(0.9355522990226746 -0.02968791499733925 0.0)
(1.0644142627716064 0.043266817927360535 0.0)
(-0.10784041881561279 -0.030936269089579582 0.0)
(0.7873568534851074 0.08127323538064957 0.0)
(0.7676300406455994 -0.04347388818860054 0.0)
(0.7778043746948242 -0.029608121141791344 0.0)
(1.0460331439971924 0.06003335490822792 0.0)
(1.0308867692947388 0.06609266251325607 0.0)
(1.0083816051483154 0.04956255480647087 0.0)
(0.8126178979873657 -0.15297915041446686 0.0)
(-0.1706123948097229 0.0023167761974036694 0.0)
(0.07921355962753296 0.0390620082616806 0.0)
(0.9869568943977356 0.06911386549472809 0.0)
(0.9785791635513306 0.06630242615938187 0.0)
(1.050840139389038 0.08675190806388855 0.0)
(1.2012828588485718 -0.09211608022451401 0.0)
(0.9697062373161316 -0.04377104341983795 0.0)
(1.20613431930542 0.15496759116649628 0.0)
(1.1759932041168213 -0.1454392820596695 0.0)
(1.0086640119552612 -0.0889659970998764 0.0)
(1.0006937980651855 0.06477490812540054 0.0)
(1.1621339321136475 0.17444996535778046 0.0)
(1.0686386823654175 -0.11007951945066452 0.0)
(1.0813663005828857 -0.11172481626272202 0.0)
(1.1388084888458252 -0.17239266633987427 0.0)
(1.190445899963379 -0.11429380625486374 0.0)
(1.1886255741119385 -0.12867200374603271 0.0)
(0.9574345350265503 -0.06305377930402756 0.0)
(1.0525093078613281 0.03997828811407089 0.0)
(-0.14364826679229736 0.014580375514924526 0.0)
(0.8338017463684082 -0.15117907524108887 0.0)
(1.2252678871154785 -0.07669101655483246 0.0)
(1.2158712148666382 -0.08418326079845428 0.0)
(1.0584797859191895 0.050124648958444595 0.0)
(1.0561710596084595 -0.0961231142282486 0.0)
(1.138116478919983 -0.06538443267345428 0.0)
(1.1422775983810425 -0.020525159314274788 0.0)
(1.145090937614441 -0.009049341082572937 0.0)
(0.9161176681518555 -0.005124213173985481 0.0)
(0.9808789491653442 -0.0623943991959095 0.0)
(1.0428540706634521 -0.06563415378332138 0.0)
(1.0115923881530762 0.07297807186841965 0.0)
(1.0089695453643799 0.053016357123851776 0.0)
(0.7834553122520447 0.13560855388641357 0.0)
(0.7829101085662842 0.15257781744003296 0.0)
(0.9630259275436401 0.06204969808459282 0.0)
(1.1252659559249878 -0.1738842874765396 0.0)
(0.9272780418395996 0.020066209137439728 0.0)
(0.9186659455299377 0.012258651666343212 0.0)
(1.157563328742981 0.10293147712945938 0.0)
(1.0259090662002563 0.235697939991951 0.0)
(1.0390651226043701 0.22948208451271057 0.0)
(0.6960909366607666 -0.05237339809536934 0.0)
(0.7865538001060486 -0.0606524758040905 0.0)
(1.0591630935668945 -0.038509342819452286 0.0)
(0.5892224907875061 -0.018781421706080437 0.0)
(0.8886271715164185 -0.03656359389424324 0.0)
(0.4482460618019104 0.03070523962378502 0.0)
(1.0370641946792603 -0.09102139621973038 0.0)
(1.0656776428222656 0.04981505125761032 0.0)
(1.2080984115600586 0.11390740424394608 0.0)
(0.8976134657859802 -0.17676430940628052 0.0)
(1.00559663772583 -0.06376703828573227 0.0)
(1.0058685541152954 -0.07086177170276642 0.0)
(0.9435763955116272 0.2184879183769226 0.0)
(0.9581681489944458 0.22523926198482513 0.0)
(1.0006859302520752 0.2374386042356491 0.0)
(0.9860943555831909 0.23475369811058044 0.0)
(1.0111626386642456 0.2277543544769287 0.0)
(0.9190009236335754 0.1901479959487915 0.0)
(1.1546236276626587 -0.16183985769748688 0.0)
(1.1449170112609863 -0.16207212209701538 0.0)
(1.1321566104888916 0.022662514820694923 0.0)
(1.1247327327728271 0.02434462122619152 0.0)
(1.155399203300476 0.1953975409269333 0.0)
(0.9703167080879211 0.06956683844327927 0.0)
(1.117558240890503 -0.07251566648483276 0.0)
(0.28234487771987915 -0.017764922231435776 0.0)
(1.0702524185180664 -0.20772568881511688 0.0)
(1.090245246887207 0.04765302315354347 0.0)
(1.0859419107437134 0.051215916872024536 0.0)
(1.045269250869751 -0.20003283023834229 0.0)
(1.029078722000122 -0.19792209565639496 0.0)
(0.7847135663032532 0.09860097616910934 0.0)
(1.0021307468414307 -0.18451561033725739 0.0)
(1.0193361043930054 0.07529638707637787 0.0)
(1.1039501428604126 0.2133806049823761 0.0)
(1.11360764503479 0.20586532354354858 0.0)
(-0.01120150089263916 -0.037300433963537216 0.0)
(0.057310402393341064 -0.03332553431391716 0.0)
(0.9927775263786316 -0.05465012043714523 0.0)
(0.9885915517807007 -0.05825827270746231 0.0)
(0.9997082948684692 -0.05701291933655739 0.0)
(0.8450998067855835 -0.17059338092803955 0.0)
(1.2251319885253906 0.12312467396259308 0.0)
(1.0677790641784668 0.08769945055246353 0.0)
(1.059376835823059 0.09328632056713104 0.0)
(0.9297786951065063 -0.18256621062755585 0.0)
(0.6113740801811218 0.0589110367000103 0.0)
(1.2119044065475464 0.15288041532039642 0.0)
(0.9337646961212158 0.03654135391116142 0.0)
(0.9234986901283264 0.03131355345249176 0.0)
(1.1471974849700928 -0.04680205136537552 0.0)
(0.9470964670181274 0.05356667563319206 0.0)
(0.9522420167922974 0.06251686066389084 0.0)
(0.9356845617294312 0.0489061176776886 0.0)
(1.1965235471725464 0.15263435244560242 0.0)
(1.1998908519744873 0.1498289704322815 0.0)
(1.1592386960983276 -0.1519085019826889 0.0)
(1.0557773113250732 -0.05615285038948059 0.0)
(1.0458667278289795 0.07424114644527435 0.0)
(1.0954272747039795 0.08213102072477341 0.0)
(1.0835838317871094 0.08416964113712311 0.0)
(1.0680063962936401 0.05415022373199463 0.0)
(0.8046919107437134 0.16980721056461334 0.0)
(0.8018369674682617 0.15523521602153778 0.0)
(0.820232629776001 0.1754017025232315 0.0)
(1.075543999671936 0.05543825030326843 0.0)
(1.0762358903884888 0.05922301858663559 0.0)
(1.0986989736557007 0.034567661583423615 0.0)
(1.0986429452896118 0.03808358311653137 0.0)
(1.2105040550231934 0.1304028332233429 0.0)
(0.7776176333427429 -0.13921354711055756 0.0)
(0.7970525026321411 -0.1366807222366333 0.0)
(0.14097857475280762 -0.03361741453409195 0.0)
(1.1509358882904053 0.009138310328125954 0.0)
(1.1943508386611938 -0.09750067442655563 0.0)
(-0.15835624933242798 -0.011327184736728668 0.0)
(1.222585678100586 0.11654356122016907 0.0)
(1.2114589214324951 0.15515898168087006 0.0)
(1.206592321395874 0.1525534689426422 0.0)
(1.0118201971054077 -0.09829166531562805 0.0)
(1.0235528945922852 -0.09765898436307907 0.0)
(1.1506868600845337 -0.05566398799419403 0.0)
(0.9633587598800659 -0.07005625218153 0.0)
(0.9728878140449524 -0.0674053505063057 0.0)
(1.1558873653411865 -0.008853142149746418 0.0)
(1.1603413820266724 0.002506827935576439 0.0)
(1.0416938066482544 -0.06754697859287262 0.0)
(1.0550613403320312 -0.06356944888830185 0.0)
(0.4885035753250122 -0.015361745841801167 0.0)
(0.8814107775688171 -0.1837252527475357 0.0)
(0.9896223545074463 -0.18029160797595978 0.0)
(0.8536755442619324 0.0571870282292366 0.0)
(1.21645188331604 0.12163794785737991 0.0)
(0.1859188675880432 0.03675859421491623 0.0)
(0.7648748159408569 -0.07974356412887573 0.0)
(0.8886386156082153 0.17490029335021973 0.0)
(0.908328652381897 0.1782112866640091 0.0)
(1.0803252458572388 0.21609708666801453 0.0)
(1.0913411378860474 0.2082657665014267 0.0)
(1.0605870485305786 0.2168164849281311 0.0)
(1.0698895454406738 0.20957182347774506 0.0)
(1.225486159324646 0.10756880044937134 0.0)
(1.2117770910263062 0.10018233209848404 0.0)
(1.1668941974639893 0.16617673635482788 0.0)
(1.0997252464294434 -0.10286764055490494 0.0)
(1.1062846183776855 -0.09440220147371292 0.0)
(0.8420714735984802 0.07434061914682388 0.0)
(0.7156640291213989 0.07333481311798096 0.0)
(0.773052990436554 -0.09910781681537628 0.0)
(1.1238163709640503 -0.08128734678030014 0.0)
(0.9270769357681274 -0.03095296211540699 0.0)
(1.1521897315979004 0.020997628569602966 0.0)
(1.142133355140686 0.02444545552134514 0.0)
(-0.1750381588935852 0.009188780561089516 0.0)
(0.15779292583465576 0.03689953312277794 0.0)
(0.9892141819000244 0.07933338731527328 0.0)
(1.0388760566711426 0.09119738638401031 0.0)
(1.0334913730621338 0.08349651098251343 0.0)
(1.2018580436706543 -0.08086535334587097 0.0)
(1.0577493906021118 0.05291549116373062 0.0)
(1.0016734600067139 0.05924752727150917 0.0)
(-0.16546320915222168 -0.002994055859744549 0.0)
(1.1330997943878174 0.19285336136817932 0.0)
(1.153805136680603 0.17369218170642853 0.0)
(0.788053572177887 0.047699932008981705 0.0)
(1.1812968254089355 -0.11307690292596817 0.0)
(1.1587607860565186 -0.05904177576303482 0.0)
(0.8652217984199524 -0.1707642525434494 0.0)
(0.9401073455810547 -0.054860468953847885 0.0)
(0.8416492938995361 -0.13456779718399048 0.0)
(1.1458747386932373 -0.0246934462338686 0.0)
(1.003797173500061 0.07296841591596603 0.0)
(0.9998437166213989 0.08084514737129211 0.0)
(0.9456536769866943 -0.0644228607416153 0.0)
(1.0073320865631104 0.060005027800798416 0.0)
(1.1207711696624756 -0.16259124875068665 0.0)
(0.9064244031906128 -0.0061096628196537495 0.0)
(0.9047910571098328 -0.15739165246486664 0.0)
(0.7928233742713928 0.028945043683052063 0.0)
(1.0652090311050415 -0.03824266791343689 0.0)
(1.2022747993469238 -0.055991485714912415 0.0)
(1.0577179193496704 -0.041935864835977554 0.0)
(1.1273350715637207 0.06308010220527649 0.0)
(1.1349557638168335 0.04862823709845543 0.0)
(1.1369483470916748 0.029076946899294853 0.0)
(1.1451008319854736 0.03956541791558266 0.0)
(1.1394762992858887 0.01339959166944027 0.0)
(1.1445138454437256 0.021587520837783813 0.0)
(1.132036805152893 -0.007649542763829231 0.0)
(1.1415728330612183 -0.00018113244732376188 0.0)
(1.1258668899536133 -0.017996802926063538 0.0)
(1.1334843635559082 -0.015344233252108097 0.0)
(1.1216099262237549 -0.028055934235453606 0.0)
(1.1258102655410767 -0.02726493962109089 0.0)
(1.1200873851776123 -0.03519444167613983 0.0)
(1.1241132020950317 -0.033327337354421616 0.0)
(1.1169246435165405 -0.04233817011117935 0.0)
(1.1186641454696655 -0.04186670854687691 0.0)
(1.0987482070922852 -0.04842650145292282 0.0)
(1.1068788766860962 -0.049689073115587234 0.0)
(1.0878429412841797 -0.05052216351032257 0.0)
(1.093605637550354 -0.052709560841321945 0.0)
(1.0731391906738281 -0.04861849546432495 0.0)
(1.0788637399673462 -0.05205681174993515 0.0)
(1.0632237195968628 -0.045694202184677124 0.0)
(1.0682603120803833 -0.049244433641433716 0.0)
(0.3342531621456146 0.031703926622867584 0.0)
(0.46535465121269226 0.034043412655591965 0.0)
(0.2988446354866028 0.031578510999679565 0.0)
(1.1333686113357544 -0.07353013008832932 0.0)
(0.9315242171287537 -0.16423602402210236 0.0)
(0.9193902611732483 -0.15304170548915863 0.0)
(1.1386103630065918 -0.1540452539920807 0.0)
(0.7319201827049255 -0.004323906730860472 0.0)
(1.044811725616455 -0.09957464039325714 0.0)
(1.0571993589401245 -0.04743283987045288 0.0)
(1.2054054737091064 0.1448613405227661 0.0)
(1.0652596950531006 -0.19455163180828094 0.0)
(1.022809386253357 0.08429761230945587 0.0)
(1.0554919242858887 -0.03535979241132736 0.0)
(0.2188301682472229 -0.0183138158172369 0.0)
(-0.10759413242340088 -0.025382867082953453 0.0)
(-0.14599162340164185 -0.00931621715426445 0.0)
(-0.06602901220321655 -0.031713832169771194 0.0)
(1.056201457977295 -0.04297749698162079 0.0)
(0.4823276698589325 0.04316358640789986 0.0)
(0.8052916526794434 0.056305091828107834 0.0)
(0.8031441569328308 0.07290137559175491 0.0)
(1.1055924892425537 0.02795335091650486 0.0)
(1.1126941442489624 0.0268318559974432 0.0)
(1.1045210361480713 0.03419432044029236 0.0)
(-0.14715814590454102 0.01872388646006584 0.0)
(-0.16543370485305786 0.01577029936015606 0.0)
(1.2153137922286987 0.11475319415330887 0.0)
(1.0660898685455322 0.05084365978837013 0.0)
(1.1657769680023193 0.15667389333248138 0.0)
(1.0603023767471313 -0.05323735624551773 0.0)
(1.1148005723953247 0.07773896306753159 0.0)
(1.103201150894165 0.07242830097675323 0.0)
(1.1800034046173096 0.1519007682800293 0.0)
(1.1882725954055786 0.14519935846328735 0.0)
(0.8019709587097168 0.10613355785608292 0.0)
(0.7996678352355957 0.12156279385089874 0.0)
(0.5969878435134888 -0.02751375548541546 0.0)
(0.603206992149353 -0.04656863585114479 0.0)
(0.9614242315292358 -0.16458705067634583 0.0)
(0.9472428560256958 -0.15788105130195618 0.0)
(1.1855723857879639 -0.09616193920373917 0.0)
(1.0519319772720337 0.05342201143503189 0.0)
(1.1779309511184692 -0.12750793993473053 0.0)
(1.173774242401123 -0.11817708611488342 0.0)
(1.1737090349197388 -0.13432544469833374 0.0)
(0.9692740440368652 0.08145089447498322 0.0)
(0.9180029630661011 -0.024602239951491356 0.0)
(0.7765327095985413 -0.06347973644733429 0.0)
(0.6858407258987427 0.03960448130965233 0.0)
(1.1545330286026 -0.14344321191310883 0.0)
(1.1439008712768555 -0.14444488286972046 0.0)
(0.8005430698394775 -0.005382344126701355 0.0)
(0.9882495403289795 -0.16391199827194214 0.0)
(0.8742609024047852 -0.1470586061477661 0.0)
(0.8634474873542786 -0.1349228471517563 0.0)
(1.1538668870925903 -0.02766907773911953 0.0)
(1.1602317094802856 -0.015879394486546516 0.0)
(1.1987411975860596 0.14293600618839264 0.0)
(1.0650441646575928 0.05689333751797676 0.0)
(1.0667864084243774 0.05771980062127113 0.0)
(1.061455488204956 0.0582287460565567 0.0)
(0.7957792282104492 -0.032277900725603104 0.0)
(0.8060084581375122 -0.017656411975622177 0.0)
(1.0148593187332153 -0.17514877021312714 0.0)
(1.2045447826385498 0.11256290972232819 0.0)
(0.6313702464103699 0.03718550503253937 0.0)
(1.0325552225112915 0.06890862435102463 0.0)
(0.9844133853912354 0.0756901428103447 0.0)
(0.7948191165924072 -0.06479061394929886 0.0)
(1.0548536777496338 0.04243561252951622 0.0)
(1.1619243621826172 0.02548982761800289 0.0)
(-0.18800777196884155 0.005922657437622547 0.0)
(0.9404372572898865 -0.07717757672071457 0.0)
(1.0370508432388306 0.09945666044950485 0.0)
(1.1096843481063843 -0.1612032651901245 0.0)
(1.0107241868972778 0.05859328433871269 0.0)
(0.7920077443122864 0.03695522993803024 0.0)
(1.1238998174667358 0.18617428839206696 0.0)
(1.023188591003418 -0.022599264979362488 0.0)
(1.140913486480713 0.18098892271518707 0.0)
(1.007689118385315 -0.10262402892112732 0.0)
(0.9809825420379639 0.08571995794773102 0.0)
(1.147871732711792 0.16106121242046356 0.0)
(1.1442646980285645 0.18904998898506165 0.0)
(1.1807184219360352 -0.1039697676897049 0.0)
(1.060450553894043 -0.11734308302402496 0.0)
(0.9822340607643127 -0.07263734191656113 0.0)
(1.1632533073425293 -0.07240349799394608 0.0)
(1.172553539276123 0.0018489824142307043 0.0)
(1.1748220920562744 0.01694287359714508 0.0)
(0.8900505900382996 -0.14645841717720032 0.0)
(1.2066810131072998 -0.07604354619979858 0.0)
(1.1552512645721436 -0.03706200793385506 0.0)
(1.2251569032669067 -0.06204903870820999 0.0)
(1.0572434663772583 -0.0649639219045639 0.0)
(0.9615522623062134 0.29038918018341064 0.0)
(0.9888004660606384 -0.06932935118675232 0.0)
(1.1380796432495117 0.05898650363087654 0.0)
(1.1255972385406494 0.07616762071847916 0.0)
(0.9011663198471069 -0.01612379588186741 0.0)
(0.9080727100372314 -0.024926766753196716 0.0)
(1.0752663612365723 0.0661255419254303 0.0)
(0.9008625745773315 0.004575562663376331 0.0)
(1.0273568630218506 -0.18089374899864197 0.0)
(0.8100273013114929 0.023565590381622314 0.0)
(1.195186972618103 0.13602566719055176 0.0)
(1.2021347284317017 0.12819203734397888 0.0)
(0.8105580806732178 -0.07848308235406876 0.0)
(0.9085826277732849 0.013387564569711685 0.0)
(1.2231862545013428 -0.05178382620215416 0.0)
(1.0587172508239746 -0.044288504868745804 0.0)
(1.0378904342651367 0.21545517444610596 0.0)
(1.0513460636138916 0.20950749516487122 0.0)
(0.7894796133041382 -0.06560560315847397 0.0)
(0.9133079648017883 -0.0715819001197815 0.0)
(1.1615526676177979 -0.13448604941368103 0.0)
(0.4192899763584137 0.029140567407011986 0.0)
(0.9717752933502197 0.21253332495689392 0.0)
(1.1286072731018066 -0.1531856209039688 0.0)
(0.5498905181884766 -0.0008328422554768622 0.0)
(0.628645122051239 0.001044649165123701 0.0)
(1.0416083335876465 -0.10715720802545547 0.0)
(1.1244685649871826 0.02907986007630825 0.0)
(1.1179213523864746 0.02982623316347599 0.0)
(0.4630751311779022 0.014902367256581783 0.0)
(0.4863590896129608 0.018625447526574135 0.0)
(1.052537202835083 -0.19270236790180206 0.0)
(1.112579345703125 0.08682193607091904 0.0)
(1.2176178693771362 0.10623983293771744 0.0)
(1.018550157546997 0.09161082655191422 0.0)
(1.023007869720459 0.10091196745634079 0.0)
(1.0066924095153809 0.08993316441774368 0.0)
(1.0879979133605957 0.05707861855626106 0.0)
(1.0838130712509155 0.06067611649632454 0.0)
(0.8123209476470947 0.008282667957246304 0.0)
(0.36946696043014526 0.00089737941743806 0.0)
(1.1144040822982788 0.19052545726299286 0.0)
(0.030459046363830566 -0.03545346483588219 0.0)
(-0.057946205139160156 -0.02595975250005722 0.0)
(0.09277337789535522 -0.02859816513955593 0.0)
(1.0298292636871338 -0.10697366297245026 0.0)
(1.05014169216156 0.05863676965236664 0.0)
(1.0793442726135254 0.0908784568309784 0.0)
(0.9278631806373596 0.05954643711447716 0.0)
(0.8205618858337402 0.08179337531328201 0.0)
(0.9141870737075806 0.03804340213537216 0.0)
(0.9149000644683838 0.05098965764045715 0.0)
(0.9048607349395752 0.02871052175760269 0.0)
(0.9466010332107544 0.07644964754581451 0.0)
(0.9327134490013123 0.07395674288272858 0.0)
(1.1717982292175293 0.15034577250480652 0.0)
(0.4577735960483551 0.04199925810098648 0.0)
(0.057546138763427734 0.039501726627349854 0.0)
(-0.008031666278839111 0.03797401487827301 0.0)
(1.064389944076538 -0.05713792145252228 0.0)
(1.0656765699386597 -0.062948077917099 0.0)
(1.0683971643447876 -0.05474231764674187 0.0)
(1.0844910144805908 -0.18319815397262573 0.0)
(1.0749272108078003 -0.18168844282627106 0.0)
(1.1032651662826538 -0.1706533432006836 0.0)
(1.0847872495651245 -0.12173984199762344 0.0)
(0.8158639073371887 0.12703397870063782 0.0)
(0.8152458667755127 0.14376097917556763 0.0)
(1.1016905307769775 0.09040836244821548 0.0)
(1.1199513673782349 -0.09192259609699249 0.0)
(0.9755483269691467 -0.15741249918937683 0.0)
(1.1016037464141846 0.04382713884115219 0.0)
(1.0970759391784668 0.05097411200404167 0.0)
(0.9177680015563965 0.15866582095623016 0.0)
(1.056241750717163 0.1017632707953453 0.0)
(1.047613263130188 0.10518169403076172 0.0)
(0.7962864637374878 -0.1011713370680809 0.0)
(0.36333683133125305 0.022491250187158585 0.0)
(0.2155962586402893 0.027419211342930794 0.0)
(1.1512422561645508 0.15377095341682434 0.0)
(0.831882119178772 -0.116492360830307 0.0)
(1.1695914268493652 -0.05261876806616783 0.0)
(1.1686450242996216 -0.03781028836965561 0.0)
(0.9581947922706604 0.08381488919258118 0.0)
(0.9359480142593384 0.18761225044727325 0.0)
(0.9992597699165344 -0.08676104992628098 0.0)
(0.8809221982955933 0.15514196455478668 0.0)
(0.8526394963264465 0.16733220219612122 0.0)
(0.8339912295341492 0.1637047380208969 0.0)
(0.8654487133026123 0.15096041560173035 0.0)
(1.0915743112564087 0.19517041742801666 0.0)
(1.104258418083191 0.1862310767173767 0.0)
(1.0696420669555664 0.19757510721683502 0.0)
(0.9850799441337585 0.21750414371490479 0.0)
(1.2243640422821045 0.09398391842842102 0.0)
(1.1914291381835938 0.08502892404794693 0.0)
(-0.08732324838638306 0.030865464359521866 0.0)
(-0.03922832012176514 0.032748255878686905 0.0)
(-0.11346656084060669 0.020899677649140358 0.0)
(1.0001559257507324 -0.15588586032390594 0.0)
(0.7244415283203125 0.08293215185403824 0.0)
(0.5209476947784424 0.07423636317253113 0.0)
(0.9263955354690552 -0.03978600353002548 0.0)
(1.0148985385894775 -0.1601838320493698 0.0)
(1.1993387937545776 0.12052115052938461 0.0)
(0.9892414808273315 -0.10050957649946213 0.0)
(0.9062148332595825 -0.0349666029214859 0.0)
(1.0739637613296509 0.07026591897010803 0.0)
(1.0668139457702637 0.06604985147714615 0.0)
(0.8220861554145813 0.032990697771310806 0.0)
(0.8212600350379944 0.04891852289438248 0.0)
(0.897960364818573 -0.07819708436727524 0.0)
(1.0099893808364868 -0.07925799489021301 0.0)
(0.8201520442962646 0.09619610756635666 0.0)
(0.9130821824073792 -0.042679931968450546 0.0)
(0.933745265007019 0.15775166451931 0.0)
(0.942833423614502 0.17134743928909302 0.0)
(1.0804568529129028 0.18930618464946747 0.0)
(0.9799637198448181 -0.10425379127264023 0.0)
(0.8052881956100464 -0.047653645277023315 0.0)
(0.8225682377815247 -0.04892406985163689 0.0)
(1.0795670747756958 -0.1325230449438095 0.0)
(-0.19251972436904907 0.005748881492763758 0.0)
(0.9508506059646606 -0.08441677689552307 0.0)
(1.1478856801986694 0.14497379958629608 0.0)
(1.1053522825241089 -0.1526787281036377 0.0)
(1.1889276504516602 -0.07987619191408157 0.0)
(1.125701665878296 0.17515218257904053 0.0)
(1.1349782943725586 0.1706811636686325 0.0)
(1.1506223678588867 -0.030085284262895584 0.0)
(1.223193645477295 -0.040473923087120056 0.0)
(0.893526554107666 -0.03722551837563515 0.0)
(0.9850806593894958 0.09624910354614258 0.0)
(0.8463384509086609 -0.0996275320649147 0.0)
(0.9276462197303772 -0.08432288467884064 0.0)
(1.0661083459854126 -0.13311275839805603 0.0)
(0.9837161898612976 -0.08278779685497284 0.0)
(1.17173171043396 -0.01708104833960533 0.0)
(1.1792776584625244 -0.0047666532918810844 0.0)
(0.8979253172874451 -0.12858353555202484 0.0)
(1.2149842977523804 -0.05589800328016281 0.0)
(1.2027279138565063 -0.06590551882982254 0.0)
(0.9627124071121216 -0.07980121672153473 0.0)
(0.9992306232452393 -0.10416866838932037 0.0)
(0.9906099438667297 -0.08982028812170029 0.0)
(1.1550358533859253 0.0451204814016819 0.0)
(0.8907208442687988 0.00454432237893343 0.0)
(0.8250494003295898 -0.07723607122898102 0.0)
(0.8423730134963989 -0.0861688181757927 0.0)
(0.8313333988189697 -0.05971114709973335 0.0)
(1.0577844381332397 -0.03642453998327255 0.0)
(1.0793657302856445 0.17805764079093933 0.0)
(1.131897211074829 0.08198528736829758 0.0)
(1.1640899181365967 -0.11712005734443665 0.0)
(1.1568108797073364 0.020053496584296227 0.0)
(1.1618554592132568 0.03155958652496338 0.0)
(1.1526401042938232 -0.0002149848296539858 0.0)
(1.1619408130645752 0.004285212606191635 0.0)
(1.1418095827102661 -0.02063472755253315 0.0)
(1.1530466079711914 -0.014795483089983463 0.0)
(1.132459044456482 -0.03206325322389603 0.0)
(1.1413049697875977 -0.03125586360692978 0.0)
(1.1272364854812622 -0.04233042523264885 0.0)
(1.1317756175994873 -0.043171435594558716 0.0)
(1.120944857597351 -0.048723045736551285 0.0)
(1.1270935535430908 -0.04806138947606087 0.0)
(1.1105902194976807 -0.05575196444988251 0.0)
(1.117993950843811 -0.05663774907588959 0.0)
(1.0918205976486206 -0.05860093608498573 0.0)
(1.0998029708862305 -0.06185276433825493 0.0)
(1.081634759902954 -0.057183194905519485 0.0)
(1.0742201805114746 -0.05893660709261894 0.0)
(1.0884047746658325 -0.06112145632505417 0.0)
(0.9998478889465332 -0.06248904764652252 0.0)
(0.9229120016098022 -0.13452443480491638 0.0)
(1.1253379583358765 -0.14500458538532257 0.0)
(1.1143662929534912 -0.1420058161020279 0.0)
(1.0488579273223877 -0.11574304848909378 0.0)
(1.009900689125061 0.2146919071674347 0.0)
(0.8549638390541077 0.01788642257452011 0.0)
(1.1048039197921753 -0.010021652095019817 0.0)
(1.1833412647247314 -0.08722718060016632 0.0)
(1.123471975326538 -0.10201065242290497 0.0)
(1.2153278589248657 0.09910936653614044 0.0)
(0.9288371205329895 -0.05279698595404625 0.0)
(1.1353334188461304 0.15998026728630066 0.0)
(0.9480077624320984 0.1974952220916748 0.0)
(1.1594774723052979 -0.1231994479894638 0.0)
(1.1464401483535767 0.06347893178462982 0.0)
(0.9249228239059448 0.08389755338430405 0.0)
(1.185133457183838 0.1369764506816864 0.0)
(1.1894068717956543 0.13232293725013733 0.0)
(1.1068295240402222 0.0366499163210392 0.0)
(1.1148185729980469 0.03743797913193703 0.0)
(1.1046174764633179 0.04419568553566933 0.0)
(1.2016115188598633 0.10591675341129303 0.0)
(0.958695113658905 0.09904526174068451 0.0)
(0.9112253189086914 -0.05483274906873703 0.0)
(0.9196543097496033 -0.06333347409963608 0.0)
(1.1715943813323975 -0.1017073541879654 0.0)
(0.9978934526443481 -0.14280912280082703 0.0)
(0.3451533913612366 0.007969602942466736 0.0)
(-0.17798858880996704 0.015796858817338943 0.0)
(-0.1965906023979187 0.013410916551947594 0.0)
(1.1718953847885132 0.1393030285835266 0.0)
(1.1784310340881348 0.1325726956129074 0.0)
(1.052772045135498 -0.17584267258644104 0.0)
(1.0401957035064697 -0.1723541021347046 0.0)
(0.8916792273521423 -0.017041878774762154 0.0)
(0.882524847984314 -0.006559375207871199 0.0)
(0.8864351511001587 -0.027546633034944534 0.0)
(1.097217321395874 -0.1214151382446289 0.0)
(1.0944387912750244 0.09686018526554108 0.0)
(0.5967148542404175 -0.04865169897675514 0.0)
(0.6643719673156738 -0.06411425769329071 0.0)
(1.162779450416565 0.03742126002907753 0.0)
(0.894927978515625 0.13865916430950165 0.0)
(0.9118176102638245 0.14296551048755646 0.0)
(0.9486196637153625 -0.14339245855808258 0.0)
(0.9355030655860901 -0.13218897581100464 0.0)
(1.0827337503433228 0.0984003096818924 0.0)
(0.8723493814468384 -0.11779925972223282 0.0)
(0.8642153739929199 -0.10233716666698456 0.0)
(1.1403515338897705 -0.13694728910923004 0.0)
(0.9941623210906982 0.20679780840873718 0.0)
(1.139695167541504 -0.08224108070135117 0.0)
(0.8279439210891724 0.0035928424913436174 0.0)
(1.1385051012039185 0.036230940371751785 0.0)
(1.1459306478500366 0.03897614777088165 0.0)
(1.130218744277954 0.035065628588199615 0.0)
(0.8356074094772339 0.10422538965940475 0.0)
(0.8345346450805664 0.11925781518220901 0.0)
(0.26213937997817993 0.0033276155591011047 0.0)
(0.5268927216529846 -0.006061220075935125 0.0)
(1.0901250839233398 -0.16952578723430634 0.0)
(0.9742957353591919 -0.14002098143100739 0.0)
(1.0260859727859497 -0.1506768763065338 0.0)
(0.9720244407653809 -0.0887763649225235 0.0)
(1.1038727760314941 -0.11249733716249466 0.0)
(1.0433759689331055 -0.1307498663663864 0.0)
(1.115074872970581 -0.1120145246386528 0.0)
(1.1003360748291016 -0.13111929595470428 0.0)
(0.9636422395706177 0.19495344161987305 0.0)
(1.1363370418548584 -0.0972052663564682 0.0)
(1.1550182104110718 -0.08102897554636002 0.0)
(0.9699923992156982 0.18229317665100098 0.0)
(1.1578449010849 -0.0918770432472229 0.0)
(0.9377686977386475 0.14453187584877014 0.0)
(1.157790184020996 0.13869261741638184 0.0)
(1.0851024389266968 0.06867167353630066 0.0)
(1.0815238952636719 0.07338881492614746 0.0)
(0.9503657221794128 -0.09685556590557098 0.0)
(1.1398921012878418 0.13923761248588562 0.0)
(-0.0888519287109375 -0.022055048495531082 0.0)
(1.1864893436431885 -0.06866925954818726 0.0)
(1.1110053062438965 -0.13146637380123138 0.0)
(1.1316685676574707 0.06467419862747192 0.0)
(1.2244702577590942 -0.025502368807792664 0.0)
(0.8913123607635498 -0.04682527482509613 0.0)
(1.176052212715149 -0.08765850961208344 0.0)
(0.9978537559509277 0.09803179651498795 0.0)
(1.1479249000549316 -0.1237548366189003 0.0)
(0.9172558188438416 -0.07484228163957596 0.0)
(1.1901909112930298 0.017650732770562172 0.0)
(1.0548094511032104 -0.1407303810119629 0.0)
(1.1722533702850342 -0.0739736333489418 0.0)
(1.1762421131134033 -0.026811162009835243 0.0)
(0.9608186483383179 0.1675853133201599 0.0)
(0.9145179986953735 -0.1239195391535759 0.0)
(0.8860971331596375 -0.11740072816610336 0.0)
(1.2136738300323486 -0.03463270515203476 0.0)
(1.0454102754592896 -0.07748568803071976 0.0)
(1.170670747756958 -0.09252187609672546 0.0)
(1.088987112045288 0.08520638942718506 0.0)
(1.1181185245513916 -0.12211690843105316 0.0)
(1.1912837028503418 0.035977475345134735 0.0)
(1.1731147766113281 0.04269757121801376 0.0)
(1.0450894832611084 -0.08095400780439377 0.0)
(0.8345338702201843 0.05738469958305359 0.0)
(0.8350897431373596 0.07266955077648163 0.0)
(1.0052480697631836 -0.08228293061256409 0.0)
(0.3300623893737793 -0.007488191593438387 0.0)
(0.3698435425758362 -0.01698155142366886 0.0)
(1.1311333179473877 0.09435272961854935 0.0)
(1.1187233924865723 0.0947752520442009 0.0)
(1.1443166732788086 0.07740814983844757 0.0)
(0.9000985622406006 -0.056132830679416656 0.0)
(1.0495048761367798 0.19616109132766724 0.0)
(1.0608036518096924 0.1903100162744522 0.0)
(0.9224993586540222 0.12792232632637024 0.0)
(0.9354967474937439 0.132599875330925 0.0)
(1.1620495319366455 -0.10995470732450485 0.0)
(1.2068413496017456 0.09766639769077301 0.0)
(1.0227596759796143 0.20747289061546326 0.0)
(0.9857131242752075 -0.13563081622123718 0.0)
(1.2229658365249634 0.09268272668123245 0.0)
(0.709416389465332 0.02955009415745735 0.0)
(0.4847065806388855 0.020065471529960632 0.0)
(0.9997884631156921 -0.07473956793546677 0.0)
(1.088573932647705 0.17463238537311554 0.0)
(1.1009159088134766 0.17714768648147583 0.0)
(0.7293157577514648 0.021506600081920624 0.0)
(1.052869439125061 0.06452114135026932 0.0)
(0.8508632779121399 0.09647513180971146 0.0)
(1.0799105167388916 -0.15684548020362854 0.0)
(1.0622092485427856 0.06602659821510315 0.0)
(1.057108759880066 -0.048797689378261566 0.0)
(1.0540903806686401 0.0904889702796936 0.0)
(1.0682613849639893 0.07910369336605072 0.0)
(1.1932592391967773 -0.060965973883867264 0.0)
(0.9227123856544495 -0.09993810206651688 0.0)
(1.1848666667938232 0.12562622129917145 0.0)
(1.190624713897705 0.1213013157248497 0.0)
(0.03829669952392578 -0.01439114473760128 0.0)
(0.974351167678833 0.10511405020952225 0.0)
(0.9073095917701721 0.08028396964073181 0.0)
(0.41118523478507996 0.018791167065501213 0.0)
(0.9310443997383118 0.09831172972917557 0.0)
(0.8916019201278687 0.030633144080638885 0.0)
(-0.187822163105011 0.00026848650304600596 0.0)
(-0.15166091918945312 -0.006258989684283733 0.0)
(0.9045078754425049 0.06262992322444916 0.0)
(1.021747350692749 0.10751944780349731 0.0)
(0.34329500794410706 0.010488501749932766 0.0)
(0.08935683965682983 0.031000500544905663 0.0)
(1.0397993326187134 -0.15600283443927765 0.0)
(1.2024585008621216 0.0789969339966774 0.0)
(0.8324740529060364 0.14750871062278748 0.0)
(1.103515386581421 0.10375428944826126 0.0)
(0.10340148210525513 -0.004648162517696619 0.0)
(0.8223576545715332 -0.02084030956029892 0.0)
(0.8310625553131104 -0.033615149557590485 0.0)
(0.8325329422950745 -0.010664822533726692 0.0)
(0.4872857630252838 -0.03986754268407822 0.0)
(1.0450761318206787 0.11825968325138092 0.0)
(1.031118631362915 0.12035635113716125 0.0)
(1.0989294052124023 0.05465442314743996 0.0)
(1.0982325077056885 0.0615869015455246 0.0)
(0.8882831335067749 0.12138031423091888 0.0)
(0.8081856966018677 -0.1172257736325264 0.0)
(0.8423711061477661 0.0127530787140131 0.0)
(0.8368213176727295 0.024595098569989204 0.0)
(0.9631233215332031 -0.1343335509300232 0.0)
(0.17331790924072266 0.02730993926525116 0.0)
(0.978137731552124 -0.11565468460321426 0.0)
(0.9971774816513062 0.19067879021167755 0.0)
(1.1134644746780396 0.10303129255771637 0.0)
(1.0590027570724487 0.06835140287876129 0.0)
(0.9859410524368286 0.1802467256784439 0.0)
(-0.11486303806304932 0.020397691056132317 0.0)
(-0.145197331905365 0.01751765049993992 0.0)
(1.024545669555664 -0.11565881967544556 0.0)
(1.0217158794403076 -0.1381082981824875 0.0)
(0.504027247428894 0.06898145377635956 0.0)
(0.37992241978645325 0.03726155683398247 0.0)
(0.893185555934906 0.09326184540987015 0.0)
(1.071960687637329 -0.06787794828414917 0.0)
(1.0736796855926514 -0.07949920743703842 0.0)
(1.0764639377593994 -0.06589005142450333 0.0)
(1.129439115524292 0.15359218418598175 0.0)
(1.1307648420333862 0.14272354543209076 0.0)
(0.9706602692604065 -0.09715167433023453 0.0)
(1.1804916858673096 -0.06831774860620499 0.0)
(0.8511817455291748 0.07896168529987335 0.0)
(1.0588304996490479 0.1790873110294342 0.0)
(1.0680314302444458 0.17373032867908478 0.0)
(1.0434602499008179 0.0681893602013588 0.0)
(1.1096642017364502 0.17021316289901733 0.0)
(1.1179461479187012 0.16770383715629578 0.0)
(1.1851420402526855 0.11385057121515274 0.0)
(1.1925466060638428 0.10540802776813507 0.0)
(0.8848426938056946 0.018337778747081757 0.0)
(0.9815619587898254 0.08771979808807373 0.0)
(1.0134931802749634 -0.11468826234340668 0.0)
(1.0289926528930664 -0.12936946749687195 0.0)
(1.154012680053711 0.12913541495800018 0.0)
(1.1571061611175537 0.05817278102040291 0.0)
(-0.08614969253540039 -0.018288832157850266 0.0)
(-0.14032632112503052 -0.01110194344073534 0.0)
(-0.06355690956115723 -0.01268516294658184 0.0)
(1.0845484733581543 -0.1456897109746933 0.0)
(0.9600618481636047 -0.10516112297773361 0.0)
(0.8636805415153503 0.0697157084941864 0.0)
(1.0949313640594482 0.05321046710014343 0.0)
(0.8700228333473206 0.029515089467167854 0.0)
(1.2230350971221924 -0.016560489311814308 0.0)
(0.8765751719474792 -0.05212588235735893 0.0)
(1.193077802658081 -0.026158763095736504 0.0)
(0.8480196595191956 0.050440263003110886 0.0)
(0.8480667471885681 0.03227435052394867 0.0)
(0.8620429635047913 0.05607226863503456 0.0)
(-0.20109039545059204 0.008442282676696777 0.0)
(1.1758955717086792 0.0037120303604751825 0.0)
(1.1647061109542847 -0.021248267963528633 0.0)
(1.1810669898986816 -0.011232181452214718 0.0)
(1.153131127357483 -0.04001873731613159 0.0)
(1.1635695695877075 -0.03482232242822647 0.0)
(1.1343892812728882 -0.05309038609266281 0.0)
(1.1489982604980469 -0.05220269411802292 0.0)
(1.1261909008026123 -0.059587135910987854 0.0)
(1.133297324180603 -0.06221376731991768 0.0)
(1.1196327209472656 -0.06426334381103516 0.0)
(1.1298942565917969 -0.06651652604341507 0.0)
(1.1026535034179688 -0.06793864071369171 0.0)
(1.111979365348816 -0.07244639098644257 0.0)
(0.8666309714317322 0.09946691244840622 0.0)
(1.2238199710845947 0.08518734574317932 0.0)
(1.1304011344909668 -0.13471615314483643 0.0)
(1.1804505586624146 -0.017487743869423866 0.0)
(0.9890620708465576 0.16552597284317017 0.0)
(0.6749976873397827 -0.07531887292861938 0.0)
(0.046637654304504395 0.025742726400494576 0.0)
(-0.020779788494110107 0.027888428419828415 0.0)
(1.0233464241027832 0.1943240463733673 0.0)
(1.010830044746399 0.18597254157066345 0.0)
(1.0370005369186401 0.18822894990444183 0.0)
(1.2016351222991943 0.007267049513757229 0.0)
(0.9404769539833069 -0.10503777861595154 0.0)
(1.197075605392456 -0.005301940720528364 0.0)
(1.175710678100586 0.12425079941749573 0.0)
(0.9576652646064758 0.14565695822238922 0.0)
(0.9808617830276489 0.1146913394331932 0.0)
(0.27813440561294556 0.024334583431482315 0.0)
(1.0765631198883057 0.10528673231601715 0.0)
(0.9018378257751465 -0.08112378418445587 0.0)
(0.3428443372249603 -0.017387360334396362 0.0)
(1.066111445426941 -0.15850390493869781 0.0)
(0.809221625328064 -0.08245298266410828 0.0)
(0.9864195585250854 0.10382326692342758 0.0)
(0.9967987537384033 -0.07002034038305283 0.0)
(0.8968391418457031 0.09138700366020203 0.0)
(1.1714916229248047 0.11696518212556839 0.0)
(1.1616235971450806 0.11736389994621277 0.0)
(1.175905704498291 0.11037096381187439 0.0)
(1.203824758529663 0.08946551382541656 0.0)
(1.1376264095306396 0.09856947511434555 0.0)
(1.0096932649612427 -0.13426686823368073 0.0)
(1.097097635269165 0.11883141100406647 0.0)
(1.0859225988388062 0.12039239704608917 0.0)
(1.196096658706665 -0.03786321356892586 0.0)
(0.01967841386795044 0.004827259574085474 0.0)
(0.8589345812797546 0.13264791667461395 0.0)
(0.913394570350647 -0.10892660170793533 0.0)
(0.9005241990089417 0.1064622551202774 0.0)
(1.0668829679489136 0.10718465596437454 0.0)
(0.9429198503494263 -0.11562497913837433 0.0)
(1.0822231769561768 0.0889001414179802 0.0)
(0.8764355182647705 -0.08940392732620239 0.0)
(0.8712887763977051 0.11636628955602646 0.0)
(1.1713883876800537 0.06426388770341873 0.0)
(0.8789665699005127 0.08703204989433289 0.0)
(0.508405327796936 -0.06567229330539703 0.0)
(0.957298994064331 -0.12168668955564499 0.0)
(0.7906990647315979 -0.08494335412979126 0.0)
(0.9386786818504333 -0.08970589190721512 0.0)
(0.8986027240753174 -0.10329895466566086 0.0)
(1.0977576971054077 -0.14441372454166412 0.0)
(0.9656538367271423 0.15586544573307037 0.0)
(1.088729739189148 0.16127318143844604 0.0)
(0.8715287446975708 0.018042245879769325 0.0)
(1.1218374967575073 0.1154312863945961 0.0)
(0.4862104654312134 -0.03968540579080582 0.0)
(0.8691397905349731 0.10282199829816818 0.0)
(1.2215523719787598 0.08060748130083084 0.0)
(1.0634647607803345 0.11995416134595871 0.0)
(1.0784518718719482 0.12919208407402039 0.0)
(1.0527310371398926 0.127375990152359 0.0)
(0.8777517080307007 0.07156699150800705 0.0)
(0.9627833366394043 -0.1168946623802185 0.0)
(-0.0998414158821106 -0.001971606630831957 0.0)
(-0.08916538953781128 -0.002646154258400202 0.0)
(1.2001140117645264 -0.01108055841177702 0.0)
(1.0991095304489136 0.15906687080860138 0.0)
(1.129676103591919 -0.1225111335515976 0.0)
(-0.22070950269699097 -0.0008774931193329394 0.0)
(1.1798624992370605 0.053514979779720306 0.0)
(1.1908234357833862 0.051987044513225555 0.0)
(1.1668696403503418 0.05814795196056366 0.0)
(1.0028330087661743 0.10646630078554153 0.0)
(1.0538933277130127 -0.14942480623722076 0.0)
(1.186497449874878 0.019043277949094772 0.0)
(1.1777642965316772 0.03731146827340126 0.0)
(1.0620903968811035 -0.17216642200946808 0.0)
(1.14337158203125 -0.10881385207176208 0.0)
(1.0691176652908325 0.16099543869495392 0.0)
(1.0801160335540771 0.15555661916732788 0.0)
(1.2124024629592896 0.08200865983963013 0.0)
(1.0506104230880737 0.07981132715940475 0.0)
(0.8550546765327454 -0.07285138219594955 0.0)
(0.5930072069168091 0.08223849534988403 0.0)
(1.0628269910812378 0.07475157082080841 0.0)
(1.1259716749191284 0.04398572817444801 0.0)
(1.1181070804595947 0.044032126665115356 0.0)
(1.1198976039886475 0.15568530559539795 0.0)
(1.140913724899292 -0.1193375438451767 0.0)
(-0.19715970754623413 -0.005833284929394722 0.0)
(1.2250150442123413 0.061830535531044006 0.0)
(1.0129365921020508 0.10921633243560791 0.0)
(0.5055205821990967 -0.065183624625206 0.0)
(0.3733527362346649 -0.040072474628686905 0.0)
(0.6642128825187683 -0.08040900528430939 0.0)
(1.178905963897705 0.0532914362847805 0.0)
(1.0852025747299194 -0.06717550754547119 0.0)
(1.0827099084854126 -0.06978505849838257 0.0)
(1.0929052829742432 -0.07091536372900009 0.0)
(0.40871143341064453 0.017604190856218338 0.0)
(0.23453885316848755 0.0175621397793293 0.0)
(1.1879249811172485 0.09910105168819427 0.0)
(1.1943795680999756 0.08745469152927399 0.0)
(0.9362064599990845 0.028450774028897285 0.0)
(1.0031404495239258 0.16245058178901672 0.0)
(0.9796634316444397 0.15312232077121735 0.0)
(0.9945479035377502 0.11901867389678955 0.0)
(0.07846927642822266 0.015766475349664688 0.0)
(1.0378669500350952 0.175334632396698 0.0)
(1.0492305755615234 0.17143113911151886 0.0)
(0.9085148572921753 -0.08746461570262909 0.0)
(1.0017914772033691 -0.08916618674993515 0.0)
(0.3903582692146301 0.03151832893490791 0.0)
(0.9729767441749573 0.12981446087360382 0.0)
(0.846926212310791 -0.03254948556423187 0.0)
(0.17876380681991577 0.008042107336223125 0.0)
(0.07442671060562134 0.022344516590237617 0.0)
(0.4108056426048279 -0.042841941118240356 0.0)
(0.8905308246612549 0.05781041458249092 0.0)
(0.8944602608680725 -0.09152784198522568 0.0)
(1.1084778308868408 0.04992959648370743 0.0)
(1.116936445236206 0.048140354454517365 0.0)
(1.109323263168335 0.05373603105545044 0.0)
(1.012392520904541 0.12432840466499329 0.0)
(1.0222196578979492 0.12921448051929474 0.0)
(0.9993782043457031 0.12729968130588531 0.0)
(0.8849864602088928 0.04432651773095131 0.0)
(-0.06322169303894043 0.017584729939699173 0.0)
(1.0060768127441406 -0.12266122549772263 0.0)
(0.9628348350524902 0.12924747169017792 0.0)
(0.8748545050621033 -0.0290414709597826 0.0)
(0.841469407081604 0.13250981271266937 0.0)
(1.0150442123413086 0.1714368760585785 0.0)
(0.917637825012207 0.11090602725744247 0.0)
(1.096474051475525 0.07630883902311325 0.0)
(1.1021932363510132 0.06702426820993423 0.0)
(1.0516797304153442 0.10319097340106964 0.0)
(0.943841278553009 0.1086755245923996 0.0)
(0.9855263829231262 -0.12224236130714417 0.0)
(1.1514959335327148 0.08115135133266449 0.0)
(1.1166971921920776 0.12690237164497375 0.0)
(0.7905876636505127 0.034970302134752274 0.0)
(1.1406924724578857 -0.0003539959725458175 0.0)
(0.9949479699134827 -0.11747200787067413 0.0)
(1.0189268589019775 -0.09127487987279892 0.0)
(1.1050488948822021 0.07998621463775635 0.0)
(1.1496670246124268 0.09449563175439835 0.0)
(1.1210849285125732 0.13632327318191528 0.0)
(0.9490762948989868 0.1194467544555664 0.0)
(0.3725862503051758 -0.016595378518104553 0.0)
(0.3884883522987366 0.030876213684678078 0.0)
(0.35338103771209717 0.023181287571787834 0.0)
(-0.14579284191131592 0.01368949469178915 0.0)
(-0.1848333477973938 0.007099220063537359 0.0)
(1.1438857316970825 0.05254318565130234 0.0)
(1.150993824005127 0.05973772704601288 0.0)
(1.1306371688842773 0.04847506806254387 0.0)
(0.9469388723373413 0.1054466962814331 0.0)
(1.0724475383758545 -0.07982932776212692 0.0)
(1.062904953956604 -0.08773822337388992 0.0)
(1.0831743478775024 -0.07573903352022171 0.0)
(1.1459881067276 0.030188845470547676 0.0)
(1.131852149963379 0.06433234363794327 0.0)
(1.1549580097198486 0.07102109491825104 0.0)
(0.7954261302947998 0.01946640945971012 0.0)
(0.9380409121513367 0.0067346771247684956 0.0)
(0.5241608619689941 0.0098824268206954 0.0)
(1.1521568298339844 0.03572172671556473 0.0)
(0.666114866733551 -0.08119674772024155 0.0)
(0.8208149671554565 -0.08570170402526855 0.0)
(0.8690710663795471 -0.04387771710753441 0.0)
(-0.17307597398757935 -0.010482623241841793 0.0)
(1.1995127201080322 0.019135283306241035 0.0)
(1.195918321609497 -0.015429547987878323 0.0)
(0.8501400947570801 -0.056950829923152924 0.0)
(0.5575640201568604 0.08680444955825806 0.0)
(0.6577500104904175 0.10068974643945694 0.0)
(0.42605388164520264 0.0683559775352478 0.0)
(1.154320240020752 -0.10338990390300751 0.0)
(0.8714116215705872 -0.007295035757124424 0.0)
(1.1131142377853394 0.1492653489112854 0.0)
(1.1121469736099243 0.14168263971805573 0.0)
(0.8532682061195374 -0.01964033767580986 0.0)
(1.179054856300354 -0.039327360689640045 0.0)
(1.1921817064285278 -0.029269836843013763 0.0)
(1.1602071523666382 -0.06187788397073746 0.0)
(1.1649823188781738 -0.057075172662734985 0.0)
(1.1412544250488281 -0.07222572714090347 0.0)
(1.1471641063690186 -0.0738837942481041 0.0)
(1.1248931884765625 -0.0788087248802185 0.0)
(1.1276471614837646 -0.07873190194368362 0.0)
(1.111304759979248 -0.07929728180170059 0.0)
(1.1132878065109253 -0.0844496339559555 0.0)
(-0.21398812532424927 0.0029110179748386145 0.0)
(1.0063321590423584 0.1483246237039566 0.0)
(0.8549008965492249 -0.04565135017037392 0.0)
(0.8677191138267517 -0.01899087242782116 0.0)
(1.1041074991226196 0.08340370655059814 0.0)
(1.2114150524139404 0.06896956264972687 0.0)
(0.24363833665847778 0.0002520916168577969 0.0)
(0.8956735134124756 -0.06858042627573013 0.0)
(0.8781827688217163 -0.06269758939743042 0.0)
(1.2200376987457275 0.06362289190292358 0.0)
(0.8457046151161194 -0.009662399999797344 0.0)
(0.8640620112419128 0.0054809036664664745 0.0)
(-0.04885149002075195 0.01602734811604023 0.0)
(0.03205585479736328 0.01094643771648407 0.0)
(-0.09917277097702026 0.008475336246192455 0.0)
(1.1365654468536377 0.10726244747638702 0.0)
(0.8671237826347351 -0.07380832731723785 0.0)
(-0.16868072748184204 -0.0024732223246246576 0.0)
(0.8719438314437866 0.04555736109614372 0.0)
(0.4729911983013153 -0.061635132879018784 0.0)
(1.1128506660461426 0.07071767002344131 0.0)
(1.1193346977233887 0.07889766991138458 0.0)
(1.1034349203109741 0.1245800331234932 0.0)
(-0.017273008823394775 0.022230852395296097 0.0)
(0.9397209286689758 0.034492701292037964 0.0)
(1.1669834852218628 0.017188314348459244 0.0)
(0.39100944995880127 -0.04265715926885605 0.0)
(0.4912205636501312 -0.07137685269117355 0.0)
(1.1702464818954468 0.0769725814461708 0.0)
(1.1016279458999634 0.15313737094402313 0.0)
(0.864643931388855 0.029335837811231613 0.0)
(1.1314995288848877 0.11623109877109528 0.0)
(1.0277925729751587 0.1678050458431244 0.0)
(1.1808041334152222 0.07888051122426987 0.0)
(0.23974859714508057 0.035258177667856216 0.0)
(1.146836519241333 0.12420962005853653 0.0)
(1.1356041431427002 0.1269366443157196 0.0)
(1.1463418006896973 0.11117227375507355 0.0)
(1.1567575931549072 0.10990606993436813 0.0)
(0.7601235508918762 0.03113013692200184 0.0)
(0.3282577395439148 0.03413860499858856 0.0)
(0.9089550375938416 0.05166082829236984 0.0)
(1.1619929075241089 0.08279642462730408 0.0)
(0.8822525143623352 0.07206832617521286 0.0)
(0.42476385831832886 0.0015342878177762032 0.0)
(0.8069496750831604 -0.09305351972579956 0.0)
(0.6591067910194397 -0.08123288303613663 0.0)
(0.9541311264038086 -0.09398636966943741 0.0)
(1.1427745819091797 0.07066258788108826 0.0)
(1.113074779510498 0.06296521425247192 0.0)
(1.2190314531326294 -0.015745727345347404 0.0)
(-0.012427091598510742 -0.02436845749616623 0.0)
(1.2094993591308594 -0.0036755052860826254 0.0)
(1.2023301124572754 0.02166677825152874 0.0)
(1.190239429473877 -0.04718709737062454 0.0)
(1.1937081813812256 0.05298161134123802 0.0)
(1.1586140394210815 0.10094072669744492 0.0)
(1.167019248008728 0.09498517215251923 0.0)
(0.9977045059204102 0.13863560557365417 0.0)
(-0.1948513388633728 0.009541639126837254 0.0)
(1.1918290853500366 0.07775859534740448 0.0)
(0.984076976776123 0.13975422084331512 0.0)
(0.724364697933197 0.060197751969099045 0.0)
(1.0496344566345215 0.1610761284828186 0.0)
(1.060806393623352 0.15598687529563904 0.0)
(-0.14805036783218384 0.0018712978344410658 0.0)
(-0.20134061574935913 0.005810603965073824 0.0)
(-0.12569159269332886 0.009013236500322819 0.0)
(0.8512960076332092 0.004242850933223963 0.0)
(1.1979886293411255 0.06654277443885803 0.0)
(1.1980162858963013 -0.01183253899216652 0.0)
(0.16572630405426025 -0.0043434263207018375 0.0)
(0.05030500888824463 0.0029628975316882133 0.0)
(1.022831678390503 0.1410422921180725 0.0)
(1.1911439895629883 0.025260234251618385 0.0)
(0.929639995098114 -0.09699149429798126 0.0)
(1.0344487428665161 0.15042491257190704 0.0)
(1.0769212245941162 0.1374223828315735 0.0)
(0.3935704827308655 -0.04407025873661041 0.0)
(0.03279012441635132 0.036827243864536285 0.0)
(0.30348753929138184 0.007978449575603008 0.0)
(0.33140116930007935 -0.023716066032648087 0.0)
(1.178661584854126 -0.04997773841023445 0.0)
(-0.17885369062423706 0.0011001708917319775 0.0)
(-0.20336562395095825 0.0009635080932639539 0.0)
(1.1813557147979736 0.09436028450727463 0.0)
(1.0970834493637085 0.09170103073120117 0.0)
(0.9947155117988586 0.10239607840776443 0.0)
(1.1029020547866821 0.0886157676577568 0.0)
(1.1353158950805664 0.0850067213177681 0.0)
(1.1745129823684692 0.09844452887773514 0.0)
(0.4894609749317169 -0.008396203629672527 0.0)
(0.8068050146102905 -0.00030686447280459106 0.0)
(1.2046033143997192 0.03122114948928356 0.0)
(1.095733404159546 -0.08418074250221252 0.0)
(1.1348142623901367 -0.06940999627113342 0.0)
(1.08273184299469 -0.09029243141412735 0.0)
(1.0121852159500122 -0.0800871029496193 0.0)
(1.0559154748916626 -0.09873883426189423 0.0)
(1.0011022090911865 -0.09761123359203339 0.0)
(1.0471208095550537 -0.09343098849058151 0.0)
(0.9840338826179504 -0.10352147370576859 0.0)
(1.0936450958251953 -0.07880277186632156 0.0)
(0.4428768754005432 -0.057735785841941833 0.0)
(0.6649109125137329 -0.08972004055976868 0.0)
(1.2149773836135864 0.05018220841884613 0.0)
(1.1691557168960571 0.0015330647584050894 0.0)
(1.203717589378357 0.04243195429444313 0.0)
(0.8280485272407532 -0.10040809214115143 0.0)
(-0.08770006895065308 0.003804817097261548 0.0)
(-0.02060067653656006 0.0003252848400734365 0.0)
(-0.1271236538887024 -0.0009900208096951246 0.0)
(0.14056265354156494 0.03212685510516167 0.0)
(0.23795479536056519 0.03378002718091011 0.0)
(1.0648610591888428 0.14290393888950348 0.0)
(1.1008061170578003 0.1360175907611847 0.0)
(1.12095046043396 0.08127029985189438 0.0)
(-0.07161206007003784 0.021990889683365822 0.0)
(1.2227140665054321 0.03488996624946594 0.0)
(1.135854959487915 0.0707036480307579 0.0)
(0.7122879028320312 0.10776747018098831 0.0)
(0.8736942410469055 0.09981834143400192 0.0)
(1.0942597389221191 0.14290285110473633 0.0)
(1.1693086624145508 -0.04220869764685631 0.0)
(1.0856209993362427 0.14131410419940948 0.0)
(1.098675012588501 0.09785670042037964 0.0)
(1.0875364542007446 0.09523414820432663 0.0)
(1.0390862226486206 0.10046259313821793 0.0)
(1.2153877019882202 0.02215174399316311 0.0)
(1.2136646509170532 0.005539331119507551 0.0)
(1.1256049871444702 0.06284620612859726 0.0)
(1.0629985332489014 -0.08726224303245544 0.0)
(-0.21185225248336792 0.011427021585404873 0.0)
(0.4444855749607086 -0.054783374071121216 0.0)
(0.3961150050163269 0.06402712315320969 0.0)
(0.285433828830719 0.034753017127513885 0.0)
(0.5948106646537781 0.10539817810058594 0.0)
(0.7248525023460388 0.10188329219818115 0.0)
(0.451101154088974 0.07953181862831116 0.0)
(0.3043949604034424 0.0836736410856247 0.0)
(1.035219430923462 -0.013410554267466068 0.0)
(0.8443738222122192 -0.008034204132854939 0.0)
(1.0764093399047852 -0.057677946984767914 0.0)
(-0.17803794145584106 0.015994558110833168 0.0)
(-0.1612255573272705 0.01199381798505783 0.0)
(0.10303252935409546 0.04628268629312515 0.0)
(1.0534723997116089 -0.09442359209060669 0.0)
(0.3603491187095642 -0.007936878129839897 0.0)
(0.1892157793045044 -0.005903052166104317 0.0)
(1.1909962892532349 -0.007963423617184162 0.0)
(1.0562571287155151 -0.08774509280920029 0.0)
(1.016401767730713 -0.09943795204162598 0.0)
(1.1737816333770752 -0.007974058389663696 0.0)
(0.295379102230072 -0.02484774775803089 0.0)
(0.27683645486831665 -0.056479986757040024 0.0)
(0.8352217078208923 -0.10872609168291092 0.0)
(1.1150200366973877 -0.03894391655921936 0.0)
(1.050614356994629 0.14054568111896515 0.0)
(0.8102386593818665 -0.06720619648694992 0.0)
(-0.20406872034072876 0.0019305238965898752 0.0)
(0.6009823083877563 -0.08806214481592178 0.0)
(1.0403029918670654 -0.02917851135134697 0.0)
(0.5793923139572144 -0.09822256118059158 0.0)
(0.6058553457260132 -0.10325726121664047 0.0)
(0.4885988235473633 -0.11640360206365585 0.0)
(0.4355224370956421 -0.09917252510786057 0.0)
(1.1273550987243652 0.052482035011053085 0.0)
(-0.049088478088378906 -0.004541650414466858 0.0)
(-0.07048779726028442 0.01110892929136753 0.0)
(-0.17034417390823364 -0.014576219022274017 0.0)
(0.7419150471687317 0.11085503548383713 0.0)
(0.8758335709571838 0.11912061274051666 0.0)
(0.15220612287521362 0.08129405230283737 0.0)
(0.34850382804870605 0.0968933254480362 0.0)
(-0.2090781331062317 0.015453415922820568 0.0)
(0.6355493068695068 -0.08617419004440308 0.0)
(0.44095882773399353 -0.10854383558034897 0.0)
(0.5533815622329712 -0.08495857566595078 0.0)
(1.0449132919311523 0.15002880990505219 0.0)
(1.0840568542480469 -0.08029261231422424 0.0)
(0.8479077816009521 -0.05093279108405113 0.0)
(-0.06410443782806396 0.023751143366098404 0.0)
(0.6474447846412659 -0.01728038862347603 0.0)
(0.3764701187610626 -0.01671026647090912 0.0)
(0.6827405095100403 -0.06751147657632828 0.0)
(0.29036056995391846 -0.1048302948474884 0.0)
(-0.20504003763198853 0.0034748422913253307 0.0)
(0.8164966106414795 0.10857682675123215 0.0)
(0.6940516233444214 0.11030492931604385 0.0)
(0.654876708984375 0.10656328499317169 0.0)
(0.09100490808486938 -0.005600732285529375 0.0)
(-0.005122184753417969 0.002905310830101371 0.0)
(0.2095484733581543 -0.008164601400494576 0.0)
(-0.1188347339630127 -0.004661544691771269 0.0)
(-0.1345873475074768 0.0025995816104114056 0.0)
(-0.20293229818344116 0.002155587775632739 0.0)
(-0.16252601146697998 -0.012496200390160084 0.0)
(-0.176702082157135 -0.0048268442042171955 0.0)
(-0.12765514850616455 0.0025883580092340708 0.0)
(-0.20102053880691528 -0.011702976189553738 0.0)
(-0.20160847902297974 0.000893504184205085 0.0)
(-0.04896867275238037 0.014308278448879719 0.0)
(0.15529972314834595 -0.07439938932657242 0.0)
(0.3858889639377594 0.07722333818674088 0.0)
(0.4397171437740326 0.09220294654369354 0.0)
(0.24090242385864258 0.032801397144794464 0.0)
(-0.14739400148391724 -0.00011505537258926779 0.0)
(-0.07431262731552124 -0.007476565893739462 0.0)
(-0.09677630662918091 -0.01899074576795101 0.0)
(0.7072817087173462 -0.04825228452682495 0.0)
(-0.13876479864120483 -0.017373567447066307 0.0)
(0.3132081627845764 -0.07734156399965286 0.0)
(-0.17066222429275513 -0.03909098356962204 0.0)
(0.2784956693649292 0.09811375290155411 0.0)
(0.094363272190094 0.08545706421136856 0.0)
(0.4369911253452301 0.10067344456911087 0.0)
(0.09333783388137817 -0.00871649757027626 0.0)
(0.2080860733985901 -0.01573813706636429 0.0)
)
;

boundaryField
{
    prof_extruded
    {
        type            fixedValue;
        value           uniform (0 0 0);
    }
    free_extruded
    {
        type            slip;
    }
    in_extruded
    {
        type            fixedValue;
        value           uniform (1 0 0);
    }
    out_extruded
    {
        type            inletOutlet;
        inletValue      uniform (0 0 0);
        value           nonuniform List<vector>
40
(
(1.0236313343048096 -0.0014373825397342443 0.0)
(1.0232561826705933 0.0029146969318389893 0.0)
(1.024055004119873 0.004606103990226984 0.0)
(1.0255908966064453 0.008649026975035667 0.0)
(1.0279786586761475 0.011399412527680397 0.0)
(1.0325900316238403 0.013466767966747284 0.0)
(1.034949541091919 0.01561207789927721 0.0)
(1.0379575490951538 0.016058580949902534 0.0)
(1.0339090824127197 0.014463353902101517 0.0)
(0.8882856965065002 0.012172097340226173 0.0)
(0.7667883038520813 0.0014644304756075144 0.0)
(0.8375169038772583 -0.010138786397874355 0.0)
(1.0206304788589478 -0.016137678176164627 0.0)
(1.0409704446792603 -0.015897857025265694 0.0)
(1.0392348766326904 -0.015771789476275444 0.0)
(1.0353567600250244 -0.01465323381125927 0.0)
(1.0315738916397095 -0.013110513798892498 0.0)
(1.0277007818222046 -0.009426236152648926 0.0)
(1.0261600017547607 -0.006758642848581076 0.0)
(1.0247244834899902 -0.003925615921616554 0.0)
(1.023780345916748 0.0033280476927757263 0.0)
(1.024914026260376 0.006664880085736513 0.0)
(1.0265849828720093 0.010494612157344818 0.0)
(1.0301350355148315 0.012338494881987572 0.0)
(1.0335127115249634 0.014451639726758003 0.0)
(1.0367292165756226 0.01629244163632393 0.0)
(1.0390452146530151 0.016292449086904526 0.0)
(0.9836674332618713 0.015390590764582157 0.0)
(0.8091931939125061 0.008367946371436119 0.0)
(0.7767048478126526 -0.004477564711123705 0.0)
(0.9500054121017456 -0.013619677163660526 0.0)
(1.0381708145141602 -0.015456745401024818 0.0)
(1.0406535863876343 -0.015875007957220078 0.0)
(1.03719162940979 -0.015266736969351768 0.0)
(1.0335980653762817 -0.013989562168717384 0.0)
(1.0291634798049927 -0.01131371408700943 0.0)
(1.0267060995101929 -0.008306561969220638 0.0)
(1.0252430438995361 -0.005003388039767742 0.0)
(1.0235389471054077 -0.0027933726087212563 0.0)
(1.0223596096038818 0.0007689189515076578 0.0)
)
    ;
        }
        defaultFaces
        {
            type            empty;
        }
    }


    // ************************************************************************* //